The modder has not chosen to include their source code.
Files:
CalamityMod.dll
You can find this mod's .dll files under C:\Users\KDude\Documents\My Games\Terraria\tModLoader\ModSources\ModAssemblies for easy mod collaboration!
CalamityMod.pdb
build.txt
Sounds/Item/AscendantOff.ogg
description_workshop.txt
description.txt
Sounds/Custom/SCalSounds/BrimstoneMonsterSpawn.ogg
icon.png
Sounds/Item/AstralSlash1.ogg
Sounds/Custom/SCalSounds/BrimstoneShoot.ogg
Sounds/Item/AstralSlash2.ogg
Sounds/Custom/SCalSounds/BrothersDeath1.ogg
Sounds/Item/AstralSlash3.ogg
Sounds/Custom/SCalSounds/BrothersDeath2.ogg
Sounds/Item/AugerBigSlash.ogg
Sounds/Custom/SCalSounds/BrothersHurt1.ogg
Sounds/Item/AugerHit.ogg
Sounds/Custom/SCalSounds/BrothersHurt2.ogg
Sounds/Item/AugerPull.ogg
Sounds/Custom/SCalSounds/CatastropheResonanceSlash.ogg
Sounds/Item/AugerSlash1.ogg
Sounds/Custom/SCalSounds/GFBDrone.ogg
Sounds/Item/AugerSlash2.ogg
Sounds/Custom/SCalSounds/SCalDash.ogg
Sounds/Item/AugerWindup.ogg
Sounds/Custom/SCalSounds/SCalEndBH.ogg
Sounds/Item/AuricBulletHit.ogg
Sounds/Custom/SCalSounds/SCalRumble.ogg
Sounds/Item/BatholithBangleSound.ogg
Sounds/Custom/SCalSounds/SepulcherSpawn.ogg
Sounds/Item/BlackGlassBandSound.ogg
Sounds/Custom/SCalSounds/SupremeCalamitasGiveUp.ogg
Sounds/Item/BlazingCoreParry.ogg
Sounds/Custom/Yharon/YharonFire.ogg
Sounds/Item/BlazingCoreParryActivate.ogg
Sounds/Custom/Yharon/YharonFireball1.ogg
Sounds/Item/BloodOrangeConsume.ogg
Sounds/Custom/Yharon/YharonFireball2.ogg
Sounds/Item/BreakAndReform.ogg
Sounds/Custom/Yharon/YharonFireball3.ogg
Sounds/Item/CalamityBell.ogg
Sounds/Custom/Yharon/YharonFireOrb.ogg
Sounds/Item/CeaselessVoidSpawn.ogg
Sounds/Custom/Yharon/YharonInfernado.ogg
Sounds/Item/ChainPull.ogg
Sounds/Custom/Yharon/YharonRoar.ogg
Sounds/Item/ClamImpact.ogg
Sounds/Custom/Yharon/YharonRoarShort.ogg
Sounds/Item/CometShardUse.ogg
Sounds/Item/GFBScreams/Scream1.ogg
Sounds/Item/CrackshotColtShot.ogg
Items/Placeables/Furniture/ChaosCandle_Flame.png
Sounds/Item/GFBScreams/Scream2.ogg
icon_small.png
Sounds/Item/CrystylCharge.ogg
Sounds/Item/GFBScreams/Scream3.ogg
Gores/ProfanedGuardianBossGores/ProfanedGuardianBossH3.png
Items/Armor/Aerospec/AerospecBreastplate.png
Sounds/Item/CursedDaggerThrow.ogg
Projectiles/Rogue/PumpkaboomBig.png
Tiles/FurnitureSilva/SilvaBench_Highlight.png
Sounds/Item/GFBScreams/Scream4.ogg
Buffs/Summon/ProfanedSoulGuardians.png
Sounds/Item/DampExplosion.ogg
Sounds/Item/GFBScreams/Scream5.ogg
Sounds/Item/DashSound.ogg
Gores/ProfanedGuardianBossGores/ProfanedGuardianBossH4.png
Items/Potions/Food/Baguette.png
Projectiles/Magic/RougeSlashSmall.png
Sounds/Item/GFBScreams/Scream6.ogg
Sounds/Item/DeadSunExplosion.ogg
Sounds/Item/GFBScreams/Scream7.ogg
Sounds/Item/DeadSunRicochet.ogg
Projectiles/Rogue/RealityRuptureMini.png
Gores/ProfanedGuardianBossGores/ProfanedGuardianBossT.png
Sounds/Item/DeadSunShot.ogg
Sounds/Item/GFBScreams/Scream8.ogg
Tiles/FurnitureSilva/SilvaBookcase.png
Sounds/Item/DemonSwordFinalStrike.ogg
Projectiles/Magic/SanguineFlareProj.png
Items/Weapons/Rogue/EclipsesFall.png
Projectiles/Magic/SerpentineBody.png
Gores/ProfanedGuardianBossGores/ProfanedGuardianBossT2.png
Projectiles/Magic/SerpentineHead.png
NPCs/NormalNPCs/CrawlerAmethyst.png
Items/Placeables/Furniture/CorruptionEffigy.png
Sounds/Item/DemonSwordImpact1.ogg
Tiles/FurnitureSilva/SilvaCandelabra.png
Projectiles/Magic/SerpentineTail.png
Items/Materials/DarkPlasma.png
Tiles/DraedonStructures/LaboratoryShelf.png
Projectiles/Magic/ShadecrystalProjectile.png
Gores/ProfanedGuardianBossGores/ProfanedGuardianBossT3.png
Items/Placeables/Furniture/CrimsonEffigy.png
Sounds/Item/DemonSwordImpact2.ogg
Tiles/FurnitureSilva/SilvaCandle.png
Buffs/Summon/PuffWarriorBuff.png
Sounds/Item/MittWelding/Weld1.ogg
Items/Potions/Food/Barberry.png
Sounds/Item/MittWelding/Weld2.ogg
Tiles/FurnitureSilva/SilvaChair.png
Items/Weapons/Rogue/EclipsesFallGlow.png
Sounds/Item/MittWelding/Weld3.ogg
Sounds/Item/DemonSwordInsaneImpact.ogg
Sounds/Item/MittWelding/Weld4.ogg
Projectiles/Magic/ShadeNimbusCloud.png
Tiles/FurnitureSilva/SilvaChair_Highlight.png
Items/Potions/Food/BlasphemousDonut.png
Buffs/Summon/RareSandElemental.png
NPCs/NormalNPCs/CrawlerCrystal.png
Gores/ProfanedGuardianBossGores/ProfanedGuardianBossT4.png
Sounds/Item/DemonSwordKillMode.ogg
Projectiles/Magic/Shaderain.png
Sounds/Item/MittWelding/Weld5.ogg
Sounds/Item/NanoblackReaper/NanoblackReaper_LightspeedMiss.ogg
Sounds/Item/DemonSwordKillModeOffCooldown.ogg
Buffs/Summon/ResurrectionButterflyBuff.png
Projectiles/Rogue/RefractionRotorGlowmask.png
Sounds/Item/NanoblackReaper/NanoblackReaper_LightspeedMissPerfect.ogg
Items/Placeables/Furniture/EffigyOfDecay.png
Items/Placeables/Furniture/GloomTorch.png
Sounds/Item/NanoblackReaper/NanoblackReaper_LightspeedSlash.ogg
Sounds/Item/DemonSwordStrongImpact.ogg
Items/Placeables/Furniture/GloomTorch_Flame.png
Buffs/Summon/SageSpiritBuff.png
Gores/ProfanedGuardianBossGores/ProfanedRocksGore1.png
Sounds/Item/NanoblackReaper/NanoblackReaper_LightspeedSlash1.ogg
Items/Weapons/Rogue/EnchantedAxe.png
Items/Placeables/Furniture/KelpTorch.png
Tiles/FurnitureSilva/SilvaChandelier.png
Sounds/Item/NanoblackReaper/NanoblackReaper_LightspeedSlash2.ogg
Sounds/Item/DemonSwordSwing1.ogg
Sounds/Item/NanoblackReaper/NanoblackReaper_LightspeedSlash3.ogg
Items/Weapons/Rogue/EpidemicShredder.png
Sounds/Item/DemonSwordSwing2.ogg
Sounds/Item/NanoblackReaper/NanoblackReaper_PerfectLightspeedSlash.ogg
NPCs/NormalNPCs/CrawlerDiamond.png
Buffs/Summon/SandElemental.png
Items/Potions/Food/Cometfruit.png
Tiles/FurnitureSilva/SilvaChest.png
Gores/ProfanedGuardianBossGores/ProfanedRocksGore2.png
Sounds/Item/Saxophone/Sax1.ogg
Sounds/Item/DoomsdayDeviceImpact.ogg
Items/Weapons/Rogue/Equanimity.png
Buffs/Summon/Sandnado.png
Tiles/FurnitureSilva/SilvaChest_Highlight.png
Items/Placeables/Furniture/KelpTorch_Flame.png
Sounds/Item/Saxophone/Sax2.ogg
Sounds/Item/DragonfruitConsume.ogg
Buffs/Summon/SarosPossessionBuff.png
Projectiles/Rogue/SamsaraSlicerSmallDisk.png
Items/Materials/DarksunFragment.png
Projectiles/Magic/ShadowPlatform.png
Items/Weapons/Rogue/ExecutionersBlade.png
Gores/ProfanedGuardianBossGores/ProfanedRocksGore3.png
Items/Potions/Food/DeliciousMeat.png
Items/Placeables/Furniture/LanternCenter.png
Projectiles/Magic/ShiftingSandsProj.png
Buffs/Summon/SeaSnailBuff.png
Items/Placeables/Furniture/NavyPrismTorch.png
Tiles/FurnitureSilva/SilvaClock.png
Items/Armor/Aerospec/AerospecBreastplate_Body.png
Items/Placeables/Furniture/NavyPrismTorch_Flame.png
Tiles/DraedonStructures/LaboratoryTerminal.png
Items/Materials/DarksunFragmentGlow.png
NPCs/NormalNPCs/CrawlerEmerald.png
Items/Weapons/Rogue/ExecutionersBladeGlow.png
Items/Potions/Food/HadalStew.png
Buffs/Summon/SepulcherMinionBuff.png
Sounds/Item/DragonsBreathStrongStart.ogg
Tiles/FurnitureSilva/SilvaClock_Highlight.png
Sounds/Item/Saxophone/Sax3.ogg
Items/Materials/DepthCells.png
Sounds/Item/DudFire.ogg
Sounds/Item/Saxophone/Sax4.ogg
Items/Placeables/Furniture/PiggyCage.png
Tiles/DraedonStructures/LaboratoryTerminalGlow.png
Sounds/Item/Saxophone/Sax5.ogg
Sounds/Item/EarthMeteor.ogg
Projectiles/Rogue/SandDollarFrag1.png
Items/Materials/DivineGeode.png
Sounds/Item/Saxophone/Sax6.ogg
Items/Armor/Aerospec/AerospecHeadMagic.png
Buffs/Summon/ShellfishBuff.png
Sounds/Item/EffervescenceBurst.ogg
Sounds/Item/Summon/SarosFiring.ogg
Projectiles/Rogue/SandDollarFrag2.png
Sounds/Item/EffervescenceFire.ogg
Items/Materials/DubiousPlating.png
Sounds/Item/Summon/SarosSpawn.ogg
Gores/ProfanedGuardianBossGores/ProfanedRocksGore4.png
Sounds/Item/EffervescencePop.ogg
Projectiles/Rogue/SandDollarFrag3.png
Projectiles/Magic/SHPB.png
Sounds/Item/UnstableCastersGauntlet/AerSigilGust.ogg
Sounds/Item/ElderberryConsume.ogg
Sounds/Item/UnstableCastersGauntlet/AquaSigilExplosion.ogg
Buffs/Summon/SilvaCrystalBuff.png
Items/Weapons/Rogue/Exorcism.png
Sounds/Item/ElectricBurst.ogg
Sounds/Item/UnstableCastersGauntlet/AquaSigilShot.ogg
Tiles/DraedonStructures/OnyxExcavatorTile.png
Sounds/Item/ElectricHit.ogg
NPCs/NormalNPCs/CrawlerRuby.png
Sounds/Item/ELRFire.ogg
Items/Potions/Food/Jackfruit.png
Projectiles/Rogue/ScarletDevilBullet.png
Items/Weapons/Rogue/FantasyTalisman.png
Sounds/Item/EtherealCoreUse.ogg
Items/Placeables/Furniture/RefractivePrismTorch.png
Sounds/Item/Evernote.ogg
Items/Placeables/Furniture/RefractivePrismTorch_Flame.png
Items/Weapons/Rogue/FeatherKnife.png
Sounds/Item/ExobladeBeamSlash.ogg
Gores/ProfanedGuardianBossGores/ProfanedRocksGore5.png
Sounds/Item/ExobladeBigHit.ogg
Sounds/Item/ExobladeBigSwing.ogg
Sounds/Item/UnstableCastersGauntlet/IgnisSigilHit.ogg
Sounds/Item/ExobladeDash.ogg
Items/Placeables/Furniture/RepairUnitCage.png
Items/Materials/EffulgentFeather.png
Sounds/Item/ExobladeDashImpact.ogg
Gores/ProfanedGuardianBossGores/ProfanedRocksGore6.png
Items/Potions/Food/LavaChickenBroth.png
Buffs/Summon/SiriusBuff.png
Sounds/Item/ExobladeSwing.ogg
Gores/Rotdog/Rotdog1.png
Sounds/Item/FallenPaladinsHammerBigImpact.ogg
Sounds/Item/FallenPaladinsHammerClone.ogg
Buffs/Summon/SkeletalDragonsBuff.png
Gores/Rotdog/Rotdog2.png
Items/Potions/Food/Lotus.png
Items/Placeables/Furniture/ResilientCandle.png
Gores/Rotdog/Rotdog3.png
Items/Materials/EndothermicEnergy.png
Tiles/FurnitureSilva/SilvaCrystal.png
Sounds/Item/FestiveJingle.ogg
Items/Placeables/Furniture/RustyChest.png
Items/Armor/Aerospec/AerospecHeadMagic_Head.png
Buffs/Summon/SmallSkeletonBuff.png
Sounds/Item/FinalDawnSlash.ogg
Projectiles/Rogue/ScourgeVenomCloud.png
Items/Potions/Food/Mangosteen.png
Items/Armor/Aerospec/AerospecHeadMelee.png
Tiles/FurnitureSilva/SilvaDoorClosed.png
NPCs/NormalNPCs/CrawlerSapphire.png
Items/Placeables/Furniture/SeaMinnowJar.png
Items/Weapons/Rogue/FishboneBoomerang.png
Buffs/Summon/SnakeEyesBuff.png
Items/Potions/Food/Salak.png
Sounds/Item/FireImplosion.ogg
Tiles/FurnitureSilva/SilvaDoorClosed_Highlight.png
Items/Materials/EndothermicEnergyGlow.png
Projectiles/Rogue/SeafoamBombProj.png
Items/Weapons/Rogue/FrostcrushValari.png
Sounds/Item/FlakKrakenShoot.ogg
Gores/Rotdog/Rotdog4.png
Buffs/Summon/SolarGodSpiritBuff.png
Items/Potions/Food/ShroomBowl.png
Items/Weapons/Rogue/FrostyFlare.png
Items/Materials/EnergyCore.png
Sounds/Item/FlareSound.ogg
Sounds/Item/FrigidflashCharge.ogg
Items/SummonItems/Invasion/CausticTear.png
Items/Weapons/Rogue/GacruxianMollusk.png
Items/Materials/EssenceofEleum.png
Sounds/Item/FrigidflashDeath.ogg
Tiles/FurnitureSilva/SilvaDoorOpen.png
Sounds/Item/FrigidflashUse.ogg
Items/SummonItems/Invasion/MartianDistressRemote.png
NPCs/NormalNPCs/CrawlerTopaz.png
Items/Materials/EssenceofHavoc.png
Items/Weapons/Rogue/GelDart.png
Sounds/Item/FuguBlow.ogg
Tiles/FurnitureSilva/SilvaDoorOpen_Highlight.png
Items/Materials/EssenceofSunlight.png
Gores/ScavengerGores/RockPillar.png
Buffs/Summon/SolarSpirit.png
Items/Materials/ExoPrism.png
Sounds/Item/UnstableCastersGauntlet/PerditoSigilHit1.ogg
Items/Weapons/Rogue/GhoulishGouger.png
Tiles/FurnitureSilva/SilvaDresser.png
Gores/ScavengerGores/RockPillar2.png
Buffs/Summon/SoulSeekerBuff.png
Items/Weapons/Rogue/GhoulishGougerGlow.png
Gores/ScavengerGores/RockPillar3.png
Sounds/Item/GalaxySmasherClone.ogg
Items/Armor/Aerospec/AerospecHeadMelee_Head.png
Sounds/Item/UnstableCastersGauntlet/PerditoSigilHit2.ogg
Buffs/Summon/StellarTorusBuff.png
Items/Weapons/Rogue/GildedDagger.png
Sounds/Item/GalaxySmasherSmash.ogg
Sounds/Item/UnstableCastersGauntlet/VisNeedleFire.ogg
Items/Armor/Aerospec/AerospecHeadRanged.png
Sounds/Item/GeliticBladeSwing1.ogg
Buffs/Summon/TacticalPlagueEngineBuff.png
Items/Weapons/Rogue/Glaive.png
Gores/ScavengerGores/RockPillar4.png
Sounds/Item/GeliticBladeSwing2.ogg
Tiles/Abyss/AbyssAmbient/AbyssGiantKelp1.png
Items/Weapons/Rogue/GleamingDagger.png
Gores/ScavengerGores/RockPillar5.png
Buffs/Summon/TundraFlameBlossomsBuff.png
Sounds/Item/GunShotBig.ogg
Items/Weapons/Rogue/GodsParanoia.png
Sounds/Item/GunShotHeavy.ogg
Tiles/Abyss/AbyssAmbient/AbyssGiantKelp1Glow.png
Sounds/Item/GunShotMid.ogg
Buffs/Summon/ValkyrieBuff.png
Tiles/FurnitureSilva/SilvaDresser_Highlight.png
Gores/ScavengerGores/RockPillar6.png
Sounds/Item/GunShotSmall.ogg
Items/Weapons/Rogue/GraveGrimreaver.png
Sounds/Item/GunShotSmallAlt.ogg
Tiles/FurnitureSilva/SilvaLamp.png
Projectiles/Rogue/SealedSingularityBlackhole.png
NPCs/NormalNPCs/CrimulanBlightSlime.png
Sounds/Item/HadalUrnClose.ogg
Items/Weapons/Rogue/HardenedHoneycomb.png
Projectiles/Rogue/SealedSingularityGore.png
Sounds/Item/HadalUrnOpen.ogg
Tiles/FurnitureSilva/SilvaLantern.png
Sounds/Item/HalleysInfernoHit.ogg
Projectiles/Rogue/SealedSingularityGore2.png
Sounds/Item/HalleysInfernoShoot.ogg
Projectiles/Rogue/SealedSingularityGore3.png
Sounds/Item/HarpEnd.ogg
Items/Weapons/Rogue/HeavenfallenStardisk.png
Tiles/FurnitureSilva/SilvaPiano.png
Sounds/Item/HarpLV1.ogg
Sounds/Item/HarpLV2.ogg
Sounds/Item/HarpLV3.ogg
Items/Armor/Aerospec/AerospecHeadRanged_Head.png
Gores/ScavengerGores/ScavengerBody.png
Items/Placeables/Furniture/SpitefulCandle.png
Sounds/Item/HarpLV4.ogg
Sounds/Item/HarpLV5.ogg
Sounds/Item/HarpLV6.ogg
Sounds/Item/HarpNoteHit.ogg
Buffs/Summon/VileFeederBuff.png
Sounds/Item/Heartbeat.ogg
Items/Materials/GalacticaSingularity.png
Tiles/FurnitureSilva/SilvaPlatform.png
Items/SummonItems/Invasion/MartianDistressRemote_Animated.png
NPCs/NormalNPCs/Cryon.png
Sounds/Item/HeavenlyGaleFire.ogg
Buffs/Summon/ViridVanguardBuff.png
Items/Placeables/Furniture/SulphurousTorch.png
Projectiles/Rogue/SeraphimAngelicLight.png
Items/Materials/GrandScale.png
Items/Weapons/Rogue/Hypothermia.png
Sounds/Item/HeavyDig.ogg
Tiles/FurnitureSilva/SilvaSink.png
Items/Placeables/Furniture/SulphurousTorch_Flame.png
Items/Armor/Aerospec/AerospecHeadRogue.png
Buffs/Summon/ViriliBuff.png
Items/Tools/ClimateChange/AridArtifact.png
Sounds/Item/HeavySwing.ogg
Items/Materials/InfectedArmorPlating.png
Sounds/Item/HeliumFlashCharge.ogg
Items/Weapons/Rogue/Icebreaker.png
Items/Placeables/Furniture/ThaumaticChair.png
Gores/ScavengerGores/ScavengerBody2.png
Tiles/FurnitureSilva/SilvaTable.png
Sounds/Item/HeliumFlashCoreImpact.ogg
Items/Placeables/Furniture/ThermalTorch.png
Buffs/Summon/VoidConcentrationBuff.png
Items/Materials/LifeAlloy.png
Items/Placeables/Furniture/ThermalTorch_Flame.png
NPCs/NormalNPCs/CryoSlime.png
Items/Weapons/Rogue/IceStar.png
Tiles/FurnitureSilva/SilvaWorkBench.png
Sounds/Item/HeliumFlashDudFire.ogg
Items/Placeables/Furniture/TranquilityCandle.png
Items/Materials/LivingShard.png
Projectiles/Rogue/SeraphimBeamLarge.png
Items/Weapons/Rogue/IchorSpear.png
Sounds/Item/HeliumFlashExplodeNoMetal.ogg
Items/Tools/ClimateChange/Bakidon.png
Items/Weapons/Rogue/InfernalKris.png
Sounds/Item/HeliumFlashFire.ogg
Projectiles/Rogue/SeraphimDagger.png
Buffs/Summon/VoidEaterMarionetteBuff.png
Items/Materials/Lumenyl.png
Items/Placeables/Furniture/TranquilityCandle_Flame.png
Sounds/Item/HeliumFlashFullChargeLoop.ogg
Items/Weapons/Rogue/InfestedClawmerang.png
Sounds/Item/HeliumFlashReady.ogg
Buffs/Summon/WaterElemental.png
Sounds/Item/HeliumFlashSteamRelease.ogg
Items/Placeables/Furniture/TwinklerInABottle.png
Items/Weapons/Rogue/IronFrancisca.png
Gores/ScavengerGores/ScavengerBody3.png
Sounds/Item/HellbornImpact.ogg
Projectiles/Rogue/ShatteredDawnScorchedBlade.png
Sounds/Item/HellbornReload.ogg
Buffs/Summon/WitherBlossomsBuff.png
Items/Placeables/Furniture/VigorousCandle.png
Sounds/Item/HellbornShoot.ogg
Items/Placeables/Furniture/VoidTorch.png
Projectiles/Rogue/ShockBolt.png
Sounds/Item/HellkiteBigHit1.ogg
Items/Weapons/Rogue/JawsOfOblivion.png
Items/Placeables/Furniture/VoidTorch_Flame.png
Sounds/Item/HellkiteBigHit2.ogg
Buffs/Summon/WulfrumDroidBuff.png
Tiles/Abyss/AbyssAmbient/AbyssGiantKelp2.png
Projectiles/Rogue/ShockBolt2.png
Items/Placeables/Furniture/WeightlessCandle.png
Projectiles/Rogue/SkyBomberGas.png
Tiles/Abyss/AbyssAmbient/AbyssGiantKelp2Glow.png
Items/Tools/ClimateChange/Cosmolight.png
Items/Placeables/Furniture/WulfrumLureItem.png
Items/Tools/ClimateChange/TorrentialTear.png
Gores/ScavengerGores/ScavengerBody4.png
Projectiles/Rogue/SlickCaneProjectileAlt.png
Tiles/Abyss/AbyssAmbient/AbyssGiantKelp3.png
Items/Armor/Aerospec/AerospecHeadRogue_Head.png
CalPlayer/DrawLayers/AmidiasBubble.png
Projectiles/Rogue/SludgeSplotchProj1.png
Items/Tools/SpawnBlocker/AntiCystOintment.png
Projectiles/Rogue/SludgeSplotchProj2.png
Items/Armor/Aerospec/AerospecHeadSummon.png
Projectiles/Rogue/SmallCoral.png
Items/Weapons/Rogue/KelvinCatalyst.png
Items/Placeables/Furniture/ZenithThrone.png
Projectiles/Rogue/SnapClamProj.png
Sounds/Item/HellkiteCharge.ogg
Sounds/Item/HellkiteFullCharge.ogg
Items/Placeables/FurnitureAbyss/AbyssBathtub.png
Items/Weapons/Rogue/Kylie.png
Sounds/Item/HellkiteHeavySwing.ogg
Projectiles/Rogue/SphereBladed.png
Gores/ScavengerGores/ScavengerBody5.png
Tiles/Abyss/AbyssAmbient/AbyssGiantKelp3Glow.png
CalPlayer/DrawLayers/AndromedaBolt.png
Items/Placeables/FurnitureAbyss/AbyssBed.png
Sounds/Item/HellkiteSmallHit1.ogg
Items/Tools/SpawnBlocker/AntiTumorOintment.png
Items/Materials/MeldBlob.png
Items/Weapons/Rogue/LeadTomahawk.png
Gores/ScavengerGores/ScavengerClawLeft.png
Sounds/Item/HellkiteSmallHit2.ogg
Projectiles/Rogue/SphereBlue.png
Items/Placeables/FurnitureAbyss/AbyssBookcase.png
Sounds/Item/HellkiteSmallHit3.ogg
Sounds/Item/HellkiteSwing1.ogg
Items/Tools/SpawnBlocker/BleachBall.png
Items/Placeables/FurnitureAbyss/AbyssCandelabra.png
Tiles/Abyss/AbyssAmbient/AbyssGiantKelp4.png
Sounds/Item/HellkiteSwing2.ogg
Items/Weapons/Rogue/LeonidProgenitor.png
Gores/ScavengerGores/ScavengerClawLeft2.png
Projectiles/Rogue/SphereYellow.png
Items/Materials/MeldConstruct.png
Items/Placeables/FurnitureAbyss/AbyssCandle.png
Sounds/Item/HolyBurst.ogg
Items/Tools/SpawnBlocker/BrokenWaterFilter.png
Items/Weapons/Rogue/LeonidProgenitorGlow.png
Tiles/Abyss/AbyssAmbient/AbyssGiantKelp4Glow.png
Gores/ScavengerGores/ScavengerClawLeft3.png
Items/Placeables/FurnitureAbyss/AbyssChair.png
Sounds/Item/HolyColliderBigHit.ogg
Gores/ScavengerGores/ScavengerClawRight.png
Items/Tools/SpawnBlocker/SirenproofEarMuffs.png
Items/Placeables/FurnitureAbyss/AbyssChandelier.png
Sounds/Item/HolyColliderProjectileHit.ogg
Items/Tools/SpawnBlocker/VoodooDemonVoodooDoll.png
Sounds/Item/HolyColliderSmallHit.ogg
Items/Placeables/FurnitureAbyss/AbyssChest.png
Items/Materials/MiracleMatter.png
Sounds/Item/HolyFireBulletExplosion.ogg
Items/Weapons/Rogue/LeviathanTeeth.png
Items/TreasureBags/MiscGrabBags/AbyssalTreasure.png
Projectiles/Rogue/StealthNimbus2.png
Tiles/FurnitureStatigel/StaticRefiner.png
Items/Placeables/FurnitureAbyss/AbyssClock.png
Items/Materials/MolluskHusk.png
CalPlayer/DrawLayers/AndromedaWithout_Head.png
Tiles/Abyss/AbyssAmbient/AbyssKelp.png
Items/Weapons/Rogue/Lionfish.png
Gores/ScavengerGores/ScavengerClawRight2.png
Items/TreasureBags/MiscGrabBags/FleshyGeode.png
Items/Placeables/FurnitureAbyss/AbyssDoor.png
CalPlayer/DrawLayers/Backpack_AuroraBlazer.png
Items/Materials/MysteriousCircuitry.png
Projectiles/Rogue/StealthNimbusCloud2.png
CalPlayer/DrawLayers/Backpack_BlightSpewer.png
Projectiles/Rogue/StealthRain2.png
Items/Placeables/FurnitureAbyss/AbyssDresser.png
Items/TreasureBags/MiscGrabBags/NecromanticGeode.png
Tiles/Abyss/AbyssAmbient/AbyssVent1.png
CalPlayer/DrawLayers/Backpack_BloodBoiler.png
Gores/ScavengerGores/ScavengerHead.png
Tiles/FurnitureStatigel/StatigelBath.png
Items/Placeables/FurnitureAbyss/AbyssLamp.png
Items/Weapons/Rogue/LunarKunai.png
Sounds/Item/HolyLoop.ogg
CalPlayer/DrawLayers/Backpack_CleansingBlaze.png
Items/TreasureBags/MiscGrabBags/StarterBag.png
Tiles/Abyss/AbyssAmbient/AbyssVent2.png
Items/Placeables/FurnitureAbyss/AbyssLantern.png
Sounds/Item/Hydra.ogg
CalPlayer/DrawLayers/Backpack_DeadSunsWind.png
Items/Materials/Necroplasm.png
Items/TreasureBags/MiscGrabBags/SulphuricTreasure.png
Items/Placeables/FurnitureAbyss/AbyssSink.png
CalPlayer/DrawLayers/Backpack_ElementalEruption.png
Sounds/Item/HyperiusOverflow.ogg
Items/Weapons/Rogue/Malachite.png
Tiles/FurnitureStatigel/StatigelBed.png
Sounds/Item/IceBarrageCast.ogg
CalPlayer/DrawLayers/Backpack_FlurrystormCannon.png
Sounds/Item/IchorSpearThrow.ogg
Items/Armor/Aerospec/AerospecHeadSummon_Head.png
Items/Placeables/FurnitureAbyss/AbyssSofa.png
Items/Weapons/DraedonsArsenal/AerialTracker.png
Items/Weapons/Rogue/MangroveChakram.png
Sounds/Item/ImmolatorCharge.ogg
CalPlayer/DrawLayers/Backpack_HalleysInferno.png
Tiles/FurnitureStatigel/StatigelBed_Highlight.png
Items/Armor/Aerospec/AerospecLeggings.png
Sounds/Item/ImmolatorChargeLoop.ogg
Items/Placeables/FurnitureAbyss/AbyssSynth.png
CalPlayer/DrawLayers/Backpack_HavocsBreath.png
Items/Materials/NightmareFuel.png
Items/Weapons/DraedonsArsenal/AqueousHunterDrone.png
Sounds/Item/ImmolatorFire.ogg
Items/Weapons/Rogue/MetalMonstrosity.png
Items/Placeables/FurnitureAbyss/AbyssTable.png
Items/Weapons/DraedonsArsenal/AqueousHunterDroneGlow.png
Tiles/Abyss/AbyssAmbient/AbyssVent3.png
Items/Weapons/Rogue/MeteorFist.png
CalPlayer/DrawLayers/Backpack_Meowthrower.png
Tiles/Abyss/AbyssAmbient/BulbTree1.png
Items/Placeables/FurnitureAbyss/AbyssWorkBench.png
CalPlayer/DrawLayers/Backpack_OverloadedBlaster.png
Items/Weapons/DraedonsArsenal/Auger.png
Tiles/Abyss/AbyssAmbient/BulbTree1Glow.png
Items/Placeables/FurnitureAbyss/SmoothAbyssGravel.png
Gores/ScavengerGores/ScavengerHead2.png
Items/Weapons/DraedonsArsenal/AugerGlow.png
Items/Placeables/FurnitureAbyss/SmoothAbyssGravelPlatform.png
CalPlayer/DrawLayers/Backpack_Photoviscerator.png
Items/Weapons/Rogue/MoltenAmputator.png
Items/Materials/NightmareFuelGlow.png
CalPlayer/DrawLayers/Backpack_PristineFury.png
Items/Placeables/FurnitureAcidwood/Acidwood.png
Items/Weapons/DraedonsArsenal/CountermeasureMitt.png
Items/Weapons/Rogue/Mycoroot.png
CalPlayer/DrawLayers/Backpack_PurgeGuzzler.png
Items/Materials/PearlShard.png
Items/Weapons/Rogue/MythrilKnife.png
Gores/ScavengerGores/ScavengerHead3.png
Items/Weapons/DraedonsArsenal/CountermeasureMittGlow.png
CalPlayer/DrawLayers/Backpack_Shadethrower.png
Items/Materials/PerennialBar.png
Items/Weapons/Rogue/NanoblackReaper.png
Gores/ScavengerGores/ScavengerLegLeft.png
icon_workshop.png
LICENSE.md
Sounds/Item/ImmolatorPreExplode.ogg
Items/Armor/Aerospec/AerospecLeggings_Legs.png
CalPlayer/DrawLayers/Backpack_SparkSpreader.png
Sounds/Item/ImpalerLaunch.ogg
Items/Armor/Astral/AstralBreastplate.png
Sounds/Item/Inkling1.ogg
Items/Materials/PlagueCellCanister.png
Gores/ScavengerGores/ScavengerLegLeft2.png
Sounds/Item/Inkling2.ogg
CalPlayer/DrawLayers/Backpack_WildfireBloom.png
Tiles/DraedonStructures/PowerCellFactory.png
Items/Materials/PlasmaDriveCore.png
Sounds/Item/Inkling3.ogg
Items/Materials/PurifiedGel.png
Sounds/Item/Inkling4.ogg
Items/Weapons/DraedonsArsenal/GalvanizingGlaive.png
Sounds/Item/Inkling5.ogg
Items/Materials/ReaperTooth.png
Sounds/Item/IonChargeLoop.ogg
Tiles/Abyss/AbyssAmbient/BulbTree2.png
Sounds/Item/KendraBark.ogg
Items/Weapons/DraedonsArsenal/GatlingLaser.png
Sounds/Item/LanceofDestiny.ogg
Items/Placeables/FurnitureAcidwood/AcidwoodBathtub.png
Items/Placeables/FurnitureAcidwood/AcidwoodBed.png
Items/Weapons/DraedonsArsenal/HolofibreImmolator.png
Items/Placeables/FurnitureAcidwood/AcidwoodBench.png
Gores/ScavengerGores/ScavengerLegRight.png
Items/Weapons/DraedonsArsenal/HolofibreImmolatorGlow.png
CalPlayer/DrawLayers/BlazingCoreCrystal.png
Items/Placeables/FurnitureAcidwood/AcidwoodBookcase.png
Gores/ScavengerGores/ScavengerLegRight2.png
Items/Weapons/DraedonsArsenal/HydraulicVoltCrasher.png
Gores/ScryllarGores/Scryllar.png
Items/Weapons/Rogue/NastyCholla.png
Items/Materials/RuinousSoul.png
Gores/ScryllarGores/ScryllarRage.png
Items/Placeables/FurnitureAcidwood/AcidwoodCandelabra.png
Tiles/Abyss/AbyssAmbient/BulbTree2Glow.png
CalPlayer/DrawLayers/GlacialEmbraceBody.png
Items/Weapons/Rogue/OrichalcumSpikedGemstone.png
Gores/ScryllarGores/ScryllarRage2.png
Items/Weapons/DraedonsArsenal/MountedScanner.png
Items/Placeables/FurnitureAcidwood/AcidwoodCandle.png
Gores/ShockstormShuttle/ShockstormShuttle.png
Items/Weapons/Rogue/PalladiumJavelin.png
CalPlayer/DrawLayers/IceShield.png
Items/Weapons/DraedonsArsenal/Nidhogg.png
Gores/ShockstormShuttle/ShockstormShuttle2.png
Items/Weapons/DraedonsArsenal/NidhoggGlow.png
Gores/ShockstormShuttle/ShockstormShuttle3.png
Tiles/Abyss/AbyssAmbient/BulbTree3.png
Items/Placeables/FurnitureAcidwood/AcidwoodChair.png
Sounds/Item/LanceofDestinyStrong.ogg
Gores/Shroomble/Shroomble.png
Gores/Shroomble/Shroomble2.png
Gores/Shroomble/Shroomble3.png
Items/Materials/ScoriaBar.png
Tiles/Abyss/AbyssAmbient/BulbTree3Glow.png
Items/Weapons/Rogue/Penumbra.png
Gores/SightseerCollider/SightseerColliderGore0.png
Sounds/Item/LargeWeaponFire.ogg
Gores/SightseerCollider/SightseerColliderGore1.png
Tiles/Abyss/AbyssAmbient/GravelPile1.png
Sounds/Item/LaserBurn.ogg
Items/Materials/SeaRemains.png
Gores/SightseerCollider/SightseerColliderGore2.png
Sounds/Item/LaserCannon.ogg
Gores/SightseerCollider/SightseerColliderGore3.png
Tiles/Abyss/AbyssAmbient/GravelPile2.png
Sounds/Item/LauncherHeavyShot.ogg
Sounds/Item/LeviathanHornSound.ogg
Gores/SightseerCollider/SightseerColliderGore4.png
Tiles/FurnitureStatigel/StatigelBlock.png
Sounds/Item/LightCatch.ogg
Sounds/Item/LightMetal.ogg
Sounds/Item/LightningAura.ogg
Items/Weapons/DraedonsArsenal/PhalanxSurge.png
Tiles/FurnitureStatigel/StatigelBookcase.png
Items/Weapons/Rogue/PhantasmalRuin.png
Sounds/Item/LightThrow.ogg
Items/Materials/ShadowspecBar.png
Sounds/Item/LiliesOfFinalitySummonSpawn.ogg
Projectiles/Rogue/SubductionFlameburst.png
Items/Weapons/DraedonsArsenal/PhalanxSurgeGlow.png
Items/Armor/Astral/AstralBreastplate_Body.png
Sounds/Item/LouderPhantomPhoenix1.ogg
Items/Materials/SolarVeil.png
Gores/SightseerSpitter/SightseerSpitterGore0.png
Tiles/FurnitureStatigel/StatigelCandelabra.png
Items/Armor/Astral/AstralHelm.png
Gores/SightseerSpitter/SightseerSpitterGore1.png
Items/Materials/StarblightSoot.png
Items/Weapons/Rogue/Plaguenade.png
Gores/SightseerSpitter/SightseerSpitterGore2.png
Gores/SightseerSpitter/SightseerSpitterGore3.png
Gores/SightseerSpitter/SightseerSpitterGore4.png
Tiles/FurnitureStatigel/StatigelCandelabraFlame.png
CalPlayer/DrawLayers/PetrifiedRoseBud.png
Items/Weapons/Rogue/Prismalline.png
Gores/SlabCrab/SlabCrab1.png
Items/Materials/StormlionMandible.png
Sounds/Item/LouderPhantomPhoenix2.ogg
Gores/SlabCrab/SlabCrab2.png
Tiles/Abyss/AbyssAmbient/GravelPile3.png
Items/Materials/SulphuricScale.png
Gores/SlabCrab/SlabCrab3.png
Sounds/Item/LouderPhantomPhoenix3.ogg
Gores/SlabCrab/SlabCrab4.png
Sounds/Item/LowHum.ogg
Tiles/Abyss/AbyssAmbient/MassiveRarePearl.png
Items/Weapons/DraedonsArsenal/Phaseslayer.png
Items/Placeables/FurnitureAcidwood/AcidwoodChandelier.png
Sounds/Item/LucreciaBoltFire.ogg
Gores/SoulSeekerSupremeGores/SupremeSoulSeeker_Gore1.png
Sounds/Item/LunicImpact.ogg
Gores/SoulSeekerSupremeGores/SupremeSoulSeeker_Gore2.png
Items/Materials/SuspiciousScrap.png
Sounds/Item/LunicShot1.ogg
Gores/SoulSeekerSupremeGores/SupremeSoulSeeker_Gore3.png
Items/Materials/TitanHeart.png
Gores/SoulSeekerSupremeGores/SupremeSoulSeeker_Gore4.png
Sounds/Item/LunicShot2.ogg
Items/Weapons/DraedonsArsenal/PlasmaCaster.png
Items/Placeables/FurnitureAcidwood/AcidwoodChest.png
Sounds/Item/M1GarandPing.ogg
Gores/SoulSeekerSupremeGores/SupremeSoulSeeker_Gore5.png
Items/Materials/TwistingNether.png
Items/Weapons/DraedonsArsenal/PlasmaGrenade.png
Sounds/Item/M1GarandReload.ogg
Gores/SoulSlurperGores/SoulSlurper.png
Sounds/Item/MagicRockImpact.ogg
Items/Materials/UelibloomBar.png
Gores/SoulSlurperGores/SoulSlurper2.png
Items/Weapons/DraedonsArsenal/PoleWarper.png
Sounds/Item/MagicRockSound.ogg
Items/Placeables/FurnitureAcidwood/AcidwoodClock.png
Items/Materials/UnholyCore.png
Sounds/Item/MagnaCannonChargeFull.ogg
Gores/SoulSlurperGores/SoulSlurper3.png
Items/Weapons/DraedonsArsenal/PulseDragon.png
Gores/StellarCulex/StellarCulexGore0.png
Items/Weapons/DraedonsArsenal/PulseGrenade.png
Tiles/FurnitureStatigel/StatigelCandle.png
Tiles/Abyss/AbyssAmbient/PhoviamareHalm.png
Gores/StellarCulex/StellarCulexGore1.png
Items/Placeables/FurnitureAcidwood/AcidwoodDoor.png
Gores/StellarCulex/StellarCulexGore2.png
Items/Weapons/DraedonsArsenal/PulseGrenadeGlow.png
Items/Placeables/FurnitureAcidwood/AcidwoodDresser.png
Sounds/Item/MagnaCannonChargeLoop.ogg
Items/Materials/UnholyEssence.png
Tiles/Abyss/AbyssAmbient/PirateCrate1.png
Items/Placeables/FurnitureAcidwood/AcidwoodLamp.png
Tiles/Abyss/AbyssAmbient/PirateCrate1Glow.png
Items/Materials/WillOWisp.png
Items/Placeables/FurnitureAcidwood/AcidwoodLantern.png
Items/Weapons/Rogue/ProfanedPartisan.png
Sounds/Item/MagnaCannonChargeStart.ogg
Items/Weapons/DraedonsArsenal/PulsePistol.png
Items/Materials/WillOWisp2.png
Tiles/Abyss/AbyssAmbient/PirateCrate2.png
Tiles/FurnitureStatigel/StatigelCandleFlame.png
Sounds/Item/MagnaCannonShot.ogg
Items/Placeables/FurnitureAcidwood/AcidwoodPiano.png
Items/Weapons/Rogue/Pumpkaboom.png
Items/Materials/WulfrumMetalScrap.png
Items/Placeables/FurnitureAcidwood/AcidwoodPlatform.png
Tiles/Abyss/AbyssAmbient/PirateCrate2Glow.png
Items/Armor/Astral/AstralHelm_Head.png
Items/Materials/WulfrumMetalScrap2.png
Sounds/Item/MagnusImpact.ogg
Tiles/FurnitureStatigel/StatigelChair.png
Items/Weapons/Rogue/RadiantStar.png
Sounds/Item/MantisSwipe1.ogg
Items/Armor/Astral/AstralLeggings.png
Items/Placeables/FurnitureAcidwood/AcidwoodSink.png
Items/Materials/YharonSoulFragment.png
Items/Weapons/DraedonsArsenal/PulseRifle.png
Tiles/FurnitureStatigel/StatigelChair_Highlight.png
Sounds/Item/MantisSwipe2.ogg
Items/Mounts/Brimrose.png
Items/Weapons/DraedonsArsenal/PulseRifleGlow.png
Items/Placeables/FurnitureAcidwood/AcidwoodTable.png
Sounds/Item/MarniteLiftHumm.ogg
Tiles/Abyss/AbyssAmbient/PirateCrate3.png
Items/Weapons/DraedonsArsenal/PulseTurretRemote.png
Items/Placeables/FurnitureAcidwood/AcidwoodWorkBench.png
CalPlayer/DrawLayers/VoidConcentrationAura.png
Items/Weapons/Rogue/RealityRupture.png
Sounds/Item/MarniteLiftSummon.ogg
Tiles/Abyss/AbyssAmbient/PirateCrate3Glow.png
Gores/StellarCulex/StellarCulexGore3.png
Items/Placeables/FurnitureAncient/AncientAltar.png
Sounds/Item/MarniteLiftUnsummon.ogg
Tiles/FurnitureStatigel/StatigelChandelier.png
Gores/StellarCulex/StellarCulexGore4.png
Tiles/Abyss/AbyssAmbient/PirateCrate4.png
Items/Placeables/FurnitureAncient/AncientBasin.png
Sounds/Item/MarniteObliteratorUse.ogg
Items/Weapons/Rogue/ReboundingRainbow.png
Sounds/Item/MechGaussRifle.ogg
Tiles/FurnitureStatigel/StatigelChandelierFlame.png
Items/Placeables/FurnitureAncient/AncientBathtub.png
Gores/StellarCulex/StellarCulexGore5.png
Sounds/Item/MeldBurn.ogg
Items/Placeables/FurnitureAncient/AncientBed.png
Tiles/Abyss/AbyssAmbient/PirateCrate5.png
Sounds/Item/MeldExplosion.ogg
Items/Placeables/FurnitureAncient/AncientBookcase.png
Gores/StormlionGores/Stormlion.png
Sounds/Item/MeldShoot.ogg
Dialogues/en-US/Dialogue.Mods.CalamityMod.DevourerOfGods.Death.json
Items/Placeables/FurnitureAncient/AncientChair.png
Sounds/Item/MeldSlice.ogg
Tiles/FurnitureStatigel/StatigelChest.png
Items/Placeables/FurnitureAncient/AncientChandelier.png
Sounds/Item/MetalEcho.ogg
Sounds/Item/MineralMortarExplode.ogg
Items/Placeables/FurnitureAncient/AncientDoor.png
Tiles/Abyss/AbyssAmbient/PirateCrate6.png
Tiles/FurnitureStatigel/StatigelChest_Highlight.png
Sounds/Item/MiracleFruitConsume.ogg
Items/Mounts/BrimroseChair_Back.png
Items/Weapons/DraedonsArsenal/ShortCircuit.png
Backgrounds/AstralDesertSurfaceClose.png
Items/Placeables/FurnitureAncient/AncientDresser.png
Sounds/Item/MissileNearing.ogg
Sounds/Item/MittFail.ogg
Gores/StormlionGores/Stormlion2.png
Tiles/FurnitureStatigel/StatigelClock.png
Items/Weapons/DraedonsArsenal/SnakeEyes.png
Sounds/Item/MittHit.ogg
Gores/StormlionGores/Stormlion3.png
Sounds/Item/MittReadyPalm.ogg
Items/Weapons/DraedonsArsenal/StarSwallowerContainmentUnit.png
Tiles/FurnitureStatigel/StatigelClock_Highlight.png
Gores/StormlionGores/Stormlion4.png
Sounds/Item/MittThrust.ogg
Sounds/Item/MoltenAmputatorRecall.ogg
Gores/Sulflounder/Sulflounder.png
Items/Weapons/DraedonsArsenal/SystemBane.png
Tiles/FurnitureStatigel/StatigelDoorClosed.png
Gores/Sulflounder/Sulflounder2.png
Dialogues/en-US/Dialogue.Mods.CalamityMod.DevourerOfGods.Head.json
Gores/SulphSeaGen/SulphPotGore1.png
Items/Placeables/FurnitureAncient/AncientLamp.png
Sounds/Item/MurasamaBigSwing.ogg
Items/Placeables/FurnitureAncient/AncientLantern.png
Sounds/Item/MurasamaHitInorganic.ogg
Tiles/FurnitureStatigel/StatigelDoorClosed_Highlight.png
Items/Placeables/FurnitureAncient/AncientMonolith.png
Items/Armor/Astral/AstralLeggings_Legs.png
Items/Weapons/DraedonsArsenal/TeslaCannon.png
Tiles/Abyss/AbyssAmbient/PlantyMushPile1.png
Sounds/Item/MurasamaHitOrganic.ogg
Dialogues/en-US/Dialogue.Mods.CalamityMod.DevourerOfGods.Phases.json
Items/Placeables/FurnitureAncient/AncientPipeOrgan.png
Sounds/Item/MurasamaSwing.ogg
Gores/SulphSeaGen/SulphPotGore2.png
Sounds/Item/NanoSwarm.ogg
Items/Armor/Auric/AuricTeslaBodyArmor.png
Gores/SulphSeaGen/SulphurousRockGore1.png
Items/Placeables/FurnitureAncient/AncientSink.png
Gores/SulphSeaGen/SulphurousRockGore2.png
Sounds/Item/NidhoggBigShot.ogg
Dialogues/en-US/Dialogue.Mods.CalamityMod.DevourerOfGods.Running.json
Tiles/Abyss/AbyssAmbient/PlantyMushPile2.png
Gores/SulphSeaGen/SulphurousRockGore3.png
Items/Placeables/FurnitureAncient/AncientSofa.png
Items/Mounts/BrimroseChair_Front.png
Sounds/Item/NidhoggCharge.ogg
Items/Weapons/DraedonsArsenal/TheAnomalysNanogun.png
Dusts/Furniture/BloomTileGold.png
Sounds/Item/NidhoggFire.ogg
Items/Placeables/FurnitureAncient/AncientTable.png
Tiles/Abyss/AbyssAmbient/PlantyMushPile3.png
Dusts/Furniture/BloomTileLeaves.png
Gores/SupremeCalamitas/BrimstoneHeart_Gore1.png
Sounds/Item/NitroExpressRifleFire.ogg
Items/Placeables/FurnitureAncient/AncientWorkBench.png
Sounds/Item/NorfleetFire.ogg
Items/Weapons/DraedonsArsenal/Vulcan.png
Tiles/Abyss/AbyssAmbient/ShalePile1.png
Gores/SupremeCalamitas/BrimstoneHeart_Gore2.png
Items/Placeables/FurnitureAshen/AshenBasin.png
Sounds/Item/NorfleetRecharge.ogg
Tiles/FurnitureStatigel/StatigelDoorOpen.png
Tiles/Abyss/AbyssAmbient/ShalePile2.png
Items/Placeables/FurnitureAshen/AshenBathtub.png
Sounds/Item/NormalityRelocator1.ogg
Gores/SupremeCalamitas/SepulcherArm_Gore.png
Items/Placeables/FurnitureAshen/AshenBed.png
Tiles/FurnitureStatigel/StatigelDoorOpen_Highlight.png
Sounds/Item/NormalityRelocator2.ogg
Tiles/Abyss/AbyssAmbient/ShalePile3.png
Items/Weapons/DraedonsArsenal/VulcanGlow.png
Sounds/Item/NormalityRelocator3.ogg
Dusts/Furniture/OtherworldlyTileCloth.png
Gores/SupremeCalamitas/SepulcherBody1_Gore1.png
Tiles/Abyss/AbyssAmbient/SpiderCoral1.png
Tiles/FurnitureStatigel/StatigelDresser.png
Dusts/Furniture/ProfanedTileRock.png
Items/Weapons/DraedonsArsenal/WavePounder.png
Tiles/Abyss/AbyssAmbient/SpiderCoral1Glow.png
Sounds/Item/NuhUhUh.ogg
Dusts/Furniture/SilvaTileGold.png
Tiles/FurnitureStatigel/StatigelDresser_Highlight.png
Dusts/WaterSplash/AstralSplash.png
Sounds/Item/NullHit.ogg
Gores/SupremeCalamitas/SepulcherBody1_Gore2.png
Tiles/Abyss/AbyssAmbient/SpiderCoral2.png
Items/Weapons/Magic/AbyssalTome.png
Dusts/WaterSplash/BasaltGullyLavaSplash.png
Sounds/Item/NullImpact.ogg
Tiles/Abyss/AbyssAmbient/SpiderCoral2Glow.png
Dusts/WaterSplash/BasaltGullySplash.png
Gores/SupremeCalamitas/SepulcherBody1_Gore3.png
Sounds/Item/NullShot.ogg
Dusts/WaterSplash/CragsLavaSplash.png
Items/Weapons/Magic/AbyssShocker.png
Gores/SupremeCalamitas/SepulcherBody1_Gore4.png
Tiles/Abyss/AbyssAmbient/SpiderCoral3.png
Sounds/Item/OmicronBeam.ogg
Dusts/WaterSplash/MiddleAbyssSplash.png
Gores/SupremeCalamitas/SepulcherBody1_Gore5.png
Dusts/WaterSplash/SulphuricDepthsSplash.png
Tiles/Abyss/AbyssAmbient/SpiderCoral3Glow.png
Sounds/Item/OntologicalDespoilerLargeImpact.ogg
Items/Weapons/Magic/AbyssShocker_mask.png
Gores/SupremeCalamitas/SepulcherBody1_Gore6.png
Sounds/Item/OntologicalDespoilerLargeShot.ogg
Gores/SupremeCalamitas/SepulcherBody1_Gore7.png
Tiles/Abyss/AbyssAmbient/SpiderCoral4.png
Sounds/Item/OntologicalDespoilerSmallImpact.ogg
Items/Weapons/Magic/AcidGun.png
Gores/SupremeCalamitas/SepulcherBody1_Gore8.png
Tiles/DraedonStructures/PowerCellFactory_Highlight.png
Gores/SupremeCalamitas/SepulcherBody1_Gore9.png
Tiles/Abyss/AbyssAmbient/SpiderCoral4Glow.png
Sounds/Item/OpalCharge.ogg
Sounds/Item/OpalChargedFire.ogg
Gores/SupremeCalamitas/SepulcherBody2_Gore1.png
Tiles/DraedonStructures/ReinforcedCrate.png
Tiles/Abyss/AbyssAmbient/SpiderCoral5.png
Gores/SupremeCalamitas/SepulcherBody2_Gore2.png
Items/Weapons/Magic/AetherfluxCannon.png
Items/Placeables/FurnitureAshen/AshenBookcase.png
Sounds/Item/OpalChargeLoop.ogg
Tiles/DraedonStructures/ReinforcedCrateGlow.png
Tiles/Abyss/AbyssAmbient/SpiderCoral5Glow.png
Sounds/Item/OpalFire.ogg
Gores/SupremeCalamitas/SepulcherBody2_Gore3.png
Sounds/Item/OracleHum.ogg
Tiles/Abyss/AbyssAmbient/SulphurPireCoral1.png
Sounds/Item/PBGSummon.ogg
Tiles/FurnitureStatigel/StatigelLamp.png
Gores/SupremeCalamitas/SepulcherBody2_Gore4.png
Items/Weapons/Magic/AethersWhisper.png
Sounds/Item/PhalanxSurgeCharge.ogg
Tiles/FurnitureStatigel/StatigelLampFlame.png
Gores/SupremeCalamitas/SepulcherBody2_Gore5.png
Tiles/Abyss/AbyssAmbient/SulphurPireCoral1Glow.png
Gores/SupremeCalamitas/SepulcherBody2_Gore6.png
Tiles/FurnitureStatigel/StatigelLantern.png
Tiles/FurnitureStatigel/StatigelLanternFlame.png
Gores/SupremeCalamitas/SepulcherBody2_Gore7.png
Sounds/Item/PhalanxSurgeChargeLoop.ogg
Items/Placeables/FurnitureAshen/AshenCandelabra.png
Items/Weapons/Magic/AlphaDraconis.png
Items/Placeables/FurnitureAshen/AshenCandle.png
Gores/SupremeCalamitas/SepulcherForearm_Gore1.png
Sounds/Item/PhalanxSurgeChargeMax.ogg
Tiles/FurnitureStatigel/StatigelPiano.png
Gores/SupremeCalamitas/SepulcherForearm_Gore2.png
Items/Placeables/FurnitureAshen/AshenChair.png
Sounds/Item/PhalanxSurgeChargeShoot.ogg
Tiles/Abyss/AbyssAmbient/SulphurPireCoral2.png
Gores/SupremeCalamitas/SepulcherHand_Gore1.png
Sounds/Item/PhalanxSurgeShoot.ogg
Sounds/Item/PhantasmalFuryShoot.ogg
Gores/SupremeCalamitas/SepulcherHand_Gore2.png
Tiles/DraedonStructures/RustedPipes.png
Sounds/Item/PhantomHeartUse.ogg
Sounds/Item/PhantomSpirit.ogg
Tiles/Abyss/AbyssAmbient/SulphurPireCoral2Glow.png
Sounds/Item/PhotoHitSound.ogg
Sounds/Item/PhotoUseSound.ogg
Tiles/FurnitureStatigel/StatigelPlatform.png
Items/Weapons/Magic/AlulaAustralis.png
Items/Weapons/Rogue/RefractionRotor.png
Sounds/Item/PlasmaBig.ogg
Sounds/Item/PlasmaBlast.ogg
Dusts/WaterSplash/SulphuricSplash.png
Items/Weapons/Rogue/RegulusRiot.png
Tiles/FurnitureStatigel/StatigelSink.png
Dusts/WaterSplash/SunkenSeaBurrowsSplash.png
Sounds/Item/PlasmaBolt.ogg
Dusts/WaterSplash/SunkenSeaPolypSplash.png
Items/Weapons/Rogue/RotBall.png
Sounds/Item/PlasmaCasterFire.ogg
Tiles/Abyss/AbyssAmbient/SulphurPireCoral3.png
Dusts/WaterSplash/SunkenSeaReefsSplash.png
Sounds/Item/PlasmaGrenadeExplosion.ogg
Tiles/FurnitureStatigel/StatigelSofa.png
Dusts/WaterSplash/SunkenSeaShoresSplash.png
Sounds/Item/PlasmaRifleAlt.ogg
Items/Armor/Auric/AuricTeslaBodyArmor_Back.png
Tiles/Abyss/AbyssAmbient/SulphurPireCoral3Glow.png
Dusts/WaterSplash/UpperAbyssSplash.png
Sounds/Item/PlasmaRifleMain.ogg
Tiles/FurnitureStatigel/StatigelSofa_Highlight.png
Items/Weapons/Rogue/Sacrifice.png
Sounds/Item/PlasmaSmall.ogg
Dusts/WaterSplash/VoidSplash.png
Effects/Dyes/AcidRainDyeShader.fx
Sounds/Item/PolarisShot.ogg
Sounds/Item/ProtolithBangleSound.ogg
Tiles/FurnitureStatigel/StatigelTable.png
Effects/Dyes/AcidRainDyeShader.xnb
Sounds/Item/PulseRifleFire.ogg
Effects/Dyes/AerialiteDyeShader.fx
Sounds/Item/PulseSound.ogg
Items/Placeables/FurnitureAshen/AshenChandelier.png
Effects/Dyes/AerialiteDyeShader.xnb
Effects/Dyes/AstralBlueDyeShader.fx
Items/Placeables/FurnitureAshen/AshenChest.png
Items/Weapons/Magic/AnahitasArpeggio.png
Effects/Dyes/AstralBlueDyeShader.xnb
Effects/Dyes/AstralDyeShader.fx
Items/Placeables/FurnitureAshen/AshenDoor.png
Gores/SupremeCalamitas/SepulcherHead_Gore1.png
Tiles/DraedonStructures/RustedPlating.png
Tiles/FurnitureStatigel/StatigelWorkBenchTile.png
Effects/Dyes/AstralDyeShader.xnb
Items/Placeables/FurnitureAshen/AshenDresser.png
Items/Weapons/Magic/Apathanull.png
Effects/Dyes/AstralOrangeDyeShader.fx
Items/Placeables/FurnitureAshen/AshenLamp.png
Tiles/Abyss/AbyssAmbient/SulphurTentacleCorals.png
Effects/Dyes/AstralOrangeDyeShader.xnb
Items/Placeables/FurnitureAshen/AshenLantern.png
Effects/Dyes/AstralSwirlDyeShader.fx
Tiles/FurnitureStratus/StratusBathtub.png
Items/Placeables/FurnitureAshen/AshenMonolith.png
Tiles/Abyss/AbyssAmbient/SulphurTubeCoral.png
Effects/Dyes/AstralSwirlDyeShader.xnb
Effects/Dyes/AuricDyeShader.fx
Items/Placeables/FurnitureAshen/AshenPipeOrgan.png
Items/Placeables/FurnitureAshen/AshenPlatform.png
Tiles/FurnitureStratus/StratusBed.png
Effects/Dyes/AuricDyeShader.xnb
Tiles/DraedonStructures/RustedShelf.png
Tiles/Abyss/AbyssAmbient/TenebrisRemnant.png
Effects/Dyes/BloodflareDyeShader.fx
Tiles/FurnitureStratus/StratusBed_Highlight.png
Items/Placeables/FurnitureAshen/AshenSink.png
Items/Weapons/Magic/ApoctosisArray.png
Items/Placeables/FurnitureAshen/AshenSlab.png
Tiles/Abyss/AbyssAmbient/ThermalVent1.png
Items/Armor/Auric/AuricTeslaBodyArmor_Body.png
Tiles/FurnitureStratus/StratusBookcase.png
Items/Placeables/FurnitureAshen/AshenSofa.png
Items/Armor/Auric/AuricTeslaCuisses.png
Effects/Dyes/BloodflareDyeShader.xnb
Tiles/Abyss/AbyssAmbient/ThermalVent2.png
Effects/Dyes/BrimflameDyeShader.fx
Items/Weapons/Magic/ApoctosisArrayGlow.png
Items/Placeables/FurnitureAshen/AshenTable.png
Sounds/Item/PulseSoundHeavy.ogg
Items/Placeables/FurnitureAshen/AshenWorkBench.png
Tiles/Abyss/AbyssAmbient/ThermalVent3.png
Effects/Dyes/BrimflameDyeShader.xnb
Sounds/Item/PumpkaboomNormalTicking.ogg
Effects/Dyes/CalamitousDyeShader.fx
Tiles/Abyss/Stalactite/SulphurousStalacmite1.png
Sounds/Item/PumpkaboomStealthTicking.ogg
Items/Weapons/Magic/Apotheosis.png
Items/Placeables/FurnitureAshen/SmoothBrimstoneSlag.png
Tiles/Abyss/Stalactite/SulphurousStalacmite2.png
Items/Weapons/Rogue/SamsaraSlicer.png
Items/Placeables/FurnitureAuric/ActivatedAuricPanel.png
Items/Weapons/Magic/ApotheosisGlow.png
Sounds/Item/PwnagehammerBigImpact.ogg
Effects/Dyes/CalamitousDyeShader.xnb
Effects/Dyes/CeaselessDyeShader.fx
Sounds/Item/PwnagehammerSound.ogg
Gores/SupremeCalamitas/SepulcherHead_Gore2.png
Tiles/Abyss/Stalactite/SulphurousStalacmite3.png
Items/Placeables/FurnitureAuric/AuricAbsorber.png
Gores/SupremeCalamitas/SepulcherHead_Gore3.png
Items/Weapons/Magic/AquamarineStaff.png
Items/Placeables/FurnitureAuric/AuricConsole.png
Gores/SupremeCalamitas/SepulcherHead_Gore4.png
Gores/SupremeCalamitas/SepulcherHead_Gore5.png
Items/Placeables/FurnitureAuric/AuricDisplay.png
Items/Armor/Auric/AuricTeslaCuisses_Legs.png
Tiles/DraedonStructures/SecurityChestTile.png
Items/Weapons/Rogue/SamsaraSlicerGlow.png
Items/Weapons/Magic/ArchAmaryllis.png
Sounds/Item/RadiationBurst.ogg
Effects/Dyes/CeaselessDyeShader.xnb
Items/Placeables/FurnitureAuric/AuricLandMine.png
Effects/Dyes/CosmicFlameShader.fx
Items/Weapons/Rogue/SandDollar.png
Items/Weapons/Magic/ArcticBearPaw.png
Gores/SupremeCalamitas/SepulcherTail_Gore1.png
Gores/SupremeCalamitas/SepulcherTail_Gore2.png
Effects/Dyes/CosmicFlameShader.xnb
Effects/Dyes/CosmiliteDyeShader.fx
Items/Weapons/Magic/ArtAttack.png
Gores/Thanatos/ThanatosBody1.png
Items/Placeables/FurnitureAuric/AuricPanel.png
Sounds/Item/RadiationRain.ogg
Items/Weapons/Rogue/ScarletDevil.png
Items/Armor/Auric/AuricTeslaHeadMagic.png
Effects/Dyes/CosmiliteDyeShader.xnb
Sounds/Item/RealityRupture.ogg
Effects/Dyes/CryonicDyeShader.fx
Gores/Thanatos/ThanatosBody1_2.png
Items/Placeables/FurnitureAuric/AuricPlatform.png
Effects/Dyes/CryonicDyeShader.xnb
Gores/Thanatos/ThanatosBody1_3.png
Effects/Dyes/DaedalusDyeShader.fx
Items/Weapons/Rogue/ScourgeoftheDesert.png
Items/Placeables/FurnitureAuric/AuricReinforcedCrate.png
Items/Placeables/FurnitureAuric/AuricRepulserPanel.png
Gores/Thanatos/ThanatosBody2.png
Tiles/DraedonStructures/SecurityChestTile_Highlight.png
Items/Placeables/FurnitureAuric/AuricScreen.png
Gores/Thanatos/ThanatosBody2_2.png
NPCs/NormalNPCs/EarthElemental.png
Tiles/Abyss/Stalactite/SulphurousStalacmite4.png
Items/Weapons/Rogue/ScourgeoftheSeas.png
Sounds/Item/RealityRuptureStealth.ogg
Tiles/FurnitureStratus/StratusBricks.png
Effects/Dyes/DaedalusDyeShader.xnb
Items/Weapons/Rogue/SeafoamBomb.png
Effects/Dyes/DefiledFlameDyeShader.fx
Sounds/Item/RealityRuptureStealthHit.ogg
Sounds/Item/RubicoReload.ogg
Sounds/Item/SanctifiedSparkHappy.ogg
Items/Weapons/Rogue/SealedSingularity.png
Sounds/Item/SarosDiskThrow1.ogg
Tiles/Abyss/Stalactite/SulphurousStalacmite5.png
Sounds/Item/SarosDiskThrow2.ogg
Tiles/Abyss/Stalactite/SulphurousStalacmite6.png
Items/Armor/Auric/AuricTeslaHeadMagic_Head.png
Sounds/Item/SarosDiskThrow3.ogg
Items/Armor/Auric/AuricTeslaHeadMelee.png
Items/Weapons/Rogue/Seraphim.png
Sounds/Item/SawShot1.ogg
Tiles/Abyss/Stalactite/SulphurousStalactite1.png
Sounds/Item/SawShot2.ogg
Items/Mounts/BUMBLEDOGE_Back.png
Tiles/Abyss/Stalactite/SulphurousStalactite2.png
Sounds/Item/ScorchedEarthShot1.ogg
NPCs/NormalNPCs/EbonianBlightSlime.png
Gores/Thanatos/ThanatosBody2_3.png
Sounds/Item/ScorchedEarthShot2.ogg
Sounds/Item/ScorchedEarthShot3.ogg
Tiles/Abyss/Stalactite/SulphurousStalactite3.png
Sounds/Item/ScorpioHit.ogg
Sounds/Item/ScorpioNukeHit.ogg
Gores/Thanatos/ThanatosHead.png
Tiles/Abyss/Stalactite/SulphurousStalactite4.png
Sounds/Item/ScorpioShot.ogg
Items/Weapons/Rogue/ShardofAntumbra.png
Sounds/Item/SevensStrikerBust.ogg
Sounds/Item/SevensStrikerBustGFB.ogg
Tiles/Abyss/Stalactite/SulphurousStalactite5.png
Sounds/Item/SevensStrikerCoinShot.ogg
Gores/Thanatos/ThanatosHead2.png
Sounds/Item/SevensStrikerDoubles.ogg
Tiles/Abyss/Stalactite/SulphurousStalactite6.png
Tiles/FurnitureStratus/StratusBricksGlow.png
Sounds/Item/SevensStrikerJackpot.ogg
Gores/Thanatos/ThanatosHead3.png
Sounds/Item/SevensStrikerJackpotGFB.ogg
Sounds/Item/SevensStrikerRoulette.ogg
Sounds/Item/SevensStrikerRouletteTick.ogg
Sounds/Item/SevensStrikerTriples.ogg
Tiles/FurnitureStratus/StratusCandelabra.png
Gores/Thanatos/ThanatosTail.png
Sounds/Item/ShadowboltReflect.ogg
Items/Weapons/Rogue/ShardofAntumbraGhost.png
Sounds/Item/ShadowboltWallHit.ogg
Tiles/FurnitureStratus/StratusCandelabraFlame.png
Sounds/Item/SHPCVacuumEnd.ogg
Tiles/Crags/Lily/LavaLily1.png
Gores/Thanatos/ThanatosTail2.png
Tiles/FurnitureStratus/StratusCandle.png
Sounds/Item/SHPCVacuumLoop.ogg
Sounds/Item/SHPCVacuumStart.ogg
Tiles/FurnitureStratus/StratusCandleFlame.png
Gores/Thanatos/ThanatosTail3.png
Tiles/Crags/Lily/LavaLily1Glow.png
Sounds/Item/ShrimpFire.ogg
Sounds/Item/ShrimpMissileHit.ogg
Tiles/FurnitureStratus/StratusChair.png
Items/Weapons/Rogue/ShatteredDawn.png
Gores/Thanatos/ThanatosTail4.png
Sounds/Item/ShrimpSound1.ogg
Tiles/FurnitureStratus/StratusChair_Highlight.png
Gores/Toxicatfish/Toxicatfish.png
Items/Armor/Auric/AuricTeslaHeadMelee_Head.png
Sounds/Item/ShrimpSound2.ogg
Items/Placeables/FurnitureAuric/AuricServer.png
Tiles/DraedonSummoner/CodebreakerAdvancedDisplay.png
Items/Weapons/Magic/AstralachneaStaff.png
Effects/Dyes/DefiledFlameDyeShader.xnb
Items/Placeables/FurnitureAuric/AuricTerminal.png
Tiles/FurnitureStratus/StratusChandelier.png
Items/Weapons/Rogue/ShinobiBlade.png
Effects/Dyes/DragonSoulDyeShader.fx
Gores/Toxicatfish/Toxicatfish2.png
Sounds/Item/ShrimpSurprise.ogg
Items/Placeables/FurnitureAuric/AuricToilet.png
Tiles/FurnitureStratus/StratusChandelierFlame.png
Gores/Trees/AstralLeaf.png
Items/Placeables/FurnitureAuric/ExoAuricPanel.png
Items/Weapons/Rogue/SkyfinBombers.png
Items/Placeables/FurnitureBasalt/BasaltSlab.png
Items/Weapons/Magic/AstralStaff.png
Items/Weapons/Rogue/SlickCane.png
Items/Placeables/FurnitureBotanic/BotanicBathtub.png
Tiles/FurnitureStratus/StratusChest.png
Items/Weapons/Rogue/SludgeSplotch.png
Items/Placeables/FurnitureBotanic/BotanicBed.png
Items/Armor/Auric/AuricTeslaHeadRanged.png
Items/Weapons/Rogue/SnapClam.png
Items/Placeables/FurnitureBotanic/BotanicBench.png
Items/Weapons/Magic/Atlantis.png
Tiles/FurnitureStratus/StratusChest_Highlight.png
Items/Weapons/Rogue/SpearofDestiny.png
Items/Placeables/FurnitureBotanic/BotanicBookcase.png
Items/Weapons/Magic/AuguroftheVoid.png
Items/Placeables/FurnitureBotanic/BotanicCandelabra.png
NPCs/NormalNPCs/Eidolist.png
Items/Placeables/FurnitureBotanic/BotanicCandle.png
Items/Weapons/Magic/BelchingSaxophone.png
Items/Placeables/FurnitureBotanic/BotanicChair.png
Items/Placeables/FurnitureBotanic/BotanicChandelier.png
Items/Weapons/Magic/Biofusillade.png
Tiles/FurnitureStratus/StratusClock.png
Effects/Dyes/DragonSoulDyeShader.xnb
Items/Placeables/FurnitureBotanic/BotanicChest.png
Effects/Dyes/ElementalDyeShader.fx
Tiles/FurnitureStratus/StratusClock_Highlight.png
Items/Placeables/FurnitureBotanic/BotanicClock.png
Effects/Dyes/ElementalDyeShader.xnb
Items/Weapons/Magic/BlackAnurian.png
Effects/Dyes/EndothermicDyeShader.fx
Items/Placeables/FurnitureBotanic/BotanicDoor.png
NPCs/NormalNPCs/FearlessGoldfishWarrior.png
Effects/Dyes/EndothermicDyeShader.xnb
Tiles/FurnitureStratus/StratusDoorClosed.png
Items/Placeables/FurnitureBotanic/BotanicDresser.png
Effects/Dyes/ExoDyeShader.fx
Items/Placeables/FurnitureBotanic/BotanicLamp.png
Tiles/FurnitureStratus/StratusDoorClosed_Highlight.png
Effects/Dyes/ExoDyeShader.xnb
Effects/Dyes/InvisibleDyeShader.fx
Sounds/Item/SignusSpawn.ogg
Gores/Trees/AstralLeafOLD.png
Items/Weapons/Magic/BloodBath.png
Effects/Dyes/InvisibleDyeShader.xnb
Gores/Trees/SpineBottom.png
Effects/Dyes/LivingShardDyeShader.fx
Gores/Trees/SpineBottom2.png
Items/Armor/Auric/AuricTeslaHeadRanged_Head.png
Items/Weapons/Magic/BrimroseStaff.png
Tiles/FurnitureStratus/StratusDoorOpen.png
Gores/Trees/SpineRib1.png
Effects/Dyes/LivingShardDyeShader.xnb
NPCs/NormalNPCs/Frogfish.png
Tiles/DraedonSummoner/CodebreakerAuricQuantumCoolingCell.png
Effects/Dyes/MeldDyeShader.fx
Items/Weapons/Magic/BurningSea.png
Gores/Trees/SpineRib1_2.png
Tiles/FurnitureStratus/StratusDoorOpen_Highlight.png
Items/Armor/Auric/AuricTeslaHeadRogue.png
Items/Placeables/FurnitureBotanic/BotanicLantern.png
Effects/Dyes/MeldDyeShader.xnb
Gores/Trees/SpineRib2.png
Items/Weapons/Magic/CarnageRay.png
Sounds/Item/SkytideBolt.ogg
Sounds/Item/SkytideSwing.ogg
Gores/Trees/SpineRib2_2.png
Effects/Dyes/NecromanticDyeShader.fx
Sounds/Item/SnootBooped.ogg
Gores/Trees/SpineRib3.png
Gores/Trees/SpineRib3_2.png
Sounds/Item/SoupConsumption.ogg
Sounds/Item/SpearofDestiny.ogg
Sounds/Item/SpinningWoosh.ogg
Tiles/FurnitureStratus/StratusDresser.png
Sounds/Item/Splatshot.ogg
Sounds/Item/SplatshotBig.ogg
Tiles/FurnitureStratus/StratusDresser_Highlight.png
Sounds/Item/SplatshotBigImpact.ogg
Items/Placeables/FurnitureBotanic/BotanicPiano.png
Items/Weapons/Magic/ChronomancersScythe.png
Tiles/FurnitureStratus/StratusLamp.png
Sounds/Item/SplatshotDash.ogg
Gores/Trees/SpineRib3_3.png
Items/Weapons/Magic/ClothiersWrath.png
Tiles/FurnitureStratus/StratusLampFlame.png
Gores/Trees/SpineSegment.png
Effects/Dyes/NecromanticDyeShader.xnb
Items/Weapons/Magic/CoralSpout.png
Gores/Trees/SpineSegment2.png
Tiles/FurnitureStratus/StratusLantern.png
Effects/Dyes/NecroplasmicDyeShader.fx
Gores/Trees/SpineSegment3.png
Sounds/Item/SplatshotImpact.ogg
Items/Weapons/Magic/CosmicRainbow.png
NPCs/NormalNPCs/IceClasper.png
Effects/Dyes/NecroplasmicDyeShader.xnb
Effects/Dyes/NightmareDyeShader.fx
Gores/Trees/SulphurLeaf.png
Items/Placeables/FurnitureBotanic/BotanicPlanter.png
Items/Placeables/FurnitureBotanic/BotanicPlatform.png
Effects/Dyes/NightmareDyeShader.xnb
Items/Weapons/Magic/Cryophobia.png
Effects/Dyes/PlagueGooDyeShader.fx
Sounds/Item/SporeKnifeChomp1.ogg
Tiles/Crags/Lily/LavaLily1Top.png
Effects/Dyes/PlagueGooDyeShader.xnb
Tiles/FurnitureStratus/StratusPiano.png
Items/Armor/Auric/AuricTeslaHeadRogue_Head.png
Effects/Dyes/PlaguePlateDyeShader.fx
Sounds/Item/SporeKnifeChomp2.ogg
Items/Armor/Auric/AuricTeslaHeadSummon.png
Sounds/Item/SporeKnifeChomp3.ogg
Effects/Dyes/PlaguePlateDyeShader.xnb
Sounds/Item/SporeKnifeImpact.ogg
Items/Weapons/Magic/DarkSpark.png
Effects/Dyes/PrismaticRayShader.fx
Sounds/Item/SporeKnifeStealthImpact.ogg
NPCs/NormalNPCs/ImpiousImmolator.png
Sounds/Item/SporeKnifeThrow1.ogg
NPCs/NormalNPCs/KingSlimeJewelEmerald.png
Effects/Dyes/PrismaticRayShader.xnb
Effects/Dyes/ProfanedCrystalDyeShader.fx
Sounds/Item/SporeKnifeThrow2.ogg
NPCs/NormalNPCs/KingSlimeJewelFlash.png
Sounds/Item/StarfleetFire.ogg
NPCs/NormalNPCs/KingSlimeJewelRuby.png
Tiles/DraedonSummoner/CodebreakerDecryptionComputer.png
Sounds/Item/StarfleetStarburst.ogg
Sounds/Item/StarmadaFire.ogg
NPCs/NormalNPCs/MantisShrimp.png
Sounds/Item/StellarContemptClone.ogg
Items/Armor/Auric/AuricTeslaHeadSummon_Head.png
Sounds/Item/StellarContemptImpact.ogg
Items/Armor/Bloodflare/BloodflareBodyArmor.png
Sounds/Item/StormWeaverSpawn.ogg
Sounds/Item/StratusSphereCast.ogg
Tiles/Crags/Lily/LavaLily1TopGlow.png
Effects/Dyes/ProfanedCrystalDyeShader.xnb
Items/Placeables/FurnitureBotanic/BotanicSink.png
Effects/Dyes/ProfanedFlameDyeShader.fx
Sounds/Item/StygianBonk1.ogg
Gores/Trees/SulphurLeafOLD.png
Sounds/Item/StygianBonk2.ogg
Sounds/Item/StygianBonk3.ogg
Effects/Dyes/ProfanedFlameDyeShader.xnb
Sounds/Item/StygianCatch.ogg
Items/Weapons/Magic/DeathValleyDuster.png
Sounds/Item/StygianDash.ogg
Effects/Dyes/ProfanedMoonlightDye.fx
Sounds/Item/StygianDashCharge.ogg
Sounds/Item/StygianThrow.ogg
Items/Mounts/BUMBLEDOGE_Front.png
Sounds/Item/StygianThrowLoop.ogg
Effects/Dyes/ProfanedMoonlightDye.xnb
Sounds/Item/SupernovaBoom.ogg
Effects/Dyes/ProfanedRockDyeShader.fx
Sounds/Item/SupernovaStealthCharge.ogg
Effects/Dyes/ProfanedRockDyeShader.xnb
Effects/Dyes/ReaverDyeShader.fx
Effects/Dyes/ReaverDyeShader.xnb
Items/Placeables/FurnitureBotanic/BotanicTable.png
Effects/Dyes/ScoriaDyeShader.fx
Gores/WaterDroplet/AstralWaterDroplet.png
Tiles/Crags/Lily/LavaLily2.png
Items/Placeables/FurnitureBotanic/BotanicWorkBench.png
Sounds/Item/SupernovaStealthExplode.ogg
Effects/Dyes/ScoriaDyeShader.xnb
Items/Weapons/Rogue/SpearofPaleolith.png
Items/Weapons/Magic/Downpour.png
Items/Placeables/FurnitureCosmilite/CosmiliteBasin.png
Effects/Dyes/ShadowspecDyeShader.fx
Tiles/Crags/Lily/LavaLily2Glow.png
Items/Weapons/Rogue/SpentFuelContainer.png
Tiles/FurnitureStratus/StratusPlatform.png
Items/Placeables/FurnitureCosmilite/CosmiliteBathtub.png
Items/Weapons/Magic/Effervescence.png
Items/Weapons/Rogue/SporeKnife.png
Sounds/Item/Swine1.ogg
Items/Weapons/Magic/EidolicWail.png
Items/Placeables/FurnitureCosmilite/CosmiliteBed.png
Tiles/FurnitureStratus/StratusPlatformGlow.png
NPCs/NormalNPCs/OverloadedSoldier.png
Tiles/FurnitureStratus/StratusSink.png
Items/Weapons/Magic/EidolonStaff.png
Items/Weapons/Rogue/StarofDestruction.png
Gores/WaterDroplet/BasaltGullyLavaDroplet.png
Sounds/Item/Swine2.ogg
Tiles/FurnitureStratus/StratusSofa.png
Items/Weapons/Magic/EldritchTome.png
Tiles/FurnitureStratus/StratusSofa_Highlight.png
NPCs/NormalNPCs/PerennialSlime.png
Sounds/Item/SwingMid.ogg
Items/Weapons/Magic/Eternity.png
Effects/Dyes/ShadowspecDyeShader.xnb
Sounds/Item/SwooshMid.ogg
Effects/Dyes/SilvaDyeShader.fx
Items/Weapons/Magic/EventHorizon.png
Sounds/Item/SylvestaffFire1.ogg
NPCs/NormalNPCs/PhantomSpirit.png
Sounds/Item/SylvestaffFire2.ogg
Items/Placeables/FurnitureCosmilite/CosmiliteBookcase.png
Tiles/FurnitureStratus/StratusStarPlatform.png
Items/Placeables/FurnitureCosmilite/CosmiliteBrick.png
Tiles/Crags/Lily/LavaLily2Top.png
Sounds/Item/SylvestaffFire3.ogg
Gores/WaterDroplet/BasaltGullyWaterDroplet.png
Sounds/Item/SylvestaffProjectileBounce1.ogg
Items/Placeables/FurnitureCosmilite/CosmiliteCandelabra.png
Tiles/DraedonSummoner/CodebreakerLongRangedSensorArray.png
Sounds/Item/SylvestaffProjectileBounce2.ogg
Items/Placeables/FurnitureCosmilite/CosmiliteCandle.png
Items/Placeables/FurnitureCosmilite/CosmiliteChair.png
Sounds/Item/SylvestaffProjectileBounce3.ogg
Gores/WaterDroplet/CragsLavaDroplet.png
Items/Armor/Bloodflare/BloodflareBodyArmor_Body.png
Items/Armor/Bloodflare/BloodflareCuisses.png
Items/Placeables/FurnitureCosmilite/CosmiliteChandelier.png
Tiles/FurnitureStratus/StratusStarPlatformGlow.png
Gores/WaterDroplet/MiddleAbyssWaterDroplet.png
Items/Placeables/FurnitureCosmilite/CosmiliteChest.png
Items/Weapons/Magic/EvergladeSpray.png
Tiles/FurnitureStratus/StratusTable.png
Items/Placeables/FurnitureCosmilite/CosmiliteClock.png
Items/Weapons/Magic/FaceMelter.png
Tiles/FurnitureStratus/StratusWorkBenchTile.png
Gores/WaterDroplet/SulphuricDepthsWaterDroplet.png
Items/Placeables/FurnitureCosmilite/CosmiliteDoor.png
Projectiles/Rogue/SulphuricNukesplosion.png
Items/Placeables/FurnitureCosmilite/CosmiliteDresser.png
NPCs/NormalNPCs/PhantomSpiritL.png
Tiles/Crags/Lily/LavaLily2TopGlow.png
Gores/WaterDroplet/SulphuricWaterDroplet.png
Items/Placeables/FurnitureCosmilite/CosmiliteLamp.png
Items/Weapons/Magic/FatesReveal.png
Items/Placeables/FurnitureCosmilite/CosmiliteLantern.png
Tiles/Crags/Lily/LavaLily3.png
Gores/WaterDroplet/SunkenSeaBurrowsWaterDroplet.png
Items/Weapons/Magic/FatesRevealGlow.png
Items/Placeables/FurnitureCosmilite/CosmilitePiano.png
Sounds/Item/TankCannon.ogg
Items/Weapons/Magic/FlareBolt.png
Items/Placeables/FurnitureCosmilite/CosmilitePlatform.png
Tiles/Crags/Lily/LavaLily3Glow.png
Items/Weapons/Magic/ForbiddenSun.png
NPCs/NormalNPCs/PhantomSpiritM.png
Items/Placeables/FurnitureCosmilite/CosmiliteSconce.png
Items/Placeables/FurnitureCosmilite/CosmiliteSink.png
Items/Weapons/Magic/FrigidflashBolt.png
Gores/WaterDroplet/SunkenSeaPolypWaterDroplet.png
Sounds/Item/TaserLaunch.ogg
Items/Placeables/FurnitureCosmilite/CosmiliteSofa.png
Items/Weapons/Magic/FrostBolt.png
Sounds/Item/TearsOfHeavenUse.ogg
Items/Placeables/FurnitureCosmilite/CosmiliteTable.png
Items/Placeables/FurnitureCosmilite/CosmiliteWorkBench.png
Items/Armor/Bloodflare/BloodflareCuisses_Legs.png
Sounds/Item/TerratomereSwing.ogg
Effects/Dyes/SilvaDyeShader.xnb
Items/Placeables/FurnitureDriftwood/Driftwood.png
Sounds/Item/TeslaCannonFire.ogg
Sounds/Item/TF2PanHit.ogg
Effects/Dyes/SlimeGodDyeShader.fx
NPCs/NormalNPCs/PhantomSpiritS.png
Items/Weapons/Magic/Genesis.png
Items/Placeables/FurnitureDriftwood/DriftwoodBaroqueCello.png
Sounds/Item/TheHiveNuke.ogg
Items/Weapons/Rogue/StarofDestructionGhost.png
Sounds/Item/ViperSpit.ogg
Tiles/Crags/Lily/LavaLily3Top.png
Sounds/Item/VividClarityBeamAppear.ogg
Items/Placeables/FurnitureDriftwood/DriftwoodBathtub.png
Items/Armor/Bloodflare/BloodflareHeadMagic.png
Sounds/Item/VividClarityShoot.ogg
Items/Weapons/Magic/GhastlyVisage.png
Effects/Dyes/SlimeGodDyeShader.xnb
Items/Placeables/FurnitureDriftwood/DriftwoodBed.png
Gores/WaterDroplet/SunkenSeaReefsWaterDroplet.png
Items/Weapons/Magic/GhastlyVisageGlow.png
Effects/Dyes/StratusDyeShader.fx
NPCs/NormalNPCs/Piggy.png
Items/Placeables/FurnitureDriftwood/DriftwoodBookcase.png
Items/Weapons/Magic/GleamingMagnolia.png
Items/Placeables/FurnitureDriftwood/DriftwoodCandelabra.png
Gores/WaterDroplet/SunkenSeaShoresWaterDroplet.png
NPCs/NormalNPCs/ProfanedEnergyBody.png
Items/Placeables/FurnitureDriftwood/DriftwoodCandle.png
Items/Weapons/Magic/GloriousEnd.png
Items/Placeables/FurnitureDriftwood/DriftwoodChair.png
Gores/WaterDroplet/UpperAbyssWaterDroplet.png
Items/Placeables/FurnitureDriftwood/DriftwoodChandelier.png
Items/Weapons/Magic/GruesomeEminence.png
Gores/WaterDroplet/VoidWaterDroplet.png
Items/Placeables/FurnitureDriftwood/DriftwoodChest.png
Gores/Wulfrum/WulfrumAmplifierGore.png
Items/Weapons/Magic/HadalUrn.png
Items/Placeables/FurnitureDriftwood/DriftwoodDoor.png
Gores/Wulfrum/WulfrumDroneGore1.png
Gores/Wulfrum/WulfrumDroneGore2.png
Items/Placeables/FurnitureDriftwood/DriftwoodDresser.png
Backgrounds/AstralSurfaceClose.png
Gores/Wulfrum/WulfrumEnemyGore1.png
NPCs/NormalNPCs/ProfanedEnergyLantern.png
Items/Weapons/Rogue/StellarKnife.png
Sounds/Item/VoidDash.ogg
Tiles/Crags/Lily/LavaLily3TopGlow.png
Sounds/Item/VolterionFire.ogg
Gores/Wulfrum/WulfrumEnemyGore10.png
Sounds/Item/VolterionOrbShot.ogg
Items/Weapons/Magic/HeliumFlash.png
Items/Armor/Bloodflare/BloodflareHeadMagic_Head.png
Sounds/Item/VulcanRampDown.ogg
Gores/Wulfrum/WulfrumEnemyGore11.png
Sounds/Item/VulcanRampUp.ogg
Tiles/Crags/Lily/LavaLily4.png
Tiles/DraedonSummoner/CodebreakerT1Highlight.png
Items/Armor/Bloodflare/BloodflareHeadMelee.png
Sounds/Item/VulcanShot.ogg
NPCs/NormalNPCs/ProfanedEnergySegment.png
Items/Weapons/Magic/HellwingStaff.png
Sounds/Item/WaterSplash1.ogg
Tiles/Crags/Lily/LavaLily4Glow.png
Sounds/Item/WaterSplash2.ogg
Effects/Dyes/StratusDyeShader.xnb
Sounds/Item/WeldingBurn.ogg
Items/Weapons/Rogue/StormfrontRazor.png
Sounds/Item/WeldingShoot.ogg
Effects/Dyes/TarragonDyeShader.fx
Sounds/Item/WulfrumBlunderbussFire.ogg
Items/Placeables/FurnitureDriftwood/DriftwoodLamp.png
Sounds/Item/WulfrumBlunderbussFireAndReload.ogg
Items/Placeables/FurnitureDriftwood/DriftwoodLantern.png
Sounds/Item/WulfrumKnifeThrowFull.ogg
Gores/Wulfrum/WulfrumEnemyGore2.png
Items/Weapons/Rogue/SubductionSlicer.png
Effects/Dyes/TarragonDyeShader.xnb
Items/Weapons/Magic/Hematemesis.png
Effects/Dyes/WulfrumDyeShader.fx
Items/Placeables/FurnitureDriftwood/DriftwoodPlatform.png
Sounds/Item/WulfrumKnifeThrowSingle.ogg
Items/Placeables/FurnitureDriftwood/DriftwoodSink.png
Tiles/Crags/Lily/LavaLily4Top.png
Items/Placeables/FurnitureDriftwood/DriftwoodSofa.png
Gores/Wulfrum/WulfrumEnemyGore3.png
Items/Weapons/Rogue/Supernova.png
Effects/Dyes/WulfrumDyeShader.xnb
Effects/Metaballs/AdditiveMetaballEdgeShader.fx
Items/Armor/Bloodflare/BloodflareHeadMelee_Head.png
Sounds/Item/WulfrumKnifeThrowTwo.ogg
Items/Armor/Bloodflare/BloodflareHeadRanged.png
Items/Weapons/Rogue/SupernovaGlow.png
Gores/Wulfrum/WulfrumEnemyGore4.png
Items/Weapons/Magic/Heresy.png
Gores/Wulfrum/WulfrumEnemyGore5.png
Backgrounds/AstralDesertSurfaceFar.png
Sounds/Item/WulfrumKnifeTileHit1.ogg
Gores/Wulfrum/WulfrumEnemyGore6.png
Effects/Metaballs/AdditiveMetaballEdgeShader.xnb
Items/Weapons/Rogue/TarragonThrowingDart.png
Sounds/Item/WulfrumKnifeTileHit2.ogg
Effects/Metaballs/MetaballEdgeShader.fx
Items/Weapons/Rogue/TerrorTalons.png
Sounds/Item/WulfrumPing.ogg
Gores/Wulfrum/WulfrumEnemyGore7.png
Items/Placeables/FurnitureDriftwood/DriftwoodSundial.png
Tiles/Crags/Lily/LavaLily4TopGlow.png
Gores/Wulfrum/WulfrumEnemyGore8.png
Sounds/Item/WulfrumPingBreak.ogg
Gores/Wulfrum/WulfrumEnemyGore9.png
Sounds/Item/WulfrumPingReady.ogg
Items/Placeables/FurnitureDriftwood/DriftwoodTable.png
Sounds/Item/WulfrumProsthesisHit.ogg
Sounds/Item/WulfrumProsthesisShoot.ogg
Items/Weapons/Magic/HyperdeathRiftScepter.png
Tiles/Crags/Lily/LavaLily5.png
Sounds/Item/WulfrumProsthesisSucc.ogg
Effects/Metaballs/MetaballEdgeShader.xnb
Gores/Wulfrum/WulfrumGyratorGore.png
Sounds/Item/WulfrumProsthesisSuccStop.ogg
Sounds/Item/WulfrumScrewdriverScrewGet.ogg
Tiles/Crags/Lily/LavaLily5Glow.png
Effects/ScreenShaders/BrainOfCthulhuForcefield.fx
Sounds/Item/WulfrumScrewdriverScrewHit.ogg
Gores/Wulfrum/WulfrumHovercraftGore1.png
Sounds/Item/WulfrumScrewdriverThrust.ogg
Sounds/Item/WulfrumScrewdriverThud.ogg
Sounds/Item/XykDie.ogg
Effects/ScreenShaders/BrainOfCthulhuForcefield.xnb
Items/Armor/Bloodflare/BloodflareHeadRanged_Head.png
Effects/ScreenShaders/DoGPortalShader.fx
Items/Weapons/Rogue/TheAtomSplitter.png
Items/Armor/Bloodflare/BloodflareHeadRogue.png
Items/Weapons/Rogue/TheFinalDawn.png
Items/Placeables/FurnitureDriftwood/DriftwoodToilet.png
Items/Placeables/FurnitureDriftwood/DriftwoodWorkBench.png
Items/Weapons/Magic/HyperdeathRiftScepterGlow.png
Sounds/Music/DraedonExoSelect.ogg
Gores/Wulfrum/WulfrumHovercraftGore2.png
Items/Placeables/FurnitureExo/ExoBathtub.png
Gores/Wulfrum/WulfrumPinger1.png
Effects/ScreenShaders/DoGPortalShader.xnb
Items/Weapons/Rogue/TheOldReaper.png
Effects/ScreenShaders/FlipScreen.fx
Items/Placeables/FurnitureExo/ExoBed.png
Gores/Wulfrum/WulfrumPinger2.png
Tiles/DraedonSummoner/CodebreakerT2Highlight.png
Gores/Wulfrum/WulfrumPinger3.png
Items/Weapons/Rogue/TheSyringe.png
Tiles/Crags/Lily/LavaLily5Top.png
Gores/Wulfrum/WulfrumPinger4.png
NPCs/NormalNPCs/Rimehound.png
Items/Placeables/FurnitureExo/ExoBookcase.png
Items/Weapons/Rogue/ThrowingBrick.png
Gores/Wulfrum/WulfrumPowerSuit1.png
Items/Weapons/Rogue/TimeBolt.png
Gores/Wulfrum/WulfrumPowerSuit2.png
Items/Weapons/Magic/HyphaeRod.png
Gores/Wulfrum/WulfrumPowerSuit3.png
Gores/Wulfrum/WulfrumPowerSuit4.png
Items/Weapons/Rogue/TitaniumShuriken.png
Gores/Wulfrum/WulfrumPowerSuit5.png
Gores/Wulfrum/WulfrumPowerSuit6.png
Items/Weapons/Magic/IceBarrage.png
Items/Weapons/Rogue/ToothBall.png
Gores/Wulfrum/WulfrumPowerSuit7.png
Gores/Wulfrum/WulfrumPowerSuit8.png
Items/Weapons/Magic/IcicleStaff.png
Tiles/FurnitureVoid/SmoothVoidstone.png
Gores/Wulfrum/WulfrumRoverGore1.png
Items/Weapons/Rogue/TotalityBreakers.png
Items/Armor/Bloodflare/BloodflareHeadRogue_Head.png
Gores/Wulfrum/WulfrumRoverGore2.png
Effects/ScreenShaders/FlipScreen.xnb
Items/Armor/Bloodflare/BloodflareHeadSummon.png
Effects/ScreenShaders/Fog.fx
Items/Placeables/FurnitureExo/ExoCandelabra.png
Effects/ScreenShaders/Fog.xnb
Effects/ScreenShaders/HolyInfernoShader.fx
Effects/ScreenShaders/HolyInfernoShader.xnb
Effects/ScreenShaders/RadialBlur.fx
Sounds/Music/DraedonTalk.ogg
Effects/ScreenShaders/RadialBlur.xnb
Items/Placeables/FurnitureExo/ExoCandle.png
Effects/SlashEffects/GaussianBloom.fx
Sounds/Music/MarniteOrgan.ogg
Items/Weapons/Rogue/ToxicantTwister.png
Gores/Wulfrum/WulfrumScrewGore.png
Sounds/Music/Silence.ogg
Items/Weapons/Magic/IcicleTrident.png
Gores/Wulfrum/WulfrumTurtle1.png
Effects/SlashEffects/GaussianBloom.fxc
Tiles/Crags/Lily/LavaLily5TopGlow.png
Items/Placeables/FurnitureExo/ExoChair.png
Sounds/NPCHit/AnahitaHit1.ogg
Effects/SlashEffects/NanoblackSlash.fx
Items/Weapons/Rogue/Turbulance.png
Sounds/NPCHit/AnahitaHit2.ogg
Items/Mounts/CrysthamyrExtra.png
Sounds/NPCHit/AnahitaHit3.ogg
Items/Armor/Bloodflare/BloodflareHeadSummon_Head.png
Items/Weapons/Magic/InfernalRift.png
Items/Placeables/FurnitureExo/ExoChandelier.png
Sounds/NPCHit/AstralEnemyHit1.ogg
Items/Armor/Brimflame/BrimflameBoots.png
Effects/SlashEffects/NanoblackSlash.fxc
Gores/Wulfrum/WulfrumTurtle2.png
Sounds/NPCHit/AstralEnemyHit2.ogg
Items/Weapons/Rogue/TwistingThunder.png
Items/Placeables/FurnitureExo/ExoChest.png
Gores/Wulfrum/WulfrumTurtle3.png
Items/Weapons/Magic/IonBlaster.png
Items/Weapons/Rogue/UrchinStinger.png
Effects/UI/SunkenSeaMenuLogoWater.fxc
NPCs/NormalNPCs/Rotdog.png
Gores/WyvernWeapons/WyvernBody.png
Items/Placeables/FurnitureExo/ExoClock.png
Effects/UI/SunkenSeaMenuLogoWater.hlsl
Items/Weapons/Rogue/UtensilPoker.png
Items/Placeables/FurnitureExo/ExoConsole.png
Items/Weapons/Magic/IonBlasterGlow.png
Gores/WyvernWeapons/WyvernHead.png
Gores/WyvernWeapons/WyvernTail.png
Items/Placeables/FurnitureExo/ExoDisplay.png
Items/Weapons/Magic/Keelhaul.png
Items/Placeables/FurnitureExo/ExoDoor.png
Items/Weapons/Magic/LashesofChaos.png
Items/Placeables/FurnitureExo/ExoDresser.png
Items/Weapons/Rogue/Valediction.png
ExtraTextures/Bestiary/BobbitWorm_Bestiary.png
Items/Placeables/FurnitureExo/ExoKeyboard.png
Items/Placeables/FurnitureExo/ExoLamp.png
Sounds/NPCHit/AstralEnemyHit3.ogg
Items/Weapons/Rogue/Vega.png
Sounds/NPCHit/AstrumDeusHit1.ogg
Items/Armor/Brimflame/BrimflameBoots_Legs.png
Items/Armor/Brimflame/BrimflameCowl.png
Sounds/NPCHit/AstrumDeusHit2.ogg
Sounds/NPCHit/AtlasHurt1.ogg
Sounds/NPCHit/AtlasHurt2.ogg
Items/Placeables/FurnitureExo/ExoLantern.png
ExtraTextures/Bestiary/ProfanedEnergy_Bestiary.png
Tiles/DraedonSummoner/CodebreakerT3Highlight.png
Items/Placeables/FurnitureExo/ExoPlatform.png
Items/Placeables/FurnitureExo/ExoPlating.png
Tiles/Crags/Lily/LavaLily6.png
Items/Placeables/FurnitureExo/ExoPlating_Glow.png
Items/Placeables/FurnitureExo/ExoPrismPanel.png
Items/Placeables/FurnitureExo/ExoPrismPanel_Glow.png
Items/Placeables/FurnitureExo/ExoPrismPlatform.png
Tiles/Crags/Lily/LavaLily6Glow.png
Items/Placeables/FurnitureExo/ExoPrismPlatform_Glow.png
Items/Placeables/FurnitureExo/ExoScreen.png
Items/Placeables/FurnitureExo/ExoServer.png
Items/Placeables/FurnitureExo/ExoSink.png
Items/Placeables/FurnitureExo/ExoSofa.png
Tiles/FurnitureVoid/SmoothVoidstoneGlow.png
Items/Placeables/FurnitureExo/ExoTable.png
Items/Weapons/Rogue/VegaGlow.png
Items/Weapons/Magic/LightGodsBrilliance.png
Sounds/NPCHit/AtlasHurt3.ogg
Items/Placeables/FurnitureExo/ExoTerminal.png
Graphics/Metaballs/BigRipLayer.png
Items/Weapons/Magic/MadAlchemistsCocktailGlove.png
Items/Placeables/FurnitureExo/ExoToilet.png
Items/Placeables/FurnitureExo/ExoWorkBench.png
Items/Placeables/FurnitureMarnite/MarniteBathtub.png
Items/Placeables/FurnitureMarnite/MarniteBed.png
Items/Armor/Brimflame/BrimflameCowl_Head.png
Items/Weapons/Magic/MagneticMeltdown.png
Items/Armor/Brimflame/BrimflameRobes.png
Items/Weapons/Magic/ManaRose.png
Items/Placeables/FurnitureMarnite/MarniteBookcase.png
Items/Weapons/Magic/Miasma.png
Items/Placeables/FurnitureMarnite/MarniteCandelabra.png
Items/Placeables/FurnitureMarnite/MarniteCandle.png
Items/Placeables/FurnitureMarnite/MarniteChair.png
Tiles/DraedonSummoner/CodebreakerT4Highlight.png
Items/Placeables/FurnitureMarnite/MarniteChandelier.png
Items/Placeables/FurnitureMarnite/MarniteChest.png
Items/Weapons/Magic/Mistlestorm.png
ExtraTextures/Bestiary/Sepulcher_Bestiary.png
Tiles/Crags/Lily/LavaLily6Top.png
Items/Weapons/Magic/NanoPurge.png
Items/Weapons/Rogue/WaveSkipper.png
Items/Weapons/Rogue/WebBall.png
Items/Weapons/Rogue/Whitewater.png
Tiles/FurnitureVoid/SmoothVoidstonePlatform.png
Items/Placeables/FurnitureMarnite/MarniteClock.png
Tiles/FurnitureVoid/VoidBath.png
Items/Placeables/FurnitureMarnite/MarniteDoor.png
Items/Weapons/Magic/NebulousCataclysm.png
Tiles/Crags/Lily/LavaLily6TopGlow.png
Items/Weapons/Magic/NightsRay.png
Items/Placeables/FurnitureMarnite/MarniteDresser.png
Items/Weapons/Rogue/Wrathwing.png
Tiles/FurnitureVoid/VoidBed.png
Items/Placeables/FurnitureMarnite/MarniteLamp.png
Items/Weapons/Rogue/WulfrumKnife.png
Items/Weapons/Magic/NuclearFury.png
Tiles/FurnitureVoid/VoidBed_Highlight.png
Items/Placeables/FurnitureMarnite/MarniteLantern.png
Items/Placeables/FurnitureMarnite/MarniteLight.png
Items/Armor/Brimflame/BrimflameRobes_Body.png
Items/Placeables/FurnitureMarnite/MarniteLight_Flame.png
Items/Weapons/Summon/AbandonedSlimeStaff.png
Items/Armor/Daedalus/DaedalusBreastplate.png
Items/Placeables/FurnitureMarnite/MarniteOrgan.png
Tiles/Crags/Spike/CragStalactiteGiant1.png
Sounds/NPCHit/AureusHit1.ogg
Items/Placeables/FurnitureMarnite/MarniteSink.png
Tiles/FurnitureVoid/VoidBookcase.png
Items/Weapons/Magic/Nucleosynthesis.png
Items/Placeables/FurnitureMarnite/MarniteSofa.png
Tiles/FurnitureVoid/VoidCandelabra.png
Tiles/FurnitureVoid/VoidCandle.png
Items/Placeables/FurnitureMarnite/MarniteTable.png
Tiles/FurnitureVoid/VoidChair.png
Items/Placeables/FurnitureMarnite/MarniteToilet.png
Tiles/FurnitureVoid/VoidChair_Highlight.png
Tiles/Crags/Spike/CragStalactiteGiant2.png
Items/Weapons/Magic/NucleosynthesisGlow.png
Items/Placeables/FurnitureMarnite/MarniteWorkBench.png
Items/Placeables/FurnitureMarnite/PolishedMarniteBlock.png
Items/Placeables/FurnitureMarnite/PolishedMarnitePlatform.png
Tiles/FurnitureVoid/VoidChandelier.png
Items/Placeables/FurnitureMonolith/AstralMonolith.png
Items/Placeables/FurnitureMonolith/MonolithAmalgam.png
Items/Weapons/Magic/Omicron.png
Items/Placeables/FurnitureMonolith/MonolithBathtub.png
Tiles/Crags/Spike/CragStalactiteGiant3.png
Items/Placeables/FurnitureMonolith/MonolithBed.png
Tiles/FurnitureVoid/VoidChest.png
Sounds/NPCHit/AureusHit2.ogg
Items/Weapons/Magic/ParasiticSceptor.png
Sounds/NPCHit/AureusHit3.ogg
Tiles/FurnitureVoid/VoidChest_Highlight.png
Tiles/Crags/Spike/CragStalactiteLarge1.png
Graphics/Metaballs/BloodLayer.png
Items/Placeables/FurnitureMonolith/MonolithBench.png
Items/Weapons/Summon/AmphibiansGuitar.png
Items/Weapons/Magic/PhantasmalFury.png
Tiles/Crags/Spike/CragStalactiteLarge2.png
Items/Armor/Daedalus/DaedalusBreastplate_Body.png
Items/Placeables/FurnitureMonolith/MonolithBookcase.png
Sounds/NPCHit/AureusHit4.ogg
Tiles/Crags/Spike/CragStalactiteLarge3.png
Items/Placeables/FurnitureMonolith/MonolithCandelabra.png
Items/Placeables/FurnitureMonolith/MonolithCandle.png
Tiles/DraedonSummoner/CodebreakerTile.png
Tiles/Crags/Spike/CragStalactiteSmall1.png
Items/Weapons/Magic/PhoenixFlameBarrage.png
Items/Placeables/FurnitureMonolith/MonolithChair.png
Items/Weapons/Summon/AncientIceChunk.png
Items/Weapons/Magic/Photosynthesis.png
NPCs/NormalNPCs/ScornEater.png
Items/Armor/Daedalus/DaedalusBreastplate_Waist.png
Items/Weapons/Summon/AquasScepter.png
Items/Weapons/Magic/PhotosynthesisGlow.png
Tiles/Crags/Spike/CragStalactiteSmall2.png
Tiles/FurnitureVoid/VoidClock.png
Sounds/NPCHit/CrabulonHit1.ogg
Items/Armor/Daedalus/DaedalusHeadMagic.png
Items/Placeables/FurnitureMonolith/MonolithChandelier.png
Items/Weapons/Magic/PlagueStaff.png
Items/Placeables/FurnitureMonolith/MonolithChest.png
Items/Weapons/Magic/PlasmaRifle.png
Items/Weapons/Magic/PlasmaRod.png
Projectiles/Magic/SigilSet.png
Items/Placeables/FurnitureMonolith/MonolithClock.png
Projectiles/Magic/SlitheringEelBody.png
Projectiles/Magic/SlitheringEelBody2.png
Tiles/FurnitureVoid/VoidClock_Highlight.png
Items/Weapons/Magic/Poseidon.png
Backgrounds/AstralSurfaceCloseGlow.png
Items/Placeables/FurnitureMonolith/MonolithDoor.png
Projectiles/Magic/SlitheringEelProjectile.png
Projectiles/Magic/SlitheringEelTail.png
Projectiles/Magic/Snowball.png
Items/Weapons/Summon/AresExoskeleton.png
NPCs/NormalNPCs/ShockstormShuttle.png
Items/Weapons/Magic/PrimordialAncient.png
Tiles/FurnitureVoid/VoidDoorClosed.png
Items/Placeables/FurnitureMonolith/MonolithDresser.png
Items/Weapons/Summon/AresExoskeletonRemote.png
Items/Placeables/FurnitureMonolith/MonolithLamp.png
Tiles/FurnitureVoid/VoidDoorClosed_Highlight.png
Items/Weapons/Magic/PrimordialEarth.png
Projectiles/Magic/Snowflake.png
Projectiles/Magic/SolarElementalBeam.png
Items/Placeables/FurnitureMonolith/MonolithLantern.png
Items/Placeables/FurnitureMonolith/MonolithPiano.png
Tiles/FurnitureVoid/VoidDoorOpen.png
Items/Armor/Daedalus/DaedalusHeadMagic_Head.png
Items/Placeables/FurnitureMonolith/MonolithPlatform.png
NPCs/NormalNPCs/Shroomble.png
Items/Armor/Daedalus/DaedalusHeadMelee.png
Tiles/DraedonSummoner/CodebreakerVoltageRegulationSystem.png
Items/Placeables/FurnitureMonolith/MonolithSink.png
Items/Placeables/FurnitureMonolith/MonolithTable.png
Tiles/Crags/Spike/CragStalactiteSmall3.png
Items/Weapons/Magic/PurgeGuzzler.png
Items/Placeables/FurnitureMonolith/MonolithWorkBench.png
Items/Placeables/FurnitureNavystone/NavystoneBathtub.png
Sounds/NPCHit/CrabulonHit2.ogg
Sounds/NPCHit/CrabulonHit3.ogg
Sounds/NPCHit/CryogenHit1.ogg
Tiles/Crags/Spike/CragStalagmiteGiant1.png
Sounds/NPCHit/CryogenHit2.ogg
Sounds/NPCHit/CryogenHit3.ogg
NPCs/NormalNPCs/Stormlion.png
Sounds/NPCHit/CryogenPhaseTransitionCrack.ogg
Items/Weapons/Magic/RainbowPartyCannon.png
Graphics/Metaballs/CalamitasLayer.png
Sounds/NPCHit/DesertScourgeHit1.ogg
NPCs/NormalNPCs/Sunskater.png
Tiles/Crags/Spike/CragStalagmiteGiant2.png
Tiles/FurnitureVoid/VoidDoorOpen_Highlight.png
Projectiles/Magic/SpiritCongregation.png
Items/Weapons/Magic/Rancor.png
Items/Weapons/Magic/RecitationoftheBeast.png
Tiles/FurnitureVoid/VoidDresser.png
Items/Weapons/Magic/RelicofRuin.png
Tiles/Crags/Spike/CragStalagmiteGiant3.png
NPCs/NormalNPCs/SuperDummyNPC.png
Items/Armor/Daedalus/DaedalusHeadMelee_Head.png
Items/Weapons/Magic/RougeSlash.png
Items/Armor/Daedalus/DaedalusHeadRanged.png
Tiles/Crags/Spike/CragStalagmiteLarge1.png
Items/Weapons/Summon/AresExoskeleton_Body.png
Items/Weapons/Magic/SandstreamScepter.png
NPCs/NormalNPCs/WulfrumAmplifier.png
Tiles/Crags/Spike/CragStalagmiteLarge2.png
Items/Weapons/Magic/SanguineFlare.png
Items/Weapons/Summon/AtlasMunitionsBeacon.png
Tiles/FurnitureVoid/VoidDresser_Highlight.png
Items/Weapons/Summon/AtlasMunitionsBeaconGlow.png
Items/Weapons/Magic/SeethingDischarge.png
Tiles/Crags/Spike/CragStalagmiteLarge3.png
Items/Weapons/Summon/BelladonnaSpiritStaff.png
Items/Weapons/Magic/Serpentine.png
Tiles/FurnitureVoid/VoidLamp.png
Tiles/Crags/Spike/CragStalagmiteSmall1.png
Items/Weapons/Summon/BlackHawkRemote.png
NPCs/NormalNPCs/WulfrumDrone.png
Items/Weapons/Magic/ShadecrystalBarrage.png
Tiles/FurnitureVoid/VoidLantern.png
Tiles/Crags/Spike/CragStalagmiteSmall2.png
Tiles/DraedonSummoner/CodebreakerVoltageRegulationSystem2.png
Items/Weapons/Magic/ShaderainStaff.png
Items/Weapons/Summon/BorealisBomber.png
Tiles/FurnitureVoid/VoidPiano.png
Tiles/Crags/Spike/CragStalagmiteSmall3.png
Sounds/NPCHit/DesertScourgeHit2.ogg
Items/Weapons/Summon/BrittleStarStaff.png
Items/Weapons/Magic/ShadowboltStaff.png
Tiles/FurnitureVoid/VoidSink.png
Items/Weapons/Summon/CadaverousCarrion.png
Items/Armor/Daedalus/DaedalusHeadRanged_Head.png
Items/Weapons/Magic/ShiftingSands.png
Tiles/Furniture/BabyCannonballJellyfishBowlTile.png
Items/Armor/Daedalus/DaedalusHeadRogue.png
Tiles/FurnitureVoid/VoidSofa.png
Sounds/NPCHit/DesertScourgeHit3.ogg
Tiles/Crags/Tree/SpineBottom.png
Tiles/FurnitureVoid/VoidSofa_Highlight.png
Tiles/Crags/Tree/SpineRib1Left.png
NPCs/NormalNPCs/WulfrumGyrator.png
Sounds/NPCHit/ExoHit1.ogg
Tiles/Crags/Tree/SpineRib1Right.png
Sounds/NPCHit/ExoHit2.ogg
Sounds/NPCHit/ExoHit3.ogg
Tiles/Crags/Tree/SpineRib2Left.png
Items/Weapons/Magic/SHPC.png
Items/Weapons/Magic/SkyGlaze.png
Tiles/Crags/Tree/SpineRib2Right.png
Items/Placeables/FurnitureNavystone/NavystoneBed.png
Items/Weapons/Magic/SlitheringEels.png
Projectiles/Magic/SpiritCongregationAura.png
Tiles/Crags/Tree/SpineRib3Left.png
Items/Placeables/FurnitureNavystone/NavystoneBookcase.png
Items/Weapons/Summon/CalamarisLament.png
Items/Weapons/Magic/SnowstormStaff.png
Items/Weapons/Magic/SoulPiercer.png
Tiles/Crags/Tree/SpineRib3Right.png
Items/Armor/Daedalus/DaedalusHeadRogue_Head.png
Tiles/Crags/Tree/SpineSapling.png
NPCs/NormalNPCs/WulfrumHovercraft.png
Items/Armor/Daedalus/DaedalusHeadSummon.png
Items/Weapons/Magic/SoulPiercerGlow.png
Tiles/Crags/Tree/SpineSegments.png
Items/Weapons/Magic/StaffofBlushie.png
Tiles/Crags/Tree/SpineTop.png
Items/Weapons/Magic/StarShower.png
Items/Weapons/Summon/CausticCroakerStaff.png
Items/Weapons/Magic/SubsumingVortex.png
Graphics/Metaballs/CataclysmLayer.png
Items/Weapons/Summon/CausticStaff.png
Items/Weapons/Summon/CinderBlossomStaff.png
Items/Weapons/Magic/SubsumingVortexGlow.png
Items/Armor/Daedalus/DaedalusHeadSummon_Head.png
Items/Armor/Daedalus/DaedalusLeggings.png
NPCs/NormalNPCs/WulfrumRover.png
Items/Weapons/Magic/SubsumingVortexSmall.png
Items/Weapons/Magic/SubsumingVortexSmallGlow.png
Items/Mounts/Crysthamyr_Back.png
Items/Weapons/Summon/CindersOfLament.png
Sounds/NPCHit/ExoHit4.ogg
Items/Placeables/FurnitureNavystone/NavystoneCandelabra.png
Items/Weapons/Magic/SylvestaffGold.png
Items/Weapons/Summon/Cnidarian.png
Items/Placeables/FurnitureNavystone/NavystoneCandle.png
Items/Weapons/Summon/CnidarianFishingRod.png
Items/Placeables/FurnitureNavystone/NavystoneChair.png
Items/Weapons/Magic/SylvestaffPlatinum.png
Items/Weapons/Summon/CorroslimeStaff.png
Items/Placeables/FurnitureNavystone/NavystoneChandelier.png
Sounds/NPCHit/GreatSandSharkHit.ogg
Items/Placeables/FurnitureNavystone/NavystoneChest.png
Tiles/Crags/Tree/SpineTree.png
Items/Weapons/Magic/TacticiansTrumpCard.png
Items/Weapons/Summon/CorvidHarbringerStaff.png
Sounds/NPCHit/NuclearTerrorHit.ogg
Tiles/DraedonStructures/CagedLights/AgedBiolight.png
Sounds/NPCHit/OtherworldlyHit.ogg
Sounds/NPCHit/PerfHiveHit1.ogg
Items/Weapons/Magic/TearsofHeaven.png
Sounds/NPCHit/PerfHiveHit2.ogg
Items/Placeables/FurnitureNavystone/NavystoneClock.png
Sounds/NPCHit/PerfHiveHit3.ogg
Tiles/DraedonStructures/CagedLights/AgedBlacklight.png
Sounds/NPCHit/PerfLargeHit1.ogg
Items/Weapons/Magic/Teslastaff.png
Items/Placeables/FurnitureNavystone/NavystoneDoor.png
Sounds/NPCHit/PerfLargeHit2.ogg
Sounds/NPCHit/PerfLargeHit3.ogg
Items/Placeables/FurnitureNavystone/NavystoneDresser.png
Sounds/NPCHit/PerfMediumHit1.ogg
Tiles/DraedonStructures/CagedLights/AgedCinderlight.png
Items/Placeables/FurnitureNavystone/NavystoneLamp.png
Sounds/NPCHit/PerfMediumHit2.ogg
Items/Placeables/FurnitureNavystone/NavystoneLantern.png
Sounds/NPCHit/PerfMediumHit3.ogg
Sounds/NPCHit/PerfSmallHit1.ogg
Items/Placeables/FurnitureNavystone/NavystoneLyre.png
Sounds/NPCHit/PerfSmallHit2.ogg
Tiles/DraedonStructures/CagedLights/AgedFlamelight.png
Items/Placeables/FurnitureNavystone/NavystonePlatform.png
Sounds/NPCHit/PerfSmallHit3.ogg
Sounds/NPCHit/PolterghastHit.ogg
Items/Placeables/FurnitureNavystone/NavystoneSink.png
Sounds/NPCHit/ProvidenceHurt.ogg
Tiles/DraedonStructures/CagedLights/AgedFloodlight.png
Sounds/NPCHit/RavagerHurt1.ogg
Sounds/NPCHit/RavagerHurt2.ogg
Items/Weapons/Magic/TheCauldron.png
Sounds/NPCHit/RavagerHurt3.ogg
Items/Weapons/Magic/TheCauldronGlow.png
Sounds/NPCHit/RavagerHurt4.ogg
Sounds/NPCHit/RavagerRockPillarHit1.ogg
Items/Weapons/Magic/TheDanceofLight.png
Tiles/DraedonStructures/CagedLights/AgedFrostlight.png
Sounds/NPCHit/RavagerRockPillarHit2.ogg
Sounds/NPCHit/RavagerRockPillarHit3.ogg
Sounds/NPCHit/RimehoundHit.ogg
Sounds/NPCHit/ScornHurt.ogg
Sounds/NPCHit/ShieldHit1.ogg
Tiles/DraedonStructures/CagedLights/AgedLablight.png
Sounds/NPCHit/ShieldHit2.ogg
Tiles/DraedonStructures/CagedLights/AgedLablight_Glow.png
Sounds/NPCHit/ShieldHit3.ogg
Items/Weapons/Magic/ThePrince.png
Sounds/NPCHit/StormlionAltHit.ogg
Items/Weapons/Magic/TheSwarmer.png
Items/Placeables/FurnitureNavystone/NavystoneTable.png
Items/Weapons/Magic/TheWand.png
Tiles/DraedonStructures/CagedLights/CagedBiolight.png
Items/Placeables/FurnitureNavystone/NavystoneToilet.png
Items/Weapons/Magic/ThornBlossom.png
Sounds/NPCHit/StormlionHit.ogg
Items/Placeables/FurnitureNavystone/NavystoneTriclinium.png
Items/Placeables/FurnitureNavystone/NavystoneWorkBench.png
Items/Weapons/Magic/Tradewinds.png
Items/Placeables/FurnitureNavystone/PolishedNavystoneBrick.png
Items/Placeables/FurnitureNavystone/SmoothNavystone.png
Items/Weapons/Magic/UltraLiquidator.png
Items/Placeables/FurnitureOtherworldly/OtherworldlyBathtub.png
Items/Weapons/Summon/CosmicImmaterializer.png
Items/Placeables/FurnitureOtherworldly/OtherworldlyBed.png
Items/Weapons/Magic/UndinesRetribution.png
Items/Placeables/FurnitureOtherworldly/OtherworldlyBookcase.png
Items/Placeables/FurnitureOtherworldly/OtherworldlyCandelabra.png
Items/Placeables/FurnitureOtherworldly/OtherworldlyCandle.png
NPCs/NormalNPCs/WulfrumRoverShield.png
Items/Weapons/Magic/UnstableCastersGauntlet.png
Items/Placeables/FurnitureOtherworldly/OtherworldlyChair.png
Tiles/DraedonStructures/CagedLights/CagedBlacklight.png
Items/Weapons/Summon/CosmicImmaterializerGlow.png
Items/Weapons/Summon/CosmicViperEngine.png
Items/Placeables/FurnitureOtherworldly/OtherworldlyChandelier.png
Items/Weapons/Summon/Cosmilamp.png
Items/Placeables/FurnitureOtherworldly/OtherworldlyChest.png
Items/Weapons/Summon/CrimslimeStaff.png
Items/Placeables/FurnitureOtherworldly/OtherworldlyClock.png
Tiles/DraedonStructures/CagedLights/CagedCinderlight.png
Items/Armor/Daedalus/DaedalusLeggings_Legs.png
Items/Placeables/FurnitureOtherworldly/OtherworldlyDoor.png
Items/Weapons/Summon/CryogenicStaff.png
Items/Armor/Demonshade/DemonshadeBreastplate.png
Sounds/NPCHit/ThanatosHitClosed1.ogg
Items/Weapons/Summon/DaedalusGolemStaff.png
Items/Placeables/FurnitureOtherworldly/OtherworldlyDresser.png
Sounds/NPCHit/ThanatosHitClosed2.ogg
Sounds/NPCHit/ThanatosHitClosed3.ogg
Sounds/NPCHit/ThanatosHitOpen1.ogg
Tiles/DraedonStructures/CagedLights/CagedFlamelight.png
Sounds/NPCHit/ThanatosHitOpen2.ogg
Items/Placeables/FurnitureOtherworldly/OtherworldlyLamp.png
Items/Placeables/FurnitureOtherworldly/OtherworldlyLantern.png
Items/Placeables/FurnitureOtherworldly/OtherworldlyPiano.png
Items/Placeables/FurnitureOtherworldly/OtherworldlyPlatform.png
Items/Weapons/Summon/DankStaff.png
Sounds/NPCHit/WulfrumHit1.ogg
Sounds/NPCHit/WulfrumHit2.ogg
Tiles/DraedonStructures/CagedLights/CagedFloodlight.png
Sounds/NPCHit/WulfrumHit3.ogg
Items/Weapons/Summon/DazzlingStabberStaff.png
Items/Placeables/FurnitureOtherworldly/OtherworldlySink.png
Sounds/NPCHit/YharonHurt.ogg
Sounds/NPCKilled/AnahitaDeath.ogg
Graphics/Metaballs/CatastropheLayer.png
Sounds/NPCKilled/AstralEnemyDeath.ogg
Items/Armor/Demonshade/DemonshadeBreastplate_Arms.png
Sounds/NPCKilled/AstrumDeusDeath.ogg
Projectiles/Magic/SpiritCongregationAuraBig.png
Items/Weapons/Magic/UnstableCastersGauntlet_HandsOn.png
Items/Placeables/FurnitureOtherworldly/OtherworldlySofa.png
Items/Placeables/FurnitureOtherworldly/OtherworldlyStone.png
Items/Weapons/Magic/ValkyrieRay.png
Items/Placeables/FurnitureOtherworldly/OtherworldlyTable.png
Items/Weapons/Magic/VeeringWind.png
Tiles/Furniture/BabyFlakCrabCageTile.png
Sounds/NPCKilled/AtlasDeath.ogg
NPCs/Noxus/Noxus.png
Tiles/Furniture/BabyGhostBellJarTile.png
Tiles/Furniture/BlueCandle.png
Backgrounds/AstralDesertSurfaceMiddle.png
Tiles/Furniture/BlueCandle_Highlight.png
Tiles/Furniture/ChaosCandle.png
Tiles/DraedonStructures/CagedLights/CagedFrostlight.png
Sounds/NPCKilled/AureusDeath.ogg
Tiles/Furniture/ChaosCandleFlame.png
Items/Weapons/Summon/DazzlingStabberStaffGlow.png
Items/Placeables/FurnitureOtherworldly/OtherworldlyWorkBench.png
Items/Placeables/FurniturePlagued/BrokenPlaguedBed.png
Tiles/Furniture/CorruptionEffigy.png
Items/Placeables/FurniturePlagued/PlaguedContainmentBrick.png
Items/Placeables/FurniturePlagued/PlaguedPlateBathtub.png
Items/Weapons/Magic/Vehemence.png
Items/Placeables/FurniturePlagued/PlaguedPlateBed.png
Tiles/Furniture/CorruptionEffigy_Highlight.png
Items/Weapons/Summon/DeathstareRod.png
Items/Placeables/FurniturePlagued/PlaguedPlateBookcase.png
Projectiles/Magic/SpiritCongregationBack.png
Items/Placeables/FurniturePlagued/PlaguedPlateCandelabra.png
Items/Weapons/Magic/VenusianTrident.png
Items/Placeables/FurniturePlagued/PlaguedPlateCandle.png
Items/Placeables/FurniturePlagued/PlaguedPlateChair.png
Items/Placeables/FurniturePlagued/PlaguedPlateChandelier.png
Items/Weapons/Magic/Vesuvius.png
Tiles/DraedonStructures/CagedLights/CagedLablight.png
Items/Armor/Demonshade/DemonshadeBreastplate_Body.png
Items/Placeables/FurniturePlagued/PlaguedPlateChest.png
Tiles/Furniture/CrimsonEffigy.png
Items/Placeables/FurniturePlagued/PlaguedPlateClock.png
Items/Armor/Demonshade/DemonshadeGreaves.png
Tiles/DraedonStructures/CagedLights/MiniAgedBiolight.png
Items/Placeables/FurniturePlagued/PlaguedPlateDoor.png
Items/Placeables/FurniturePlagued/PlaguedPlateDresser.png
Items/Weapons/Magic/VesuviusGlow.png
Tiles/DraedonStructures/CagedLights/MiniAgedBlacklight.png
Items/Placeables/FurniturePlagued/PlaguedPlateLamp.png
Tiles/DraedonStructures/CagedLights/MiniAgedCinderlight.png
Items/Placeables/FurniturePlagued/PlaguedPlateLantern.png
Items/Weapons/Magic/Viscera.png
Items/Placeables/FurniturePlagued/PlaguedPlatePiano.png
Items/Placeables/FurniturePlagued/PlaguedPlatePlatform.png
Items/Weapons/Summon/DeepseaStaff.png
Items/Weapons/Summon/DormantBrimseeker.png
Tiles/Furniture/CrimsonEffigy_Highlight.png
Items/Weapons/Magic/VitriolicViper.png
Tiles/DraedonStructures/CagedLights/MiniAgedFlamelight.png
Items/Weapons/Summon/DragonbloodDisgorger.png
Tiles/Furniture/EffigyOfDecayPlaceable.png
Tiles/DraedonStructures/CagedLights/MiniAgedFloodlight.png
Items/Weapons/Summon/DreadmineStaff.png
Sounds/NPCKilled/CeaselessVoidDeath.ogg
Tiles/DraedonStructures/CagedLights/MiniAgedFrostlight.png
Tiles/DraedonStructures/CagedLights/MiniAgedLablight.png
Tiles/DraedonStructures/CagedLights/MiniAgedLablight_Glow.png
Sounds/NPCKilled/CrabulonDeath.ogg
Tiles/DraedonStructures/CagedLights/MiniCagedBiolight.png
Items/Placeables/FurniturePlagued/PlaguedPlateSink.png
Sounds/NPCKilled/CrownJewelShatter.ogg
Items/Weapons/Summon/EnchantedConch.png
Items/Placeables/FurniturePlagued/PlaguedPlateSofa.png
Tiles/DraedonStructures/CagedLights/MiniCagedBlacklight.png
Items/Placeables/FurniturePlagued/PlaguedPlateTable.png
Sounds/NPCKilled/CryogenDeath.ogg
Items/Placeables/FurniturePlagued/PlaguedWorkBench.png
Sounds/NPCKilled/CryogenShieldBreak.ogg
Tiles/DraedonStructures/CagedLights/MiniCagedCinderlight.png
Items/Placeables/FurnitureProfaned/ProfanedBathtub.png
Sounds/NPCKilled/DesertScourgeDeath.ogg
Tiles/DraedonStructures/CagedLights/MiniCagedFlamelight.png
Items/Placeables/FurnitureProfaned/ProfanedBed.png
Sounds/NPCKilled/DevourerDeath.ogg
Sounds/NPCKilled/DevourerDeathImpact.ogg
Items/Placeables/FurnitureProfaned/ProfanedBench.png
Items/Weapons/Summon/EnchantedKnifeStaff.png
Items/Weapons/Magic/VividClarity.png
Sounds/NPCKilled/DevourerSegmentBreak1.ogg
Items/Placeables/FurnitureProfaned/ProfanedBookcase.png
Sounds/NPCKilled/DevourerSegmentBreak2.ogg
Items/Placeables/FurnitureProfaned/ProfanedCandelabra.png
Items/Weapons/Summon/Endogenesis.png
Sounds/NPCKilled/DevourerSegmentBreak3.ogg
Items/Placeables/FurnitureProfaned/ProfanedCandle.png
Tiles/DraedonStructures/CagedLights/MiniCagedFloodlight.png
Sounds/NPCKilled/DevourerSegmentBreak4.ogg
Sounds/NPCKilled/EidolistDeath.ogg
Items/Weapons/Summon/EndoHydraStaff.png
Items/Placeables/FurnitureProfaned/ProfanedChair.png
Sounds/NPCKilled/ExoDeath.ogg
Items/Armor/Demonshade/DemonshadeGreaves_Legs.png
Tiles/DraedonStructures/CagedLights/MiniCagedFrostlight.png
Sounds/NPCKilled/GreatSandSharkDeath.ogg
Items/Placeables/FurnitureProfaned/ProfanedChandelier.png
Tiles/Furniture/LanternCenterTile.png
Items/Placeables/FurnitureProfaned/ProfanedChest.png
Items/Armor/Demonshade/DemonshadeHelm.png
Items/Placeables/FurnitureProfaned/ProfanedClock.png
Items/Placeables/FurnitureProfaned/ProfanedCrystal.png
Items/Placeables/FurnitureProfaned/ProfanedDoor.png
Items/Placeables/FurnitureProfaned/ProfanedDresser.png
Items/Placeables/FurnitureProfaned/ProfanedLamp.png
Items/Placeables/FurnitureProfaned/ProfanedLantern.png
Tiles/Furniture/LanternCenterTile_Highlight.png
Items/Placeables/FurnitureProfaned/ProfanedPiano.png
Items/Placeables/FurnitureProfaned/ProfanedPlatform.png
Items/Placeables/FurnitureProfaned/ProfanedRock.png
Items/Placeables/FurnitureProfaned/ProfanedSink.png
Items/Placeables/FurnitureProfaned/ProfanedSlab.png
Items/Placeables/FurnitureProfaned/ProfanedTable.png
Items/Weapons/Summon/EntropysVigil.png
Items/Placeables/FurnitureProfaned/ProfanedWorkBench.png
Items/Placeables/FurnitureProfaned/RunicProfanedBrick.png
Tiles/DraedonStructures/CagedLights/MiniCagedLablight.png
Items/Placeables/FurnitureRunestone/RunestoneTerracotta.png
Items/Weapons/Summon/EtherealSubjugator.png
Items/Armor/Demonshade/DemonshadeHelm_Extension.png
Tiles/Furniture/BossRelics/AquaticScourgeRelic.png
Items/Placeables/FurnitureSacrilegious/EyeOfTheAccursedBanner.png
Items/Weapons/Summon/EtherealSubjugatorGlow.png
Items/Placeables/FurnitureSacrilegious/LargeRitualCandle.png
Tiles/FurnitureVoid/VoidstoneSlab.png
Items/Weapons/Summon/EyeOfNight.png
Sounds/NPCKilled/Lordeath.ogg
Items/Placeables/FurnitureSacrilegious/MonolithOfTheAccursed.png
Tiles/Furniture/BossRelics/AstrumAureusRelic.png
Items/Weapons/Magic/VividClarityGlow.png
Items/Placeables/FurnitureSacrilegious/OccultBrickItem.png
Items/Placeables/FurnitureSacrilegious/OccultLegionnaireBanner.png
Tiles/Furniture/BossRelics/AstrumDeusRelic.png
Items/Placeables/FurnitureSacrilegious/OccultPlatformItem.png
Items/Placeables/FurnitureSacrilegious/RitualCandle.png
Tiles/Furniture/BossRelics/BrimstoneElementalRelic.png
Items/Mounts/Crysthamyr_Front.png
Items/Placeables/FurnitureSacrilegious/SacrilegiousBathtub.png
Tiles/Furniture/BossRelics/CalamitasCloneRelic.png
Items/Armor/Demonshade/DemonshadeHelm_Head.png
Items/Placeables/FurnitureSacrilegious/SacrilegiousBed.png
Tiles/Furniture/BossRelics/CalamitasRelic.png
Items/Armor/DesertProwler/DesertProwlerHat.png
Backgrounds/AstralSurfaceFar.png
Items/Mounts/DraedonGamerChairMount_Back.png
Items/Weapons/Magic/VoidVortex.png
Items/Placeables/FurnitureSacrilegious/SacrilegiousBench.png
Tiles/Furniture/BossRelics/CeaselessVoidRelic.png
Sounds/NPCKilled/NuclearTerrorDeath.ogg
Items/Placeables/FurnitureSacrilegious/SacrilegiousBookcase.png
Tiles/Furniture/BossRelics/CrabulonRelic.png
Items/Placeables/FurnitureSacrilegious/SacrilegiousCandelabra.png
Items/Weapons/Magic/VoltaicClimax.png
Items/Placeables/FurnitureSacrilegious/SacrilegiousCandle.png
Tiles/Furniture/BossRelics/CragmawMireRelic.png
Items/Placeables/FurnitureSacrilegious/SacrilegiousChair.png
Items/Mounts/DraedonGamerChairMount_Front.png
Tiles/Furniture/BossRelics/CryogenRelic.png
Items/Placeables/FurnitureSacrilegious/SacrilegiousChandelier.png
Tiles/Furniture/BossRelics/DesertScourgeRelic.png
Items/Weapons/Summon/FlamsteedRing.png
Items/Placeables/FurnitureSacrilegious/SacrilegiousChest.png
Items/Mounts/DraedonGamerChairMount_Glowmask.png
Items/Placeables/FurnitureSacrilegious/SacrilegiousClock.png
Items/Placeables/FurnitureSacrilegious/SacrilegiousDoor.png
Items/Weapons/Summon/FleshOfInfidelity.png
Items/Mounts/ExoArmamentsKit.png
Items/Armor/DesertProwler/DesertProwlerHat_Head.png
Items/Placeables/FurnitureSacrilegious/SacrilegiousDresser.png
Items/Armor/DesertProwler/DesertProwlerPants.png
Items/Weapons/Summon/FlowersOfMortality.png
Sounds/NPCKilled/PerfHiveDeath.ogg
Items/Weapons/Summon/ForgottenApexWand.png
Sounds/NPCKilled/PerfLargeDeath.ogg
Items/Weapons/Summon/FrostBlossomStaff.png
Items/Weapons/Magic/Volterion.png
Items/Weapons/Summon/FuelCellBundle.png
Items/Weapons/Summon/GammaHeart.png
Items/Weapons/Magic/Waywasher.png
Projectiles/Magic/SpiritCongregationBackBig.png
NPCs/OldDuke/OldDuke.png
Items/Placeables/FurnitureSacrilegious/SacrilegiousLamp.png
Sounds/NPCKilled/PerfMediumDeath.ogg
Sounds/NPCKilled/PerfSmallDeath.ogg
Items/Armor/DesertProwler/DesertProwlerPants_Legs.png
Items/Armor/DesertProwler/DesertProwlerShirt.png
Sounds/NPCKilled/PrimordialWyrmDeath.ogg
Tiles/Furniture/PiggyCageTile.png
Items/Mounts/ExoTank_Back.png
Tiles/Furniture/BossRelics/DevourerOfGodsRelic.png
Items/Placeables/FurnitureSacrilegious/SacrilegiousLantern.png
Tiles/Furniture/PinkCandle.png
Tiles/Furniture/PinkCandle_Highlight.png
Items/Placeables/FurnitureSacrilegious/SacrilegiousOrgan.png
Items/Weapons/Summon/GastricBelcherStaff.png
Items/Placeables/FurnitureSacrilegious/SacrilegiousSink.png
Tiles/Furniture/BossRelics/DraedonRelic.png
Items/Weapons/Summon/GlacialEmbrace.png
Items/Weapons/Magic/Wingman.png
Items/Weapons/Summon/GuidelightofOblivion.png
Items/Weapons/Magic/WingmanAlt.png
Items/Weapons/Summon/HarvestStaff.png
Items/Weapons/Magic/WintersFury.png
Items/Mounts/ExoTank_BackGun.png
Items/Weapons/Summon/HauntedScroll.png
Backgrounds/AstralSnowSurfaceMiddle.png
Items/Weapons/Summon/HerringStaff.png
Graphics/Metaballs/GruesomeEminence_Ghost_Layer1.png
Items/Placeables/FurnitureSacrilegious/SacrilegiousTable.png
Items/Weapons/Magic/WulfrumProsthesis.png
ExtraTextures/GreyscaleGradients/Bark.png
Items/Weapons/Magic/WulfrumProsthesis_Arm.png
Sounds/NPCKilled/RavagerDeath1.ogg
Items/Mounts/ExoTank_BackGunGlow.png
Items/Placeables/FurnitureSacrilegious/SacrilegiousWorkBench.png
Items/Placeables/FurnitureShellstone/ShellstoneSlab.png
Items/Placeables/FurnitureShellstone/ShellTrimBrick.png
Tiles/Furniture/PurpleCandle.png
Items/Placeables/FurnitureSilva/SilvaBasin.png
Items/Weapons/Magic/WyvernsCall.png
Tiles/Furniture/PurpleCandle_Highlight.png
Items/Placeables/FurnitureSilva/SilvaBathtub.png
Items/Weapons/Magic/YharimsCrystal.png
Projectiles/Magic/SpiritCongregationBig.png
NPCs/OldDuke/OldDukeGlow.png
Items/Weapons/Melee/AbsoluteZero.png
Projectiles/Magic/SpiritFlameCurse.png
NPCs/OldDuke/OldDukeToothBall.png
NPCs/OldDuke/OldDuke_Head_Boss.png
Projectiles/Magic/Starblast.png
Items/Weapons/Melee/AbyssBlade.png
Projectiles/Magic/StardustElementalBeam.png
Projectiles/Magic/StickyFeather.png
Items/Weapons/Melee/AcidwoodSword.png
Tiles/Furniture/BossRelics/DragonfollyRelic.png
Items/Weapons/Melee/AegisBlade.png
NPCs/OldDuke/SulphurousSharkron.png
Items/Weapons/Summon/HivePod.png
Sounds/NPCKilled/RavagerDeath2.ogg
Items/Armor/DesertProwler/DesertProwlerShirt_Body.png
Items/Weapons/Summon/IgneousExaltation.png
Tiles/Furniture/BossRelics/GiantClamRelic.png
Tiles/Furniture/BossRelics/GreatSandSharkRelic.png
Tiles/FurnitureVoid/VoidstoneSlabGlow.png
Tiles/Furniture/BossRelics/HiveMindRelic.png
Tiles/FurnitureVoid/VoidTable.png
Items/Placeables/FurnitureSilva/SilvaBed.png
Tiles/FurnitureVoid/VoidWorkBenchTile.png
Sounds/NPCKilled/RavagerLimbLoss1.ogg
Items/Placeables/FurnitureSilva/SilvaBench.png
Items/Weapons/Melee/AirSpinner.png
Items/Armor/DesertProwler/DesertProwlerShirt_Bulk.png
Items/Weapons/Summon/InfectedRemote.png
Items/Armor/Empyrean/EmpyreanCloak.png
Tiles/Furniture/BossRelics/LeviathanAnahitaRelic.png
Items/Weapons/Summon/KingofConstellationsTenryu.png
Items/Placeables/FurnitureSilva/SilvaBookcase.png
NPCs/Other/CalamitasEnchantDemon.png
Items/Weapons/Melee/AmidiasTrident.png
NPCs/Other/DemonPortal.png
Items/Weapons/Summon/LegionofCelestia.png
Sounds/NPCKilled/RavagerLimbLoss2.ogg
Sounds/NPCKilled/RavagerLimbLoss3.ogg
Sounds/NPCKilled/RavagerLimbLoss4.ogg
Items/Armor/Empyrean/EmpyreanCloak_Arms.png
Items/Weapons/Summon/LegionofCelestiaGlow.png
Items/Weapons/Melee/AnarchyBlade.png
NPCs/Other/ExhumedHeart.png
Tiles/FurnitureWulfrum/AnodizedWulfrumPanels.png
Tiles/Furniture/RepairUnitCageTile.png
Tiles/Furniture/RepairUnitCageTile_Top.png
Items/Weapons/Summon/LiliesOfFinality.png
Tiles/FurnitureWulfrum/AnodizedWulfrumPlatform.png
Tiles/FurnitureWulfrum/AnodizedWulfrumPlatform_Glow.png
Items/Weapons/Melee/Aorta.png
Projectiles/Magic/TacticiansTrumpCardProj.png
Items/Armor/Empyrean/EmpyreanCloak_Back.png
Tiles/Furniture/SeaMinnowJarTile.png
Projectiles/Magic/TearsofHeavenProjectile.png
Tiles/Furniture/ThaumaticChairTile.png
Tiles/Furniture/BossRelics/MaulerRelic.png
Tiles/Furniture/ThaumaticChairTile_Highlight.png
Tiles/Furniture/TranquilityCandle.png
Tiles/Furniture/BossRelics/NuclearTerrorRelic.png
Projectiles/Magic/TerraSigil.png
Tiles/Furniture/TranquilityCandleFlame.png
Tiles/Furniture/TransparentCageTile_Top.png
Projectiles/Magic/TerraSigilLargeRock.png
Items/Placeables/FurnitureSilva/SilvaCandelabra.png
Projectiles/Magic/TerraSigilLargeRockGhost.png
Items/Placeables/FurnitureSilva/SilvaCandle.png
Projectiles/Magic/TerraSigilMediumRock.png
Items/Mounts/ExoTank_Front.png
Projectiles/Magic/TerraSigilSmallRock.png
Tiles/Furniture/TwinklerInABottleTile.png
Items/Placeables/FurnitureSilva/SilvaChair.png
Tiles/Furniture/WulfrumLure.png
Items/Placeables/FurnitureSilva/SilvaChandelier.png
Tiles/Furniture/WulfrumLureCog.png
Items/Placeables/FurnitureSilva/SilvaChest.png
Tiles/Furniture/WulfrumLureCover.png
Items/Placeables/FurnitureSilva/SilvaClock.png
Items/Placeables/FurnitureSilva/SilvaCrystal.png
Items/Weapons/Melee/ArkoftheCosmos.png
Tiles/FurnitureWulfrum/AnodizedWulfrumTrim.png
Sounds/NPCKilled/ScornDeath.ogg
Tiles/Furniture/YellowCandle.png
Projectiles/Magic/ThaumRingSmall.png
Items/Armor/Empyrean/EmpyreanCloak_Body.png
Sounds/NPCKilled/SepulcherDeath.ogg
Items/Placeables/FurnitureSilva/SilvaDoor.png
Sounds/NPCKilled/StormlionAltDeath.ogg
Items/Placeables/FurnitureSilva/SilvaDresser.png
Items/Placeables/FurnitureSilva/SilvaLamp.png
Items/Placeables/FurnitureSilva/SilvaLantern.png
Sounds/NPCKilled/StormlionDeath.ogg
Items/Placeables/FurnitureSilva/SilvaPiano.png
Projectiles/Magic/ThaumRune.png
Items/Weapons/Summon/Metastasis.png
Sounds/NPCKilled/Sunskater.ogg
Tiles/Furniture/BossRelics/OldDukeRelic.png
Sounds/NPCKilled/WeaverDeath.ogg
Tiles/Furniture/YellowCandle_Highlight.png
Sounds/NPCKilled/WulfrumDeath.ogg
Sounds/NPCKilled/YharonDeath.ogg
Tiles/Abyss/AbyssalPots.png
Items/Armor/Empyrean/EmpyreanCloak_Neck.png
Items/Armor/Empyrean/EmpyreanCuisses.png
Items/Weapons/Melee/ArkoftheCosmosGlow.png
Items/Placeables/FurnitureSilva/SilvaPlatform.png
Tiles/Furniture/ZenithThrone.png
Items/Placeables/FurnitureSilva/SilvaSink.png
Graphics/Metaballs/GruesomeEminence_Ghost_Layer2.png
Items/Armor/Empyrean/EmpyreanCuisses_Legs.png
Items/Placeables/FurnitureSilva/SilvaTable.png
Items/Weapons/Summon/MidnightSunBeacon.png
Items/Placeables/FurnitureSilva/SilvaWorkBench.png
Tiles/Abyss/AbyssCoral.png
Tiles/Furniture/ZenithThrone_Highlight.png
Items/Placeables/FurnitureStatigel/StaticRefiner.png
Items/Weapons/Summon/MirrorofKalandra.png
Tiles/Abyss/AbyssFossilTile.png
Tiles/FurnitureAbyss/AbyssBathtub.png
Items/Weapons/Melee/ArkoftheCosmosHandle.png
NPCs/Other/LecherousOrb.png
Tiles/Furniture/BossRelics/PerforatorsRelic.png
Tiles/FurnitureAbyss/AbyssBed.png
Projectiles/Magic/ThaumRuneGhost.png
Items/Weapons/Summon/MutatedTruffle.png
Tiles/Furniture/BossRelics/PlaguebringerGoliathRelic.png
Projectiles/Magic/TradewindsProjectile.png
Tiles/Furniture/BossRelics/PolterghastRelic.png
Projectiles/Magic/TridentIcicle.png
Tiles/FurnitureWulfrum/ChargedWulfrumEnergyBarrier.png
Projectiles/Magic/UberBubble.png
Tiles/Furniture/BossRelics/ProfanedGuardiansRelic.png
Items/Armor/Empyrean/EmpyreanMask.png
Tiles/FurnitureAbyss/AbyssBed_Highlight.png
Items/Weapons/Summon/OrthoceraShell.png
Projectiles/Magic/UndinesRetributionSpear.png
Tiles/Furniture/BossRelics/ProvidenceRelic.png
Projectiles/Magic/ValkyrieRayBeam.png
Tiles/FurnitureAbyss/AbyssBookcase.png
Tiles/Furniture/BossRelics/RavagerRelic.png
Tiles/FurnitureAbyss/AbyssCandelabra.png
Projectiles/Magic/VeeringWindAirWave.png
Items/Placeables/FurnitureStatigel/StatigelBathtub.png
Tiles/Furniture/BossRelics/SignusRelic.png
Items/Placeables/FurnitureStatigel/StatigelBed.png
Tiles/FurnitureWulfrum/ChargedWulfrumEnergyBarrierReflect.png
Items/Mounts/ExoTank_FrontGlow.png
Projectiles/Magic/VehemenceBolt.png
Items/Placeables/FurnitureStatigel/StatigelBlock.png
Tiles/Furniture/BossRelics/SlimeGodRelic.png
Items/Weapons/Summon/Perdition.png
Items/Placeables/FurnitureStatigel/StatigelBookcase.png
Tiles/Furniture/BossRelics/StormWeaverRelic.png
Items/Weapons/Summon/PlantationStaff.png
Tiles/Furniture/BossRelics/YharonRelic.png
Tiles/Furniture/BossTrophies/AnahitaTrophyTile.png
Items/Weapons/Summon/PlantationStaffGlow.png
Projectiles/Magic/VehemenceSkull.png
Items/Weapons/Summon/PolypLauncher.png
Tiles/Furniture/BossTrophies/ApolloTrophyTile.png
Items/Weapons/Melee/ArkoftheElements.png
Items/Weapons/Summon/PuffShroom.png
Projectiles/Magic/VenusianBolt.png
Tiles/Furniture/BossTrophies/AquaticScourgeTrophyTile.png
Projectiles/Magic/VenusianFlame.png
Items/Placeables/FurnitureStatigel/StatigelCandelabra.png
Projectiles/Magic/VisNeedle.png
Items/Placeables/FurnitureStatigel/StatigelCandle.png
Items/Placeables/FurnitureStatigel/StatigelChair.png
Items/Placeables/FurnitureStatigel/StatigelChandelier.png
Items/Placeables/FurnitureStatigel/StatigelChest.png
Tiles/FurnitureWulfrum/ChargedWulfrumWallMountedBulb.png
Items/Weapons/Melee/ArkoftheElementsBack.png
Items/Placeables/FurnitureStatigel/StatigelClock.png
Tiles/Abyss/AbyssGravel.png
Items/Placeables/FurnitureStatigel/StatigelDoor.png
Tiles/FurnitureAbyss/AbyssCandle.png
Items/Weapons/Melee/AstralPike.png
Items/Armor/Empyrean/EmpyreanMask_Head.png
Items/Weapons/Summon/ResurrectionButterfly.png
Tiles/FurnitureWulfrum/ChargedWulfrumWallMountedBulb_Glow.png
Tiles/FurnitureAbyss/AbyssChair.png
Tiles/Abyss/AbyssTreasureChest.png
Items/Weapons/Melee/AstralScythe.png
Items/Weapons/Summon/RustyBeaconPrototype.png
Tiles/FurnitureAbyss/AbyssChair_Highlight.png
Tiles/Furniture/BossTrophies/AresTrophyTile.png
Tiles/FurnitureAbyss/AbyssChandelier.png
Tiles/Furniture/BossTrophies/ArtemisTrophyTile.png
Items/Weapons/Summon/SanctifiedSpark.png
Items/Weapons/Summon/SandSharknadoStaff.png
Tiles/FurnitureAbyss/AbyssChest.png
Tiles/Furniture/BossTrophies/AstrumAureusTrophyTile.png
Projectiles/Magic/VitriolicViperFang.png
Items/Placeables/FurnitureStatigel/StatigelDresser.png
Items/Armor/Empyrean/MeldTransformation_Arms.png
Tiles/Abyss/AbyssTreasureChest_Highlight.png
Tiles/FurnitureAbyss/AbyssChest_Highlight.png
Tiles/Furniture/BossTrophies/AstrumDeusTrophyTile.png
Items/Mounts/ExoTank_FrontLayer.png
Tiles/Furniture/BossTrophies/BrimstoneElementalTrophyTile.png
Tiles/FurnitureAbyss/AbyssClock.png
Tiles/Furniture/BossTrophies/CalamitasCloneTrophyTile.png
Items/Weapons/Summon/SarosPossession.png
Tiles/FurnitureAbyss/AbyssClock_Highlight.png
Tiles/Furniture/BossTrophies/CataclysmTrophyTile.png
Items/Placeables/FurnitureStatigel/StatigelLamp.png
Tiles/FurnitureAbyss/AbyssDoorClosed.png
Items/Placeables/FurnitureStatigel/StatigelLantern.png
Tiles/Furniture/BossTrophies/CatastropheTrophyTile.png
Tiles/FurnitureAbyss/AbyssDoorClosed_Highlight.png
Projectiles/Magic/VitriolicViperSpit.png
Tiles/Furniture/BossTrophies/CeaselessVoidTrophyTile.png
Tiles/FurnitureAbyss/AbyssDoorOpen.png
Tiles/Furniture/BossTrophies/CrabulonTrophyTile.png
Items/Weapons/Melee/Ataraxia.png
Tiles/FurnitureAbyss/AbyssDoorOpen_Highlight.png
Backgrounds/AstralSurfaceFrontGlow.png
Projectiles/Magic/VoidVortexProj.png
Tiles/Furniture/BossTrophies/CragmawMireTrophyTile.png
Tiles/FurnitureAbyss/AbyssDresser.png
Items/Weapons/Melee/Avalanche.png
Tiles/Abyss/AcidWoodTree.png
Tiles/FurnitureAbyss/AbyssDresser_Highlight.png
Tiles/Furniture/BossTrophies/CryogenTrophyTile.png
Tiles/Furniture/BossTrophies/DesertScourgeTrophyTile.png
Projectiles/Magic/VolatileStarcore.png
Tiles/Furniture/BossTrophies/DevourerofGodsTrophyTile.png
Tiles/Furniture/BossTrophies/DragonfollyTrophyTile.png
Tiles/Furniture/BossTrophies/GiantClamTrophyTile.png
Backgrounds/AstralSurfaceFront.png
Tiles/Furniture/BossTrophies/GreatSandSharkTrophyTile.png
Items/Weapons/Summon/ScabRipper.png
Tiles/FurnitureWulfrum/RoundedAnodizedWulfrumPanels.png
Tiles/Furniture/BossTrophies/HiveMindTrophyTile.png
Items/Weapons/Summon/ShellfishStaff.png
Tiles/FurnitureWulfrum/WulfrumBathtub.png
Tiles/Abyss/AcidWoodTreeOasisTops.png
Items/Mounts/ExoTank_FrontLayerGlow.png
Tiles/Furniture/BossTrophies/LeviathanTrophyTile.png
Items/Mounts/ExoThrone.png
Tiles/FurnitureWulfrum/WulfrumBathtubGlow.png
Tiles/Abyss/AcidWoodTreeSapling.png
Items/Weapons/Summon/Sirius.png
Tiles/Furniture/BossTrophies/MaulerTrophyTile.png
Items/Mounts/FollyFeed.png
Items/Armor/Empyrean/MeldTransformation_Body.png
Tiles/FurnitureWulfrum/WulfrumBed.png
Items/Mounts/GazeOfCrysthamyr.png
Tiles/Furniture/BossTrophies/NuclearTerrorTrophyTile.png
Items/Weapons/Summon/SlimePuppetStaff.png
Tiles/FurnitureWulfrum/WulfrumBedGlow.png
Tiles/Furniture/BossTrophies/OldDukeTrophyTile.png
Items/Weapons/Summon/SpikecragStaff.png
Tiles/FurnitureWulfrum/WulfrumBed_Highlight.png
Tiles/Furniture/BossTrophies/PerforatorTrophyTile.png
Tiles/Abyss/AcidWoodTreeTops.png
Tiles/Furniture/BossTrophies/PlaguebringerGoliathTrophyTile.png
Tiles/FurnitureAbyss/AbyssLamp.png
Tiles/Furniture/BossTrophies/PolterghastTrophyTile.png
Tiles/FurnitureAbyss/AbyssLantern.png
Items/Weapons/Summon/SquirrelSquireStaff.png
Tiles/FurnitureAbyss/AbyssSink.png
Tiles/Furniture/BossTrophies/ProfanedGuardianTrophyTile.png
Items/Weapons/Summon/StaffOfNecrosteocytes.png
Tiles/Furniture/BossTrophies/ProvidenceTrophyTile.png
Tiles/FurnitureWulfrum/WulfrumBookcase.png
Items/Weapons/Summon/StarspawnHelixStaff.png
Tiles/Furniture/BossTrophies/RavagerTrophyTile.png
Tiles/FurnitureWulfrum/WulfrumBookcaseGlow.png
Items/Mounts/OnyxExcavatorExtra.png
Tiles/Furniture/BossTrophies/SignusTrophyTile.png
Items/Weapons/Summon/StellarTorusStaff.png
Items/Placeables/FurnitureStatigel/StatigelPiano.png
Items/Weapons/Summon/StormjawStaff.png
Tiles/Furniture/BossTrophies/SlimeGodTrophyTile.png
Items/Placeables/FurnitureStatigel/StatigelPlatform.png
Tiles/FurnitureWulfrum/WulfrumCandelabra.png
Items/Weapons/Summon/SunSpiritStaff.png
Items/Weapons/Melee/BalefulHarvester.png
Items/Placeables/FurnitureStatigel/StatigelSink.png
Tiles/Furniture/BossTrophies/StormWeaverTrophyTile.png
Tiles/FurnitureWulfrum/WulfrumCandelabraFlame.png
Items/Weapons/Summon/TacticalPlagueEngine.png
Items/Placeables/FurnitureStatigel/StatigelSofa.png
Items/Weapons/Melee/BallOFugu.png
Items/Placeables/FurnitureStatigel/StatigelTable.png
Tiles/Abyss/Atoxicoral.png
Tiles/FurnitureWulfrum/WulfrumCandle.png
Items/Placeables/FurnitureStatigel/StatigelWorkBench.png
Tiles/FurnitureWulfrum/WulfrumCandleFlame.png
Items/Placeables/FurnitureStratus/StratusBathtub.png
Items/Weapons/Summon/TemporalUmbrella.png
Tiles/Abyss/CausticTorch.png
Items/Armor/Empyrean/MeldTransformation_Head.png
Tiles/Furniture/BossTrophies/SupremeCalamitasTrophyTile.png
Tiles/FurnitureWulfrum/WulfrumChair.png
Tiles/FurnitureAbyss/AbyssSofa.png
Tiles/Furniture/BossTrophies/SupremeCataclysmTrophyTile.png
Tiles/FurnitureWulfrum/WulfrumChairGlow.png
Tiles/FurnitureAbyss/AbyssSofa_Highlight.png
Items/Weapons/Melee/BansheeHook.png
Items/Placeables/FurnitureStratus/StratusBed.png
Tiles/FurnitureWulfrum/WulfrumChair_Highlight.png
Tiles/Furniture/BossTrophies/SupremeCatastropheTrophyTile.png
Backgrounds/AstralUG4_0.png
Tiles/FurnitureAbyss/AbyssSynth.png
Items/Placeables/FurnitureStratus/StratusBookcase.png
Items/Placeables/FurnitureStratus/StratusBricks.png
Tiles/FurnitureAbyss/AbyssTable.png
Tiles/Furniture/BossTrophies/ThanatosTrophyTile.png
Tiles/FurnitureWulfrum/WulfrumChandelier.png
Tiles/FurnitureAbyss/AbyssWorkBench.png
Items/Placeables/FurnitureStratus/StratusCandelabra.png
Tiles/Abyss/CausticTorchFlame.png
Tiles/Furniture/BossTrophies/YharonTrophyTile.png
Backgrounds/AstralUG4_1.png
Tiles/FurnitureWulfrum/WulfrumChandelierFlame.png
Items/Weapons/Melee/BansheeHookGlow.png
Items/Placeables/FurnitureStratus/StratusCandle.png
Items/Mounts/OnyxExcavatorExtra2.png
Tiles/FurnitureWulfrum/WulfrumChandelierGlow.png
Items/Placeables/FurnitureStratus/StratusChair.png
Items/Mounts/OnyxExcavatorKey.png
Items/Weapons/Summon/TundraFlameBlossomsStaff.png
Items/Weapons/Melee/Basher.png
Tiles/FurnitureWulfrum/WulfrumClock.png
Backgrounds/AstralUG4_2.png
Items/Placeables/FurnitureStratus/StratusChandelier.png
Tiles/FurnitureWulfrum/WulfrumClockGlow.png
Tiles/Furniture/CraftingStations/AshenAltar.png
Items/Weapons/Melee/BladecrestOathsword.png
Items/Placeables/FurnitureStratus/StratusChest.png
Tiles/FurnitureWulfrum/WulfrumClock_Highlight.png
Items/Placeables/FurnitureStratus/StratusClock.png
Tiles/FurnitureWulfrum/WulfrumDresser.png
Items/Placeables/FurnitureStratus/StratusDoor.png
Tiles/FurnitureWulfrum/WulfrumDresserGlow.png
Items/Placeables/FurnitureStratus/StratusDresser.png
Tiles/FurnitureWulfrum/WulfrumDresser_Highlight.png
Items/Placeables/FurnitureStratus/StratusLamp.png
Items/Placeables/FurnitureStratus/StratusLantern.png
Tiles/Furniture/CraftingStations/AshenAltarFlame.png
Tiles/Abyss/HardenedSulphurousSandstone.png
Backgrounds/BasaltGullyBG.png
Tiles/Abyss/HydrothermalCrateTile.png
Backgrounds/BlankPixel.png
Items/Weapons/Melee/BlightedCleaver.png
Graphics/Metaballs/GruesomeEminence_Ghost_Layer3.png
Items/Mounts/OnyxExcavator_Back.png
Items/Weapons/Melee/Bonebreaker.png
Items/Weapons/Summon/UniverseSplitter.png
Tiles/FurnitureWulfrum/WulfrumEnergyBarrier.png
Items/Weapons/Melee/BotanicPiercer.png
Items/Weapons/Summon/VengefulSunStaff.png
Items/Weapons/Melee/BotanicPiercerGlow.png
Items/Weapons/Melee/Brimlance.png
Tiles/FurnitureWulfrum/WulfrumEnergyBarrierReflect.png
Tiles/FurnitureWulfrum/WulfrumLabstation.png
Items/Weapons/Summon/Vigilance.png
Tiles/FurnitureWulfrum/WulfrumLabstationGlow.png
Tiles/FurnitureAbyss/SmoothAbyssGravel.png
Items/Weapons/Summon/VileFeeder.png
Tiles/FurnitureWulfrum/WulfrumLamp.png
Items/Mounts/OnyxExcavator_Front.png
Items/Weapons/Summon/ViralSprout.png
Tiles/FurnitureWulfrum/WulfrumLampFlame.png
Items/Weapons/Summon/ViridVanguard.png
Tiles/FurnitureWulfrum/WulfrumLantern.png
Tiles/FurnitureAbyss/SmoothAbyssGravelPlatform.png
Tiles/FurnitureWulfrum/WulfrumLanternFlame.png
Items/Weapons/Summon/VoidConcentrationStaff.png
Items/Armor/Empyrean/MeldTransformation_Legs.png
Tiles/FurnitureAcidwood/AcidwoodBathTile.png
Items/Weapons/Melee/Brimlash.png
Items/Weapons/Summon/VoidEaterMarionette.png
Tiles/FurnitureAcidwood/AcidwoodBedTile.png
Items/Weapons/Melee/BrimstoneSword.png
Items/Weapons/Summon/WarloksMoonFist.png
Tiles/FurnitureAcidwood/AcidwoodBedTile_Highlight.png
Tiles/FurnitureAcidwood/AcidwoodBenchTile.png
Items/Weapons/Summon/WitherBlossomsStaff.png
Items/Weapons/Melee/BrinyBaron.png
Tiles/FurnitureAcidwood/AcidwoodBenchTile_Highlight.png
Items/Weapons/Melee/BrokenBiomeBlade.png
Items/Weapons/Summon/WulfrumController.png
Tiles/FurnitureAcidwood/AcidwoodBookcaseTile.png
Items/Weapons/Melee/BurningRevelation.png
Items/Placeables/FurnitureStratus/StratusPiano.png
Tiles/FurnitureAcidwood/AcidwoodCandelabraTile.png
Tiles/FurnitureAcidwood/AcidwoodCandelabraTileFlame.png
Tiles/Furniture/CraftingStations/CosmicAnvil.png
Tiles/FurnitureAcidwood/AcidwoodCandleTile.png
Tiles/FurnitureAcidwood/AcidwoodCandleTileFlame.png
Items/Placeables/FurnitureStratus/StratusPlatform.png
Tiles/FurnitureAcidwood/AcidwoodChairTile.png
Projectiles/Magic/VolterionHoldout.png
Items/Weapons/Melee/BurningRevelationGlow.png
Items/Armor/Empyrean/MeldTransformation_Neck.png
Tiles/FurnitureAcidwood/AcidwoodChairTile_Highlight.png
Items/Weapons/Melee/BurntSienna.png
Tiles/Abyss/KelpTorch.png
Items/Armor/FathomSwarmer/FathomSwarmerArmor_Tail.png
Tiles/Furniture/CraftingStations/DraedonsForge.png
Items/Weapons/Melee/Carnage.png
Tiles/FurnitureAcidwood/AcidwoodChandelierTile.png
Tiles/Abyss/KelpTorchFlame.png
Items/Armor/FathomSwarmer/FathomSwarmerBoots.png
Tiles/FurnitureAcidwood/AcidwoodChandelierTileFlame.png
Tiles/FurnitureAcidwood/AcidwoodChestTile.png
Tiles/FurnitureAcidwood/AcidwoodChestTile_Highlight.png
Items/Mounts/RimehoundMount_Back.png
Tiles/FurnitureAcidwood/AcidwoodClockTile.png
Items/Placeables/FurnitureStratus/StratusSink.png
Tiles/FurnitureAcidwood/AcidwoodClockTile_Highlight.png
Items/Placeables/FurnitureStratus/StratusSofa.png
Tiles/FurnitureAcidwood/AcidwoodDoorClosed.png
Items/Placeables/FurnitureStratus/StratusStarPlatformItem.png
Items/Placeables/FurnitureStratus/StratusTable.png
Tiles/FurnitureAcidwood/AcidwoodDoorClosed_Highlight.png
Items/Placeables/FurnitureStratus/StratusWorkBench.png
Items/Placeables/FurnitureVoid/SmoothVoidstone.png
Tiles/FurnitureAcidwood/AcidwoodDoorOpen.png
Backgrounds/AstralSurfaceHorizon.png
Items/Placeables/FurnitureVoid/SmoothVoidstonePlatform.png
Tiles/Furniture/CraftingStations/PlagueInfuser.png
Tiles/FurnitureAcidwood/AcidwoodDoorOpen_Highlight.png
Items/Placeables/FurnitureVoid/VoidBathtub.png
Items/Placeables/FurnitureVoid/VoidBed.png
Tiles/FurnitureAcidwood/AcidwoodDresserTile.png
Items/Weapons/Summon/YharonsKindleStaff.png
Tiles/FurnitureAcidwood/AcidwoodDresserTile_Highlight.png
Projectiles/Magic/VolterionHoldoutFlash.png
Items/Weapons/Typeless/Aestheticus.png
Tiles/FurnitureAcidwood/AcidwoodLampTile.png
Items/Weapons/Melee/CelestialClaymore.png
Tiles/FurnitureAcidwood/AcidwoodLampTileFlame.png
Items/Weapons/Melee/ClamCrusher.png
Projectiles/Magic/VolterionOrb.png
Tiles/FurnitureAcidwood/AcidwoodLanternTile.png
Projectiles/Magic/VortexElementalBeam.png
Items/Placeables/FurnitureVoid/VoidBookcase.png
Items/Weapons/Typeless/ClaretCannon.png
Items/Placeables/FurnitureVoid/VoidCandelabra.png
Items/Weapons/Typeless/ColdheartIcicle.png
Items/Placeables/FurnitureVoid/VoidCandle.png
Tiles/FurnitureWulfrum/WulfrumPanels.png
Items/Placeables/FurnitureVoid/VoidChair.png
Projectiles/Magic/WarpSigil.png
Items/Placeables/FurnitureVoid/VoidChandelier.png
Items/Weapons/Typeless/EyeofMagnus.png
Tiles/FurnitureWulfrum/WulfrumPiano.png
Projectiles/Magic/WaterLeechGlow.png
Tiles/FurnitureWulfrum/WulfrumPianoGlow.png
Items/Weapons/Typeless/LunicEye.png
Items/Placeables/FurnitureVoid/VoidChest.png
Projectiles/Magic/WaterLeechProj.png
Projectiles/Magic/WaywasherProj.png
Projectiles/Magic/WyvernFeatherGreen.png
Items/Weapons/Typeless/RelicOfDeliverance.png
Items/Weapons/Melee/CometQuasher.png
Projectiles/Magic/WyvernFeatherPink.png
Tiles/FurnitureAcidwood/AcidwoodLanternTileFlame.png
Tiles/FurnitureWulfrum/WulfrumPlatform.png
Projectiles/Magic/WyvernFeatherPurple.png
Tiles/FurnitureAcidwood/AcidwoodPianoTile.png
Tiles/FurnitureWulfrum/WulfrumPlatform_Glow.png
Tiles/Furniture/CraftingStations/ProfanedCrucible.png
Items/Placeables/FurnitureVoid/VoidDoor.png
Items/Weapons/Typeless/Skynamite.png
Items/Weapons/Melee/CometQuasherGlow.png
Tiles/Furniture/CraftingStations/SCalAltar.png
Items/Mounts/RimehoundMount_Front.png
Items/Weapons/Typeless/StarStruckWater.png
Tiles/FurnitureAcidwood/AcidwoodPlatformTile.png
Projectiles/Magic/WyvernProjectile.png
Items/Weapons/Melee/CosmicDischarge.png
Items/Weapons/Typeless/StratusSphere.png
Tiles/FurnitureAcidwood/AcidwoodSinkTile.png
Projectiles/Magic/YharimsCrystalBeam.png
Tiles/Furniture/CraftingStations/SCalAltarLarge.png
Tiles/FurnitureAcidwood/AcidwoodTableTile.png
Items/Armor/FathomSwarmer/FathomSwarmerBoots_Legs.png
Items/Armor/FathomSwarmer/FathomSwarmerBreastplate.png
Projectiles/Magic/YharimsCrystalPrism.png
Tiles/Abyss/LumenylCrystals.png
ExtraTextures/GreyscaleGradients/BlobbyNoise.png
Items/Placeables/FurnitureVoid/VoidDresser.png
Items/Placeables/FurnitureVoid/VoidLamp.png
Tiles/Furniture/CraftingStations/VoidCondenser.png
Items/Placeables/FurnitureVoid/VoidLantern.png
Items/Placeables/FurnitureVoid/VoidObelisk.png
Items/Placeables/FurnitureVoid/VoidPiano.png
Items/Placeables/FurnitureVoid/VoidSink.png
Tiles/Abyss/PlantyMush.png
Items/Placeables/FurnitureVoid/VoidSofa.png
Items/Placeables/FurnitureVoid/VoidstoneSlab.png
Tiles/Furniture/Fountains/AbyssFountainTile.png
Items/Placeables/FurnitureVoid/VoidTable.png
Tiles/FurnitureWulfrum/WulfrumPlating.png
Items/Placeables/FurnitureVoid/VoidWorkBench.png
Items/Placeables/FurnitureWulfrum/AnodizedWulfrumPanels.png
Items/Placeables/FurnitureWulfrum/AnodizedWulfrumPlatform.png
Items/Placeables/FurnitureWulfrum/AnodizedWulfrumPlatform_Glow.png
Items/Placeables/FurnitureWulfrum/AnodizedWulfrumTrim.png
Items/Placeables/FurnitureWulfrum/ChargedWulfrumEnergyBarrier.png
Tiles/Abyss/PyreMantle.png
Items/Placeables/FurnitureWulfrum/ChargedWulfrumWallMountedBulb.png
Tiles/Furniture/Fountains/AbyssFountainTile_Highlight.png
Items/Placeables/FurnitureWulfrum/RoundedAnodizedWulfrumPanels.png
Items/Placeables/FurnitureWulfrum/WulfrumBathtub.png
Items/Placeables/FurnitureWulfrum/WulfrumBed.png
Items/Placeables/FurnitureWulfrum/WulfrumBookcase.png
Graphics/Metaballs/GruesomeEminence_Ghost_Layer4.png
Items/Weapons/Melee/CosmicShiv.png
Tiles/Furniture/Fountains/AstralFountainTile.png
Tiles/Abyss/PyreMantleMolten.png
Items/Armor/FathomSwarmer/FathomSwarmerBreastplate_Body.png
Items/Weapons/Melee/CrescentMoon.png
Items/Placeables/FurnitureWulfrum/WulfrumCandelabra.png
Items/Armor/FathomSwarmer/FathomSwarmerVisage.png
Tiles/Abyss/PyreMantleMolten_Glowmask.png
Items/Weapons/Melee/DarklightGreatsword.png
Tiles/Abyss/RustyChestTile.png
Projectiles/Melee/AegisBeam.png
Tiles/Abyss/RustyChestTile_Highlight.png
Projectiles/Melee/AmidiasWhirlpool.png
Items/Weapons/Melee/DeathsAscension.png
Projectiles/Melee/AncientStar.png
Tiles/Abyss/ShaleColumns.png
Items/Placeables/FurnitureWulfrum/WulfrumCandle.png
Tiles/Furniture/Fountains/AstralFountainTile_Highlight.png
Items/Weapons/Melee/DefiledGreatsword.png
Tiles/Abyss/SteamGeyser1.png
Items/Placeables/FurnitureWulfrum/WulfrumChair.png
Items/Mounts/SquishyBean_Back.png
Items/Placeables/FurnitureWulfrum/WulfrumChandelier.png
Items/Weapons/Melee/DepthCrusher.png
Items/Mounts/SuspiciousLookingJellyBean.png
Tiles/Abyss/SteamGeyser2.png
Items/Placeables/FurnitureWulfrum/WulfrumChest.png
Items/Mounts/TundraLeash.png
Items/Placeables/FurnitureWulfrum/WulfrumClock.png
Tiles/Abyss/SteamGeyser3.png
Items/Placeables/FurnitureWulfrum/WulfrumDresser.png
Items/PermanentBoosters/CelestialOnion.png
Items/Placeables/FurnitureWulfrum/WulfrumEnergyBarrier.png
Items/Armor/FathomSwarmer/FathomSwarmerVisage_Head.png
Items/Placeables/FurnitureWulfrum/WulfrumGlobe.png
Items/PermanentBoosters/CometShard.png
Items/Armor/Fearmonger/FearmongerGreathelm.png
Items/Weapons/Melee/DevilsDevastation.png
Items/Placeables/FurnitureWulfrum/WulfrumLabstationItem.png
Items/Placeables/FurnitureWulfrum/WulfrumLamp.png
Tiles/FurnitureWulfrum/WulfrumSheets.png
Items/Placeables/FurnitureWulfrum/WulfrumLantern.png
Items/Weapons/Melee/DevilsSunrise.png
Tiles/Furniture/Fountains/BrimstoneLavaFountainTile.png
Items/PermanentBoosters/Ectoheart.png
Items/Placeables/FurnitureWulfrum/WulfrumPanels.png
Items/Placeables/FurnitureWulfrum/WulfrumPiano.png
Items/Placeables/FurnitureWulfrum/WulfrumPlatform.png
Items/Placeables/FurnitureWulfrum/WulfrumPlatform_Glow.png
Items/Placeables/FurnitureWulfrum/WulfrumPlating.png
Items/Placeables/FurnitureWulfrum/WulfrumSheets.png
Items/Weapons/Melee/DraconicDestruction.png
Items/Placeables/FurnitureWulfrum/WulfrumSiding.png
Items/Placeables/FurnitureWulfrum/WulfrumSink.png
Items/Placeables/FurnitureWulfrum/WulfrumSofa.png
Items/Weapons/Melee/DragonPow.png
Items/Placeables/FurnitureWulfrum/WulfrumTable.png
Items/PermanentBoosters/EctoheartGlow.png
Items/Armor/Fearmonger/FearmongerGreathelm_Head.png
Items/Placeables/FurnitureWulfrum/WulfrumToilet.png
Items/Armor/Fearmonger/FearmongerGreaves.png
Tiles/Furniture/Fountains/BrimstoneLavaFountainTile_Highlight.png
Items/Weapons/Melee/DragonRage.png
Items/Weapons/Melee/DriftwoodSword.png
Items/Placeables/FurnitureWulfrum/WulfrumWallMountedBulb.png
ExtraTextures/GreyscaleGradients/CertifiedCrustyNoise.png
ExtraTextures/GreyscaleGradients/CinderplatePulse.png
Tiles/Furniture/Fountains/SulphurousFountainTile.png
Items/Placeables/FurnitureWulfrum/WulfrumWorkBench.png
Items/Placeables/LivingFire/LivingBrimstoneFireBlock.png
Items/PermanentBoosters/Ectoheart_Animated.png
Items/PermanentBoosters/ElectrolyteGelPack.png
Items/PermanentBoosters/EtherealCore.png
Items/Placeables/LivingFire/LivingGodSlayerFireBlock.png
Items/Placeables/LivingFire/LivingHolyFireBlock.png
Items/PermanentBoosters/InfernalBlood.png
Tiles/Furniture/Fountains/SulphurousFountainTile_Highlight.png
Items/Placeables/LivingFire/LivingPlagueFireBlock.png
Items/PermanentBoosters/MiracleFruit.png
Items/Placeables/MusicBoxes/DraedonExoSelectMusicBox.png
Backgrounds/PissSeaSurfaceClose.png
Items/PermanentBoosters/MushroomPlasmaRoot.png
Items/PermanentBoosters/PhantomHeart.png
Items/Placeables/MusicBoxes/DraedonTalkMusicBox.png
Tiles/Furniture/Fountains/SunkenSeaFountainTile.png
Items/PermanentBoosters/RedLightningContainer.png
Items/Placeables/Ores/AerialiteOre.png
Items/Placeables/Ores/AerialiteOreDisenchanted.png
Items/PermanentBoosters/RedLightningContainerGlow.png
Items/Weapons/Melee/Earth.png
Items/Placeables/Ores/AstralOre.png
Items/Placeables/Ores/AuricOre.png
Items/Placeables/Ores/CryonicOre.png
Items/Weapons/Melee/EarthenPike.png
Tiles/Furniture/Fountains/SunkenSeaFountainTile_Highlight.png
Items/Placeables/Ores/ExodiumCluster.png
Items/PermanentBoosters/RedLightningContainer_Animated.png
Items/PermanentBoosters/SacredStrawberry.png
Items/PermanentBoosters/SanguineTangerine.png
Items/PermanentBoosters/StarlightFuelCell.png
Tiles/FurnitureWulfrum/WulfrumSiding.png
Tiles/FurnitureWulfrum/WulfrumSink.png
Items/Placeables/Ores/HallowedOre.png
Tiles/FurnitureWulfrum/WulfrumSinkGlow.png
Items/Placeables/Ores/InfernalSuevite.png
Items/Placeables/Ores/PerennialOre.png
Tiles/FurnitureWulfrum/WulfrumSofa.png
Tiles/Furniture/Monoliths/AstralProjectorTile.png
Items/Placeables/Ores/ScoriaOre.png
Tiles/FurnitureWulfrum/WulfrumSofaGlow.png
Tiles/Abyss/SulphurCoral.png
Items/Weapons/Melee/EarthGlow.png
Tiles/FurnitureWulfrum/WulfrumSofa_Highlight.png
Tiles/FurnitureWulfrum/WulfrumTable.png
Items/Weapons/Melee/EmpyreanKnives.png
Tiles/FurnitureWulfrum/WulfrumTableGlow.png
Tiles/Abyss/SulphuricFossil1.png
Items/Placeables/Ores/UelibloomOre.png
Items/PermanentBoosters/TaintedCloudberry.png
Tiles/Abyss/SulphuricFossil2.png
Items/Placeables/PlaceableTurrets/FireTurret.png
Tiles/Furniture/Monoliths/AstralProjectorTile_Glow.png
Items/Pets/AbyssShellFossil.png
Items/Pets/BearsEye.png
Items/Armor/Fearmonger/FearmongerGreaves_Legs.png
Items/Weapons/Melee/EntropicClaymore.png
Tiles/Furniture/Monoliths/AstralProjectorTile_Highlight.png
Items/Pets/BloodyVein.png
Items/Weapons/Melee/EssenceFlayer.png
Items/Weapons/Melee/EssenceFlayerGlow.png
Items/Weapons/Melee/EvilSmasher.png
Tiles/FurnitureWulfrum/WulfrumToilet.png
Items/Pets/BrimstoneJewel.png
Tiles/FurnitureWulfrum/WulfrumToiletGlow.png
Tiles/FurnitureWulfrum/WulfrumToilet_Highlight.png
Items/Weapons/Melee/ExaltedOathblade.png
Items/Pets/BurrowerController.png
Items/Pets/CharredRelic.png
Tiles/FurnitureWulfrum/WulfrumWallMountedBulb.png
Items/Pets/ChromaticOrb.png
Items/Pets/CosmicPlushie.png
Items/Weapons/Melee/Exoblade.png
Tiles/FurnitureWulfrum/WulfrumWallMountedBulb_Glow.png
Tiles/FurnitureWulfrum/WulfrumWorkBenchTile.png
Tiles/FurnitureWulfrum/WulfrumWorkBenchTileGlow.png
Items/Pets/DesertMedallion.png
Tiles/Furniture/Monoliths/BlueDistortedMonolithTile.png
Items/Pets/EnchantedButterfly.png
Tiles/Abyss/SulphuricFossil3.png
Items/Pets/ForgottenDragonEgg.png
Items/Pets/FoxDrive.png
Items/Pets/FrostyBatBottle.png
Items/Weapons/Melee/ExobladeGlow.png
Items/Pets/GeyserShell.png
Tiles/Abyss/SulphurousCactus.png
Items/Pets/HermitsBoxofOneHundredMedicines.png
Items/Pets/JoyfulHeart.png
Tiles/Abyss/SulphurousColumn.png
Items/Placeables/PlaceableTurrets/IceTurret.png
Items/Pets/Levi.png
Tiles/Abyss/SulphurousCrateTile.png
Items/Pets/LittleLight.png
Items/Placeables/PlaceableTurrets/LabTurret.png
Items/Pets/McNuggets.png
Tiles/Abyss/SulphurousPots.png
Items/Placeables/PlaceableTurrets/LaserTurret.png
Tiles/Abyss/SulphurousRib1.png
NPCs/Other/THELORDE.png
Items/Placeables/PlaceableTurrets/OnyxTurret.png
Tiles/Abyss/SulphurousRib2.png
Items/Placeables/PlaceableTurrets/PlagueTurret.png
Tiles/Abyss/SulphurousRib3.png
Tiles/Furniture/Monoliths/BlueDistortedMonolithTile_Highlight.png
Items/Placeables/PlaceableTurrets/WaterTurret.png
Tiles/Abyss/SulphurousRib4.png
Items/Weapons/Melee/ExobladeSquare.png
Items/Placeables/Plates/Cinderplate.png
Tiles/Abyss/SulphurousRib5.png
Items/Weapons/Melee/FallenPaladinsHammer.png
Items/Weapons/Melee/FaultLine.png
Graphics/Metaballs/GruesomeEminence_Ghost_Layer5.png
Items/Weapons/Melee/FeralthornClaymore.png
Items/Armor/Fearmonger/FearmongerPlateMail.png
Items/Weapons/Melee/FlarefrostBlade.png
Tiles/Furniture/Monoliths/BossRushMonolithTile.png
Items/Pets/PineapplePet.png
Items/Weapons/Melee/Floodtide.png
Items/Weapons/Melee/ForbiddenOathblade.png
Items/Weapons/Melee/ForsakenSaber.png
Items/Placeables/Plates/Elumplate.png
Tiles/LivingFire/LivingBrimstoneFireBlockTile.png
Items/Weapons/Melee/FracturedArk.png
Items/Placeables/Plates/Havocplate.png
Items/Weapons/Melee/FracturedArkGlow.png
Items/Placeables/Plates/Navyplate.png
Items/Pets/PlagueCaller.png
Backgrounds/AstralSurfaceMiddle.png
Items/Placeables/Plates/Onyxplate.png
Items/Pets/PrimroseKeepsake.png
Items/Placeables/Plates/Plagueplate.png
Items/Pets/RadiatingCrystal.png
Items/Placeables/Pylons/AstralPylon.png
Items/Pets/RomajedaOrchid.png
Items/Pets/RottingEyeball.png
Items/Placeables/Pylons/CragsPylon.png
Items/Pets/StrangeOrb.png
Items/Pets/SuspiciousLookingNOU.png
Items/Placeables/Pylons/SulphurPylon.png
Items/Pets/TheEtomer.png
Items/Pets/TheEtomerGlow.png
Items/Pets/ThiefsDime.png
Items/Pets/ToastyBatBottle.png
Items/Pets/TrashmanTrashcan.png
Items/Weapons/Melee/GaelsGreatsword.png
Items/Placeables/AerialiteBrick.png
Items/Placeables/CryonicBrick.png
Items/Placeables/PerennialBrick.png
Items/Placeables/Rock.png
Items/Placeables/ScoriaBrick.png
Items/Placeables/Pylons/SunkenPylon.png
Items/Placeables/Stohne.png
Items/Placeables/SunkenSea/AridSoil.png
Items/Placeables/UelibloomBrick.png
Items/Placeables/SunkenSea/Basalt.png
Items/Placeables/SunkenSea/BlackPearlPile.png
Items/Placeables/SunkenSea/CyanCoral.png
Items/Placeables/SunkenSea/Dunesand.png
Items/Placeables/SunkenSea/EutrophicGlass.png
Items/Placeables/SunkenSea/EutrophicSand.png
Items/Placeables/SunkenSea/HardenedEutrophicSand.png
Items/Placeables/SunkenSea/LimeCoral.png
Items/Placeables/SunkenSea/Limestone.png
Items/Placeables/SunkenSea/MagentaCoral.png
Items/Placeables/SunkenSea/MossyStone.png
Items/Placeables/SunkenSea/Navystone.png
Items/Placeables/SunkenSea/OrangeCoral.png
Items/Placeables/SunkenSea/PinkPearlPile.png
Items/Placeables/SunkenSea/PolypSand.png
Items/Placeables/SunkenSea/PrismShard.png
Items/Placeables/VernalSoil.png
Items/Placeables/SunkenSea/Runestone.png
Items/Potions/AnechoicCoating.png
Items/Placeables/SunkenSea/SeaPrism.png
Items/Placeables/SunkenSea/SeaPrismBrick.png
Items/Placeables/SunkenSea/Shellstone.png
Items/Placeables/SunkenSea/VolcanicSand.png
Items/Placeables/SunkenSea/WhitePearlPile.png
Items/Placeables/SunkenSea/YellowCoral.png
Items/Placeables/Walls/AbyssGravelWallItem.png
Items/Potions/AstralInjection.png
Items/Placeables/Walls/AcidwoodWallItem.png
Items/Placeables/Walls/AerialiteBrickWall.png
Items/Placeables/Walls/AncientSmoothNavystoneWall.png
Items/Potions/AureusCell.png
Items/Placeables/Walls/AnodizedWulfrumTrimWall.png
Items/Potions/BottledPanacea.png
Items/Placeables/Walls/AshenSlabWall.png
Items/Potions/BoundingPotion.png
Items/Potions/CalciumPotion.png
Items/Potions/CeaselessHungerPotion.png
Items/Potions/FlaskOfBrimstone.png
Items/Potions/FlaskOfCrumbling.png
Items/Potions/FlaskOfHolyFlames.png
Items/Potions/GravityNormalizerPotion.png
Items/Placeables/Walls/AstralBrickWall.png
Tiles/Abyss/SulphurousSand.png
Items/Placeables/Walls/AstralDirtWall.png
Items/Placeables/Walls/AstralGrassWall.png
Items/Placeables/Walls/AstralIceWall.png
Items/Placeables/Walls/AstralMonolithWall.png
Items/Placeables/Walls/AstralSandstoneWall.png
Items/Placeables/Walls/AstralSnowWall.png
Items/Potions/OmegaHealingPotion.png
Items/Placeables/Walls/AstralStoneWall.png
Items/Placeables/Walls/BrimstoneSlabWall.png
Tiles/Abyss/SulphurousSandstone.png
Items/Weapons/Melee/GalactusBlade.png
Items/Placeables/Walls/BrimstoneSlagWall.png
Items/Armor/Fearmonger/FearmongerPlateMail_Body.png
Items/Placeables/Walls/CelestialRemainsWall.png
Items/Placeables/Walls/ChargedWulfrumEnergyBarrierWall.png
Items/Armor/GemTech/GemTechBodyArmor.png
Items/Placeables/Walls/CinderplateWall.png
Items/Placeables/Walls/CosmiliteBrickWall.png
Items/Placeables/Walls/CryonicBrickWall.png
Tiles/LivingFire/LivingGodSlayerFireBlockTile.png
Items/Placeables/Walls/DriftwoodWall.png
Items/Weapons/Melee/GalactusBladeGlow.png
Items/Placeables/Walls/ElumplateWall.png
Items/Placeables/Walls/EutrophicGlassWall.png
Items/Potions/PhotosynthesisPotion.png
Items/Potions/PotionofOmniscience.png
Items/Placeables/Walls/EutrophicSandWall.png
Items/Potions/ShadowPotion.png
Items/Placeables/Walls/EutrophicSandWallSafe.png
Items/Weapons/Melee/Galaxia.png
Items/Potions/SoaringPotion.png
Items/Placeables/Walls/ExoPlatingWallItem.png
Items/Potions/SulphurskinPotion.png
Items/Placeables/Walls/ExoPrismPanelWallItem.png
Items/Potions/SupremeHealingPotion.png
Items/Placeables/Walls/FloralWall.png
Items/Placeables/Walls/HardenedAstralSandWall.png
Items/Potions/SupremeManaPotion.png
Tiles/Abyss/SulphurousShale.png
Items/Placeables/Walls/HardenedSulphurousSandstoneWall.png
Items/Placeables/Walls/HavocplateWall.png
Tiles/Furniture/Monoliths/BossRushMonolithTile_Glow.png
Tiles/Abyss/SulphurousTorch.png
Items/Placeables/Walls/LimestoneWall.png
Tiles/Abyss/SulphurousTorchFlame.png
Items/Placeables/Walls/NavyplateWall.png
Items/Placeables/Walls/NavystoneWall.png
Items/Placeables/Walls/OccultBrickWallItem.png
Items/Placeables/Walls/OnyxplateWall.png
Items/Placeables/Walls/OtherworldlyStoneWall.png
Items/Placeables/Walls/PerennialBrickWall.png
Tiles/Abyss/SulphurousVines.png
Items/Placeables/Walls/PlagueContainmentCellsWall.png
Tiles/Abyss/ThermalTorch.png
Tiles/Furniture/Monoliths/BossRushMonolithTile_Highlight.png
Items/Placeables/Walls/PlaguedPlateWall.png
Tiles/Abyss/ThermalTorchFlame.png
Items/Placeables/Walls/PolishedMarniteWall.png
Items/Placeables/Walls/ProfanedCrystalWall.png
Items/Armor/GemTech/GemTechBodyArmor_Body.png
Items/Placeables/Walls/ProfanedRockWall.png
Items/Armor/GemTech/GemTechHeadgear.png
Items/Placeables/Walls/ProfanedSlabWall.png
Items/Placeables/Walls/PyreMantleWall.png
Tiles/LivingFire/LivingHolyFireBlockTile.png
Items/Placeables/Walls/RoundedAnodizedWulfrumPanelWall.png
Items/Placeables/Walls/RunestoneWall.png
Items/Placeables/Walls/RunicProfanedBrickWall.png
Items/Placeables/Walls/ScorchedBoneWall.png
Tiles/Abyss/ViperVines.png
Items/Placeables/Walls/ScoriaBrickWall.png
Items/Placeables/Walls/ShellstoneSlabWall.png
Tiles/Furniture/Monoliths/DeepSeaAnchorTile.png
Items/Placeables/Walls/ShellstoneWall.png
Items/Placeables/Walls/ShellTrimBrickWall.png
Items/Placeables/Walls/SilvaWall.png
Items/Potions/ZenPotion.png
Items/Placeables/Walls/SmoothAbyssGravelWall.png
Items/Potions/ZergPotion.png
Items/Placeables/Walls/SmoothBrimstoneSlagWall.png
Items/Placeables/Walls/SmoothNavystoneWall.png
Items/SummonItems/Abombination.png
Items/Placeables/Walls/SmoothVoidstoneWall.png
Items/SummonItems/AstralChunk.png
Items/Placeables/Walls/StatigelWall.png
Items/SummonItems/BloodwormItem.png
Items/Placeables/Walls/StratusWall.png
Items/Placeables/Walls/SulphurousSandstoneWall.png
Items/SummonItems/BloodyWormFood.png
Items/Placeables/Walls/SulphurousSandWall.png
Items/Placeables/Walls/SulphurousShaleWall.png
Items/SummonItems/CeremonialUrn.png
Items/Placeables/Walls/UelibloomBrickWall.png
Items/SummonItems/CharredIdol.png
Items/Placeables/Walls/UnsafeNavystoneWall.png
Items/SummonItems/CosmicWorm.png
Items/Placeables/Walls/VoidstoneSlabWall.png
Tiles/Furniture/Monoliths/DeepSeaAnchorTile_Highlight.png
Items/Placeables/Walls/VoidstoneWall.png
Items/Placeables/Walls/WulfrumComplexPanelWall.png
Graphics/Metaballs/MetaballBase.png
Items/Placeables/Walls/WulfrumEnergyBarrierWall.png
Items/SummonItems/CryoKey.png
Items/Placeables/Walls/WulfrumPanelWall.png
Items/SummonItems/DeathWhistle.png
Items/Placeables/Walls/WulfrumPillar.png
Items/SummonItems/DecapoditaSprout.png
Items/Placeables/Walls/WulfrumPlatingWall.png
Items/SummonItems/DesertMedallion.png
Items/Placeables/Walls/WulfrumSheetWall.png
Items/Weapons/Melee/GalaxiaDawn.png
Tiles/Furniture/Monoliths/DraconicIncenseTile.png
Items/Placeables/Walls/WulfrumSidingWall.png
Items/SummonItems/EidolonTablet.png
Items/Potions/Alcohol/BloodyMary.png
Items/SummonItems/ExoticPheromones.png
Items/Potions/Alcohol/CaribbeanRum.png
Items/SummonItems/EyeofDesolation.png
Items/Potions/Alcohol/CinnamonRoll.png
Tiles/LivingFire/LivingPlagueFireBlockTile.png
Items/Potions/Alcohol/Everclear.png
Items/SummonItems/MarkofProvidence.png
Items/Potions/Alcohol/EvergreenGin.png
Items/Potions/Alcohol/Fireball.png
Tiles/Furniture/Monoliths/DraconicIncenseTile_Glow.png
Tiles/Abyss/Voidstone.png
Items/SummonItems/NaiadsWarhorn.png
Items/SummonItems/NecroplasmicBeacon.png
Items/SummonItems/NecroplasmicBeaconGlow.png
Items/SummonItems/NO.png
Items/SummonItems/OverloadedSludge.png
Items/Armor/GemTech/GemTechHeadgear_Head.png
Items/SummonItems/Portabulb.png
Items/Armor/GemTech/GemTechSchynbaulds.png
Tiles/Merges/AbyssGravelMerge.png
Tiles/Abyss/Voidstone_Glowmask.png
Tiles/Abyss/VoidTorch.png
Tiles/Abyss/VoidTorchFlame.png
Tiles/Astral/AstralBeacon.png
Items/Armor/GemTech/GemTechSchynbaulds_Legs.png
Items/Armor/GodSlayer/GodSlayerChestplate.png
Tiles/Furniture/Monoliths/DraconicIncenseTile_Highlight.png
Tiles/Astral/AstralChestLocked.png
Items/SummonItems/ProfanedCore.png
Items/SummonItems/ProfanedShard.png
Tiles/Astral/AstralChestLocked_Highlight.png
Items/SummonItems/SandstormsCore.png
Items/SummonItems/Seafood.png
Items/SummonItems/Starcore.png
Items/SummonItems/Teratoma.png
Backgrounds/SulphurSeaSurfaceClose.png
Backgrounds/SunkenSeaBG0.png
Tiles/Astral/AstralClay.png
Tiles/Astral/AstralCrateTile.png
Tiles/Merges/AridSoilMerge.png
Items/SummonItems/Terminus.png
Backgrounds/SunkenSeaBG1.png
Items/SummonItems/TerminusGlow.png
Items/Potions/Alcohol/GrapeBeer.png
Backgrounds/SunkenSeaBG2.png
Items/Potions/Alcohol/Manhattan.png
Items/Potions/Alcohol/Margarita.png
Items/SummonItems/Terminus_GFB.png
Items/Potions/Alcohol/Moonshine.png
Backgrounds/SunkenSeaBG3.png
Items/SummonItems/YharonEgg.png
Tiles/Merges/AshMerge.png
Backgrounds/AstralSurfaceMiddleGlow.png
Backgrounds/AstralUG0.png
Items/Tools/AbyssalWarhammer.png
Items/Tools/AcidwoodHammer.png
Items/Potions/Alcohol/MoscowMule.png
Items/Tools/AerialHamaxe.png
Items/Armor/GodSlayer/GodSlayerChestplate_Body.png
Items/Potions/Alcohol/OddMushroom.png
Items/Potions/Alcohol/OldFashioned.png
Tiles/Furniture/Monoliths/ExoObeliskText.png
Items/Tools/AstralHamaxe.png
Items/Potions/Alcohol/PurpleHaze.png
Particles/BloomLineSoftEdge.png
Items/Potions/Alcohol/RedWine.png
Items/Tools/AstralPickaxe.png
Items/Potions/Alcohol/Rum.png
Items/Potions/Alcohol/Screwdriver.png
Items/Potions/Alcohol/StarBeamRye.png
Items/Potions/Alcohol/Tequila.png
Items/Potions/Alcohol/TequilaSunrise.png
Items/Potions/Alcohol/Vodka.png
Backgrounds/AstralUG1.png
Items/Potions/Alcohol/Whiskey.png
Backgrounds/AstralUG2.png
Items/Weapons/Melee/GalaxiaDawnOutline.png
Items/Tools/AxeofPurity.png
Items/Tools/BallAndChain.png
Tiles/Astral/AstralDirt.png
Items/Tools/BallAndChainDisabled.png
Tiles/Merges/AstralDirtMerge.png
Items/Tools/BeastialPickaxe.png
Backgrounds/AstralUG3.png
BiomeManagers/AbyssLayer3Icon.png
Tiles/Furniture/Monoliths/ExoObeliskTile.png
BiomeManagers/AbyssLayer4Icon.png
Items/Potions/Alcohol/WhiteWine.png
Items/Weapons/Melee/GrandGuardian.png
Items/Armor/GodSlayer/GodSlayerChestplate_BodyGlow.png
Items/Armor/GodSlayer/GodSlayerHeadMelee.png
Items/Weapons/Melee/GrandGuardianGlow.png
Items/Weapons/Melee/GreatswordofJudgement.png
Graphics/Metaballs/MetaballMessy.png
Items/Weapons/Melee/GreatswordofJudgementGlow.png
Items/Tools/BerserkerWaraxe.png
BiomeManagers/AcidRainIcon.png
Items/Weapons/Melee/Greentide.png
Tiles/Merges/AstralSandMerge.png
Tiles/Furniture/Monoliths/ExoObeliskTile_Glow.png
BiomeManagers/AstralCavernIcon.png
Items/Tools/BlossomPickaxe.png
BiomeManagers/AstralDesertCaveIcon.png
Items/Weapons/Melee/HellfireFlamberge.png
BiomeManagers/AstralDesertIcon.png
Items/Tools/BobbitHook.png
BiomeManagers/AstralIceIcon.png
BiomeManagers/BrimstoneCragsIcon.png
Items/Weapons/Melee/HellionFlowerSpear.png
Items/Tools/BrimstoneLocus.png
BiomeManagers/LaboratoryIcon.png
BiomeManagers/SulphurousSeaIcon.png
Items/Weapons/Melee/Hellkite.png
Items/Tools/CrystylCrusher.png
Items/Tools/DisgustingMeat.png
BiomeManagers/SunkenSeaIcon.png
Items/Tools/DriftwoodHammer.png
Tiles/Furniture/Monoliths/ExoObeliskTile_Highlight.png
BiomeManagers/UndergroundAstralIcon.png
Buffs/PopoBuff.png
Projectiles/Rogue/SupernovaBoom.png
Projectiles/Rogue/TalonLargeProj.png
Buffs/PopoNoselessBuff.png
Projectiles/Rogue/TalonSmallProj.png
Buffs/UHFMurasamaCooldown.png
Tiles/Merges/AstralSandstoneMerge.png
Tiles/Furniture/Monoliths/FrigidMonolithTile.png
Items/Armor/GodSlayer/GodSlayerHeadMelee_Head.png
Items/Weapons/Melee/HellkiteGlow.png
Tiles/Furniture/Monoliths/FrigidMonolithTile_Highlight.png
Items/Armor/GodSlayer/GodSlayerHeadMelee_HeadGlow.png
Items/Armor/GodSlayer/GodSlayerHeadRanged.png
Backgrounds/SunkenSeaBurrowsBG0.png
Items/Weapons/Melee/HolyCollider.png
Tiles/Merges/AstralSnowMerge.png
Tiles/Astral/AstralGrass.png
Projectiles/Rogue/TheAtomSplitterDuplicate.png
Items/Weapons/Melee/HolyColliderGlow.png
Projectiles/Rogue/TheSyringeCinder.png
Projectiles/Rogue/TheSyringeS1.png
Projectiles/Rogue/TheSyringeS2.png
Items/Weapons/Melee/IllustriousKnives.png
Projectiles/Rogue/TheSyringeS3.png
Items/Armor/GodSlayer/GodSlayerHeadRanged_Head.png
Projectiles/Rogue/TotalityFire.png
Tiles/Astral/AstralNormalLargePiles.png
Cooldowns/AbyssEvade.png
Items/Weapons/Melee/InsidiousImpaler.png
Tiles/Astral/AstralNormalMediumPiles.png
Cooldowns/AbyssEvadeOutline.png
Items/Tools/FellerofEvergreens.png
Items/Weapons/Melee/GalaxiaDusk.png
Items/Weapons/Melee/Lacerator.png
Cooldowns/AbyssEvadeOverlay.png
Tiles/Astral/AstralNormalSmallPiles.png
Cooldowns/AquaticHeartIceShield.png
Items/Weapons/Melee/LifehuntScythe.png
Tiles/Astral/AstralNormalStalactite.png
Items/Weapons/Melee/Lightspeed.png
Items/Armor/GodSlayer/GodSlayerHeadRanged_HeadGlow.png
Tiles/Astral/AstralShortPlants.png
Items/Armor/GodSlayer/GodSlayerHeadRogue.png
Items/Weapons/Melee/LightspeedGlow.png
Items/Weapons/Melee/LionHeart.png
Tiles/Merges/BasaltMerge.png
Items/Weapons/Melee/Lucrecia.png
Tiles/Astral/AstralStone.png
Projectiles/Rogue/TotalityTar.png
Items/Weapons/Melee/MajesticGuard.png
Tiles/Astral/AstralStoneLargePiles.png
Items/Armor/GodSlayer/GodSlayerHeadRogue_Head.png
Tiles/Astral/AstralStoneMediumPiles.png
Items/Weapons/Melee/MajesticGuardGlow.png
Tiles/Astral/AstralStoneSmallPiles.png
Items/Weapons/Melee/MantisClaws.png
Projectiles/Melee/ArkoftheCosmosBlast.png
Tiles/Astral/AstralStoneStalactite.png
Items/Weapons/Melee/MawOfInfinity.png
Projectiles/Melee/AtaraxiaMain.png
Tiles/FurnitureAcidwood/AcidwoodTile.png
Items/Tools/Gelpick.png
Tiles/FurnitureAcidwood/AcidwoodWorkBenchTile.png
Projectiles/Melee/AtaraxiaSide.png
Projectiles/Melee/AtaraxiaSplit.png
Items/Weapons/Melee/MawOfInfinityGlow.png
Projectiles/Melee/BalefulHarvesterProjectile.png
Tiles/Astral/AstralTallPlants.png
Items/Armor/GodSlayer/GodSlayerHeadRogue_HeadGlow.png
Items/Tools/GenesisPickaxe.png
Cooldowns/AquaticHeartIceShieldOutline.png
Tiles/Astral/AstralTorch.png
Cooldowns/AquaticHeartIceShieldOverlay.png
Tiles/Astral/AstralTorchFlame.png
Tiles/FurnitureAncient/AncientAltar.png
Items/Tools/Grax.png
Cooldowns/ArsenalPower.png
Items/Armor/GodSlayer/GodSlayerLeggings.png
Cooldowns/ArsenalPowerOutline.png
Tiles/FurnitureAncient/AncientAltarFlame.png
Cooldowns/ArsenalPowerOverlay.png
Cooldowns/AscendEffect.png
Items/Tools/GreatbayPickaxe.png
Cooldowns/AscendEffectOutline.png
Cooldowns/AscendEffectOverlay.png
Items/Tools/InfernaCutter.png
Cooldowns/BarBase.png
Items/Tools/MarniteDeconstructor.png
Cooldowns/BlazingCoreParry.png
Tiles/Merges/BrimstoneSlagMerge.png
Items/Tools/MarniteDeconstructorBloom.png
ExtraTextures/GreyscaleGradients/Cracks.png
Items/Tools/MarniteDeconstructorSelection.png
ExtraTextures/GreyscaleGradients/ElumplatePulse.png
Cooldowns/BlazingCoreParryOutline.png
Tiles/FurnitureAncient/AncientBasin.png
Cooldowns/BlazingCoreParryOverlay.png
Items/Tools/MarniteObliterator.png
Tiles/Astral/AstralTree.png
Cooldowns/BloodflareFrenzy.png
Items/Tools/MarniteObliteratorBloom.png
Items/Tools/MomentumCapacitor.png
Items/Weapons/Melee/MirrorBlade.png
Items/Tools/MonolithHammer.png
Items/Weapons/Melee/MonolithSword.png
Items/Weapons/Melee/MonstrousKnives.png
Items/Weapons/Melee/GalaxiaDuskOutline.png
Cooldowns/BloodflareFrenzyOutline.png
Items/Weapons/Melee/GalaxiaExtra.png
Items/Tools/NormalityRelocator.png
Items/Weapons/Melee/Mourningstar.png
Cooldowns/BloodflareFrenzyOverlay.png
Cooldowns/BloodflareRangedSet.png
Items/Tools/ReefclawHamaxe.png
Cooldowns/BloodflareRangedSetOutline.png
Items/Weapons/Melee/GalaxiaExtra2.png
Items/Tools/RelicOfConvergence.png
Tiles/Astral/AstralTreeGlow.png
Tiles/Merges/CloudMerge.png
Projectiles/Melee/BansheeHookScythe.png
Items/Tools/RelicOfResilience.png
Items/Weapons/Melee/GalaxySmasher.png
Items/Tools/SeismicHampick.png
Items/Tools/ShardlightPickaxe.png
Items/Weapons/Melee/GalileoGladius.png
Cooldowns/BloodflareRangedSetOverlay.png
Tiles/Astral/AstralTreeSapling.png
Cooldowns/BlunderBooster.png
Items/Tools/SkyfringePickaxe.png
Items/Weapons/Melee/GeliticBlade.png
Cooldowns/BlunderBoosterOutline.png
Tiles/Astral/AstralTree_Branches.png
Items/Tools/SulphurousSeaWorldSideChanger.png
Cooldowns/BlunderBoosterOverlay.png
Items/Weapons/Melee/GildedProboscis.png
Items/Armor/GodSlayer/GodSlayerLeggings_Legs.png
Cooldowns/BrimflameFrenzy.png
Cooldowns/BrimflameFrenzyEyes.png
Tiles/Astral/AstralTree_BranchesGlow.png
Items/Weapons/Melee/GoldplumeSpear.png
Cooldowns/BrimflameFrenzyOutline.png
Cooldowns/BrimflameFrenzyOverlay.png
Cooldowns/ChaosState.png
Cooldowns/ChaosStateNR.png
Cooldowns/ChaosStateNROutline.png
Tiles/Merges/DirtMerge.png
Items/Weapons/Melee/GrandDad.png
Cooldowns/ChaosStateNROverlay.png
Cooldowns/ChaosStateOutline.png
Tiles/Astral/AstralTree_Tops.png
Cooldowns/ChaosStateOverlay.png
Items/Armor/GodSlayer/GodSlayerLeggings_LegsGlow.png
Items/Weapons/Melee/GrandDadGlow.png
Cooldowns/ChaosStateVeil.png
Items/Armor/Hydrothermic/HydrothermicArmor.png
Cooldowns/ChaosStateVeilOutline.png
Cooldowns/ChaosStateVeilOverlay.png
Cooldowns/CounterScarf.png
Cooldowns/CounterScarfOutline.png
Tiles/Astral/AstralTree_TopsGlow.png
ExtraTextures/GreyscaleGradients/EternityStreak.png
Projectiles/Melee/BlazingPhantomBlade.png
Cooldowns/CounterScarfOverlay.png
Tiles/Furniture/Monoliths/OldDukeMonolithTile.png
Cooldowns/DarklightEnergy.png
Cooldowns/DarklightEnergyOutline.png
Items/Weapons/Melee/Nadir.png
Tiles/FurnitureAncient/AncientBasinFlame.png
Items/Tools/SuperDummy.png
Tiles/Astral/AstralVines.png
Items/Tools/TectonicTruncator.png
Cooldowns/DarklightEnergyOverlay.png
Tiles/Astral/MonolithCrateTile.png
Cooldowns/DivineBless.png
Items/Tools/WulfrumDiggingTurtle.png
Tiles/Merges/DunesandMerge.png
Cooldowns/DivineBlessOutline.png
Items/Tools/WulfrumDrill.png
Projectiles/Rogue/TotalMeltdown.png
Tiles/FurnitureAncient/AncientBasin_Highlight.png
Items/Weapons/Melee/Nebulash.png
Projectiles/Rogue/TurbulanceWindSlash.png
Tiles/FurnitureAncient/AncientBathtub.png
Tiles/Astral/NovaeSlag.png
Tiles/FurnitureAncient/AncientBed.png
Tiles/AstralDesert/AstralCactus.png
Tiles/FurnitureAncient/AncientBed_Highlight.png
Projectiles/Melee/BloodBall.png
Items/Weapons/Melee/NeptunesBounty.png
Items/Armor/Hydrothermic/HydrothermicArmor_Body.png
Projectiles/Melee/BonebreakerFragment1.png
Cooldowns/DivineBlessOverlay.png
Items/Armor/Hydrothermic/HydrothermicHeadMagic.png
Items/Weapons/Melee/Murasama.png
Projectiles/Melee/BonebreakerFragment2.png
Cooldowns/DSOCritCooldown.png
Projectiles/Melee/BonebreakerFragment3.png
Tiles/Merges/EutrophicSandMerge.png
Cooldowns/DSOCritCooldownOutline.png
Projectiles/Melee/BonebreakerProjectile.png
Items/Weapons/Melee/Oblivion.png
Projectiles/Melee/BotanicSpear.png
Tiles/AstralDesert/AstralCactusGlow.png
Projectiles/Rogue/TwistingThunderProj.png
Projectiles/Melee/Brimlash2.png
Projectiles/Melee/BrimlashProj.png
Items/Weapons/Melee/OldLordClaymore.png
Tiles/AstralDesert/AstralDesertLargePiles.png
Items/Tools/WulfrumScaffoldKit.png
Items/Armor/Hydrothermic/HydrothermicHeadMagic_Head.png
Tiles/AstralDesert/AstralDesertMediumPiles.png
Tiles/FurnitureAncient/AncientBookcase.png
Tiles/AstralDesert/AstralDesertSmallPiles.png
Items/Tools/WulfrumTreasurePinger.png
Items/Armor/Hydrothermic/HydrothermicHeadMelee.png
Items/TreasureBags/AquaticScourgeBag.png
Items/TreasureBags/AstrumAureusBag.png
Tiles/AstralDesert/AstralDesertStalactite.png
Items/TreasureBags/AstrumDeusBag.png
Tiles/AstralDesert/AstralPalmSapling.png
Items/Weapons/Melee/OldLordClaymoreGlow.png
Tiles/Merges/HardenedSandMerge.png
Items/TreasureBags/BrimstoneElementalBag.png
Projectiles/Rogue/UmbraphileBoom.png
Tiles/AstralDesert/AstralPalmSaplingGlow.png
Tiles/FurnitureAncient/AncientChair.png
Projectiles/Melee/BrinySpout.png
Tiles/FurnitureAncient/AncientChair_Highlight.png
Items/Weapons/Melee/OmegaBiomeBlade.png
Projectiles/Melee/BrokenBiomeBlade_AridGrandeur.png
Tiles/AstralDesert/AstralPalmTree.png
Tiles/FurnitureAncient/AncientChandelier.png
Projectiles/Melee/BrokenBiomeBlade_AridGrandeurExtra.png
Items/Weapons/Melee/OmegaBiomeBladeExtra.png
Tiles/FurnitureAncient/AncientChandelierFlame.png
Tiles/AstralDesert/AstralPalmTreeGlow.png
Tiles/FurnitureAncient/AncientDoorClosed.png
Items/Armor/Hydrothermic/HydrothermicHeadMelee_Head.png
Projectiles/Melee/BrokenBiomeBlade_BitingEmbraceBig.png
Items/Weapons/Melee/Omniblade.png
Items/Armor/Hydrothermic/HydrothermicHeadRanged.png
Tiles/FurnitureAncient/AncientDoorClosed_Highlight.png
Projectiles/Melee/BrokenBiomeBlade_BitingEmbraceSmall.png
Tiles/FurnitureAncient/AncientDoorOpen.png
Tiles/FurnitureAncient/AncientDoorOpen_Highlight.png
Items/Weapons/Melee/Orderbringer.png
Tiles/FurnitureAncient/AncientDresser.png
Items/TreasureBags/CalamitasCloneBag.png
Items/Weapons/Melee/OrderbringerGlow.png
Tiles/FurnitureAncient/AncientDresser_Highlight.png
Cooldowns/DSOCritCooldownOverlay.png
Tiles/FurnitureAncient/AncientLamp.png
Cooldowns/EclipseEvade.png
Cooldowns/EclipseEvadeOutline.png
Items/Weapons/Melee/Ozzathoth.png
Tiles/FurnitureAncient/AncientLampFlame.png
Cooldowns/EclipseEvadeOverlay.png
Tiles/FurnitureAncient/AncientLantern.png
Items/Weapons/Melee/Pandemic.png
Items/Armor/Hydrothermic/HydrothermicHeadRanged_Head.png
Cooldowns/ElementalMastery.png
Tiles/FurnitureAncient/AncientLanternFlame.png
Items/Armor/Hydrothermic/HydrothermicHeadRogue.png
Cooldowns/ElementalMasteryOutline.png
Cooldowns/ElementalMasteryOverlay.png
Items/Weapons/Melee/MurasamaGlow.png
Projectiles/Rogue/UmbraphileBoomGlow.png
Cooldowns/EvasionScarf.png
Items/Weapons/Melee/PerfectDark.png
Cooldowns/EvasionScarfOutline.png
Items/TreasureBags/CalamitasCoffer.png
Cooldowns/EvasionScarfOverlay.png
Items/Weapons/Melee/PhosphorescentGauntlet.png
Tiles/Merges/HardenedSulphurousSandstoneMerge.png
Items/TreasureBags/CeaselessVoidBag.png
Cooldowns/FlameShellParry.png
Items/Weapons/Melee/MurasamaSheathed.png
Cooldowns/FlameShellParryOutline.png
Items/TreasureBags/CrabulonBag.png
Items/Weapons/Melee/PhotonRipper.png
Cooldowns/FlameShellParryOverlay.png
Items/TreasureBags/CryogenBag.png
Items/Weapons/Melee/PrismaticBreaker.png
Cooldowns/FleshTotem.png
Items/TreasureBags/DesertScourgeBag.png
Cooldowns/FleshTotemOutline.png
Items/Weapons/Melee/PrismaticBreakerGlow.png
Items/TreasureBags/DevourerofGodsBag.png
Tiles/AstralDesert/AstralPalmTree_OasisTops.png
Items/Armor/Hydrothermic/HydrothermicHeadRogue_Head.png
Items/Weapons/Melee/MycelialClaws.png
Items/Armor/Hydrothermic/HydrothermicHeadSummon.png
Items/Weapons/Melee/SkytideDragoonGlow.png
Items/Weapons/Melee/SmokingComet.png
Projectiles/Melee/BrokenBiomeBlade_BitingEmbraceThrust.png
Projectiles/Melee/BrokenBiomeBlade_DecaysRetort.png
Tiles/AstralDesert/AstralPalmTree_OasisTopsGlow.png
Items/Weapons/Melee/SolsticeClaymore.png
Projectiles/Melee/BrokenBiomeBlade_GrovetendersTouchBlade.png
Projectiles/Melee/BrokenBiomeBlade_GrovetendersTouchChain.png
Cooldowns/FleshTotemOverlay.png
Items/Armor/Hydrothermic/HydrothermicHeadSummon_Head.png
Cooldowns/FuryFuel.png
Projectiles/Melee/BrokenBiomeBlade_GrovetendersTouchGlow.png
Cooldowns/FuryFuelOutline.png
Cooldowns/FuryFuelOverlay.png
Items/Armor/Hydrothermic/HydrothermicSubligar.png
Items/Weapons/Melee/Pwnagehammer.png
Cooldowns/GaelsRage.png
Projectiles/Melee/BrokenBiomeBlade_PurityProjection.png
Cooldowns/GaelsRageOutline.png
Items/Weapons/Melee/Quagmire.png
Cooldowns/GaelsRageOverlay.png
Cooldowns/GenericBandCooldown.png
Tiles/Merges/LuminiteMerge.png
Projectiles/Melee/BurningMeteor.png
Projectiles/Rogue/Valaricicle.png
Projectiles/Rogue/Valaricicle2.png
Cooldowns/GenericBandCooldownOutline.png
Projectiles/Rogue/VegaSpark.png
Cooldowns/GenericBandCooldownOverlay.png
Projectiles/Melee/CausticEdgeProjectile.png
Projectiles/Rogue/VegaStar.png
Projectiles/Melee/ClamCrusherChain.png
Items/Weapons/Melee/RedSun.png
Projectiles/Rogue/VeneratedKnife.png
Cooldowns/GlobalDodge.png
Projectiles/Rogue/VeneratedKnife2.png
Items/Weapons/Melee/RemsRevenge.png
Cooldowns/GlobalDodgeOutline.png
Projectiles/Rogue/VeneratedKnife2Glow.png
Projectiles/Melee/ClamCrusherFlail.png
Projectiles/Rogue/VeneratedKnifeGlow.png
Items/Weapons/Melee/Respiteblock.png
Projectiles/Rogue/WhitewaterSpear.png
Items/Weapons/Melee/Riptide.png
Tiles/AstralDesert/AstralPalmTree_Tops.png
Projectiles/Melee/CometQuasherGhost.png
Cooldowns/GlobalDodgeOverlay.png
Projectiles/Melee/CometQuasherMeteor.png
Cooldowns/GodSlayerDash.png
Tiles/Furniture/Monoliths/OldDukeMonolithTile_Glow.png
Items/Armor/Hydrothermic/HydrothermicSubligar_Legs.png
Cooldowns/GodSlayerDashOutline.png
Projectiles/Melee/CometQuasherMeteor2.png
Items/Armor/LunicCorps/LunicCorpsBoots.png
Cooldowns/GodSlayerDashOverlay.png
Projectiles/Melee/CometQuasherMeteor3.png
Cooldowns/HellbornShots.png
Projectiles/Rogue/WrathwingFireball.png
Tiles/AstralDesert/AstralPalmTree_TopsGlow.png
Cooldowns/HellbornShotsOutline.png
Tiles/FurnitureAncient/AncientMonolith.png
Cooldowns/HellbornShotsOverlay.png
Cooldowns/HolyProtection.png
Cooldowns/HolyProtectionOutline.png
Tiles/Merges/MudMerge.png
Items/TreasureBags/DevourerofGodsBagGlow.png
Projectiles/Melee/CosmicDischargeFlail.png
Tiles/AstralDesert/AstralSand.png
Cooldowns/HolyProtectionOverlay.png
Items/TreasureBags/DraedonBag.png
Cooldowns/InkBomb.png
Items/TreasureBags/DragonfollyBag.png
Cooldowns/InkBombOutline.png
Items/TreasureBags/HiveMindBag.png
Items/TreasureBags/LeviathanBag.png
Items/TreasureBags/OldDukeBag.png
Items/Weapons/Melee/Roxcalibur.png
Cooldowns/InkBombOverlay.png
Items/TreasureBags/PerforatorBag.png
Cooldowns/KillMode.png
Tiles/AstralDesert/AstralSandstone.png
Cooldowns/KillModeOutline.png
Items/TreasureBags/PlaguebringerGoliathBag.png
Cooldowns/KillModeOverlay.png
Projectiles/Melee/CosmicIceBurst.png
Projectiles/Melee/CosmicOrb.png
Items/TreasureBags/PolterghastBag.png
Cooldowns/LifeSteal.png
Items/Armor/LunicCorps/LunicCorpsBoots_Legs.png
Projectiles/Melee/CosmicShivBlade.png
Items/Weapons/Melee/SaharaSlicers.png
Cooldowns/LifeStealOutline.png
Items/TreasureBags/PolterghastBagGlow.png
Items/Armor/LunicCorps/LunicCorpsHelmet.png
Projectiles/Melee/CosmicShivTrail.png
Cooldowns/LifeStealOverlay.png
Projectiles/Melee/CosmicSpiritBomb.png
Cooldowns/LionHeartShield.png
Items/TreasureBags/ProvidenceBag.png
Tiles/Merges/NavystoneMerge.png
Projectiles/Melee/CosmicSpiritBomb2.png
Cooldowns/LionHeartShieldOutline.png
Items/TreasureBags/RavagerBag.png
Tiles/AstralDesert/CelestialRemains.png
Cooldowns/LionHeartShieldOverlay.png
Items/TreasureBags/SignusBag.png
Items/TreasureBags/SlimeGodBag.png
Items/TreasureBags/StormWeaverBag.png
Cooldowns/LunicCorpsShieldActive.png
Cooldowns/LunicCorpsShieldOutline.png
Items/TreasureBags/YharonBag.png
Cooldowns/LunicCorpsShieldOverlay.png
Cooldowns/LunicCorpsShieldRecharge.png
Tiles/AstralDesert/HardenedAstralSand.png
Cooldowns/M1GarandShots.png
Cooldowns/M1GarandShotsOutline.png
Cooldowns/M1GarandShotsOverlay.png
Cooldowns/NebulousCore.png
Cooldowns/NebulousCoreOutline.png
Cooldowns/NebulousCoreOverlay.png
Items/Weapons/Melee/SoulHarvester.png
Projectiles/Melee/CosmicSpiritBomb3.png
Items/Weapons/Melee/SausageMaker.png
Items/Weapons/Melee/SpineOfThanatos.png
Tiles/Merges/PearlstoneMerge.png
Items/Weapons/Melee/ScourgeoftheCosmos.png
Projectiles/Melee/CrescentMoonFlail.png
Items/Armor/LunicCorps/LunicCorpsHelmet_Head.png
Items/Weapons/Melee/StarnightLance.png
Projectiles/Melee/CrescentMoonProj.png
Items/Weapons/AstralGelStaff.png
Items/Armor/LunicCorps/LunicCorpsVest.png
Projectiles/Melee/Cyclone.png
Items/Weapons/NebulaBlaster.png
Projectiles/Melee/DarkBall.png
Items/Weapons/UHFMurasama.png
Projectiles/Melee/DarkBeam.png
Localization/en-US/Mods.CalamityMod.Attunement.hjson
Projectiles/Melee/DarkIceZero.png
Items/Weapons/Melee/SeashineSword.png
Tiles/AstralSnow/AstralIce.png
Projectiles/Melee/DarkMasterBeam.png
Tiles/FurnitureAncient/AncientMonolith_Highlight.png
Cooldowns/OceanShieldParry.png
Items/Weapons/Melee/SeekingScorcher.png
Tiles/FurnitureAncient/AncientPipeOrgan.png
Projectiles/Melee/DeathsAscensionProjectile.png
Tiles/AstralSnow/AstralIceLargePiles.png
Cooldowns/OceanShieldParryOutline.png
Cooldowns/OceanShieldParryOverlay.png
Items/Weapons/Melee/Shimmerspark.png
Cooldowns/OldDukeScalesFatigue.png
Tiles/Merges/PolypSandMerge.png
Cooldowns/OldDukeScalesFatigueOutline.png
Cooldowns/OldDukeScalesFatigueOverlay.png
Cooldowns/OmegaBlue.png
Cooldowns/OmegaBlueActive.png
Cooldowns/OmegaBlueOutline.png
Cooldowns/OmegaBlueOverlay.png
Cooldowns/PanaceaCooldown.png
Cooldowns/PanaceaCooldownOutline.png
Cooldowns/PanaceaCooldownOverlay.png
Cooldowns/ParryCooldown.png
Localization/en-US/Mods.CalamityMod.Bestiary.hjson
Cooldowns/ParryCooldownOutline.png
Items/Weapons/Melee/StellarContempt.png
Localization/en-US/Mods.CalamityMod.Bestiary.Vanilla.hjson
Tiles/Merges/PyreMantleMerge.png
Localization/en-US/Mods.CalamityMod.Biomes.hjson
Localization/en-US/Mods.CalamityMod.BossChecklistIntegration.hjson
Tiles/FurnitureAncient/AncientSink.png
Items/Weapons/Melee/StellarStriker.png
Tiles/FurnitureAncient/AncientSofa.png
Projectiles/Rogue/WrathwingSpear.png
Tiles/FurnitureAncient/AncientSofa_Highlight.png
Items/Weapons/Melee/StormRuler.png
NPCs/Other/THELORDEDEATH.png
Localization/en-US/Mods.CalamityMod.Buffs.hjson
Projectiles/Summon/AmphibiansGuitarHoldout.png
Items/Armor/LunicCorps/LunicCorpsVest_Body.png
Tiles/AstralSnow/AstralIceLightmask.png
Items/Weapons/Melee/StormSaber.png
Items/Armor/MarniteArchitect/MarniteArchitectHeadgear.png
NPCs/Other/THELORDE_Head_Boss.png
Items/Weapons/Melee/SkytideDragoon.png
Tiles/AstralSnow/AstralIceMediumPiles.png
Tiles/Furniture/Monoliths/OldDukeMonolithTile_Highlight.png
Tiles/AstralSnow/AstralIceSmallPiles.png
NPCs/Perforator/PerforatorBodyLarge.png
Items/Weapons/Melee/StreamGouge.png
Tiles/FurnitureAncient/AncientTable.png
Items/Weapons/Melee/Swordsplosion.png
Tiles/FurnitureAncient/AncientWorkBench.png
Items/Weapons/Melee/TaintedBlade.png
Tiles/Furniture/Monoliths/PlagueHumidifierTile.png
Items/Weapons/Melee/StreamGougeGlow.png
NPCs/Perforator/PerforatorBodyLargeAlt.png
Tiles/Merges/RainCloudMerge.png
Items/Weapons/Melee/TeardropCleaver.png
NPCs/Perforator/PerforatorBodyLargeAltGlow.png
Tiles/Furniture/Monoliths/PlagueHumidifierTile_Highlight.png
Items/Armor/MarniteArchitect/MarniteArchitectHeadgear_Head.png
Items/Weapons/Melee/TenebreusTides.png
NPCs/Perforator/PerforatorBodyLargeGlow.png
Items/Armor/MarniteArchitect/MarniteArchitectToga.png
Localization/en-US/Mods.CalamityMod.Common.hjson
Localization/en-US/Mods.CalamityMod.Condition.hjson
Tiles/AstralSnow/AstralIceStalactite.png
Localization/en-US/Mods.CalamityMod.Configs.hjson
Localization/en-US/Mods.CalamityMod.DamageClasses.hjson
Localization/en-US/Mods.CalamityMod.Events.hjson
Localization/en-US/Mods.CalamityMod.GameTips.hjson
Items/Weapons/Melee/StygianShield.png
Tiles/FurnitureAshen/AshenBasin.png
Items/Weapons/Melee/Terratomere.png
Items/Weapons/Melee/TerrorBlade.png
Items/Weapons/Melee/TerrorBladeGlow.png
Projectiles/Summon/AmphibiansGuitarMinion.png
Cooldowns/ParryCooldownOverlay.png
Projectiles/Summon/AndromedaDeathRay.png
Cooldowns/PermafrostConcoction.png
Projectiles/Summon/AndromedaDeathrayEnd.png
Cooldowns/PermafrostConcoctionOutline.png
Cooldowns/PermafrostConcoctionOverlay.png
Projectiles/Summon/AndromedaDeathrayMid.png
Localization/en-US/Mods.CalamityMod.Items.Accessories.hjson
Tiles/FurnitureAshen/AshenBasinFlame.png
Localization/en-US/Mods.CalamityMod.Items.Accessories.Wings.hjson
Tiles/Merges/RunestoneMerge.png
Cooldowns/PlagueBlackout.png
Localization/en-US/Mods.CalamityMod.Items.Ammo.hjson
Tiles/Furniture/Monoliths/PurpleDistortedMonolithTile.png
Cooldowns/PlagueBlackoutOutline.png
Items/Weapons/Melee/StygianShield_Shield.png
Cooldowns/PlagueBlackoutOverlay.png
Localization/en-US/Mods.CalamityMod.Items.Armor.Hardmode.hjson
Cooldowns/PlaguedFuelPack.png
Items/Weapons/Melee/SubmarineShocker.png
Items/Armor/MarniteArchitect/MarniteArchitectToga_Body.png
Cooldowns/PlaguedFuelPackOutline.png
Items/Weapons/Melee/SulphurousGrabber.png
Localization/en-US/Mods.CalamityMod.Items.Armor.PostMoonLord.hjson
Cooldowns/PlaguedFuelPackOverlay.png
Cooldowns/PotionSickness.png
Items/Weapons/Melee/TheBurningSky.png
Localization/en-US/Mods.CalamityMod.Items.Armor.PreHardmode.hjson
Cooldowns/PotionSicknessOutline.png
Localization/en-US/Mods.CalamityMod.Items.Armor.Vanity.hjson
Tiles/AstralSnow/AstralSnow.png
Items/Weapons/Melee/TheDarkMaster.png
Cooldowns/PotionSicknessOverlay.png
NPCs/Perforator/PerforatorBodyMedium.png
Items/Weapons/Melee/TheGodsGambit.png
Cooldowns/PrismaticLaser.png
Backgrounds/SunkenSeaBurrowsBG1.png
Cooldowns/PrismaticLaserOutline.png
NPCs/Perforator/PerforatorBodyMediumGlow.png
Cooldowns/PrismaticLaserOverlay.png
Tiles/FurnitureAshen/AshenBasin_Highlight.png
Localization/en-US/Mods.CalamityMod.Items.Debug.hjson
Cooldowns/ProfanedSoulShieldActive.png
Items/Weapons/Melee/TheLastMourning.png
Items/Weapons/Melee/TriactisTruePaladinianMageHammerofMight.png
Cooldowns/ProfanedSoulShieldOutline.png
Tiles/Furniture/Monoliths/PurpleDistortedMonolithTile_Highlight.png
Tiles/Merges/SandMerge.png
Localization/en-US/Mods.CalamityMod.Items.DraedonItems.hjson
Cooldowns/ProfanedSoulShieldOverlay.png
Localization/en-US/Mods.CalamityMod.Items.Dyes.hjson
Items/Weapons/Melee/TrueArkoftheAncients.png
Tiles/FurnitureAshen/AshenBathtub.png
Cooldowns/ProfanedSoulShieldRecharge.png
Localization/en-US/Mods.CalamityMod.Items.Fishing.hjson
Items/Weapons/Melee/TrueArkoftheAncientsGlow.png
Tiles/AstralSnow/AstralSnowLightmask.png
Items/Armor/MarniteArchitect/MarniteArchitectToga_Legs.png
Items/Weapons/Melee/TrueBiomeBlade.png
Items/Armor/MarniteArchitect/MarniteLiftFire.png
Cooldowns/RaiderBoost.png
Items/Weapons/Melee/TrueCausticEdge.png
Tiles/FurnitureAshen/AshenBed.png
Cooldowns/RaiderBoostOutline.png
Localization/en-US/Mods.CalamityMod.Items.Lore.hjson
Localization/en-US/Mods.CalamityMod.Items.Materials.hjson
Items/Weapons/Melee/TheMicrowave.png
NPCs/Perforator/PerforatorBodySmall.png
Tiles/FurnitureAshen/AshenBed_Highlight.png
Localization/en-US/Mods.CalamityMod.Items.Misc.hjson
NPCs/Perforator/PerforatorBodySmallGlow.png
Tiles/Merges/SandstoneMerge.png
Localization/en-US/Mods.CalamityMod.Items.Mounts.hjson
Localization/en-US/Mods.CalamityMod.Items.Pets.hjson
Items/Armor/MarniteArchitect/MarniteLift_Front.png
Items/Weapons/Melee/TheMutilator.png
Cooldowns/RaiderBoostOverlay.png
NPCs/Perforator/PerforatorCyst.png
Cooldowns/RelicOfResilienceCooldown.png
Items/Armor/Mollusk/MolluskShelleggings.png
Items/Weapons/Melee/Tumbleweed.png
Tiles/AstralSnow/AstralSnowTree.png
Cooldowns/RelicOfResilienceCooldownOutline.png
NPCs/Perforator/PerforatorCystGlow.png
Cooldowns/RelicOfResilienceCooldownOverlay.png
Cooldowns/SandCloak.png
Cooldowns/SandCloakOutline.png
Items/Weapons/Melee/TheObliterator.png
Localization/en-US/Mods.CalamityMod.Items.Placeables.hjson
NPCs/Perforator/PerforatorHeadLarge.png
Items/Weapons/Melee/TheOracle.png
Localization/en-US/Mods.CalamityMod.Items.Potions.hjson
NPCs/Perforator/PerforatorHeadLargeGlow.png
Items/Weapons/Melee/TitanArm.png
Localization/en-US/Mods.CalamityMod.Items.SummonItems.hjson
Items/Weapons/Melee/TyphonsGreed.png
NPCs/Perforator/PerforatorHeadLarge_Head_Boss.png
Items/Weapons/Melee/WulfrumScrewdriver.png
Localization/en-US/Mods.CalamityMod.Items.Tools.hjson
Items/Weapons/Melee/YateveoBloom.png
Localization/en-US/Mods.CalamityMod.Items.TreasureBags.hjson
Items/Weapons/Melee/UltimusCleaver.png
NPCs/Perforator/PerforatorHeadMedium.png
Localization/en-US/Mods.CalamityMod.Items.Weapons.DraedonsArsenal.hjson
Tiles/AstralSnow/AstralSnowTreeGlow.png
Tiles/AstralSnow/AstralSnowTreeSapling.png
Tiles/Merges/ScarletSeaGrassTileMerge.png
NPCs/Perforator/PerforatorHeadMediumGlow.png
Tiles/AstralSnow/AstralSnowTreeSaplingGlow.png
Items/Armor/Mollusk/MolluskShelleggings_Legs.png
NPCs/Perforator/PerforatorHeadMedium_Head_Boss.png
Items/Armor/Mollusk/MolluskShellmet.png
Localization/en-US/Mods.CalamityMod.Items.Weapons.Magic.hjson
NPCs/Perforator/PerforatorHeadSmall.png
NPCs/Perforator/PerforatorHeadSmallGlow.png
Tiles/AstralSnow/AstralSnowTree_Branches.png
NPCs/Perforator/PerforatorHeadSmall_Head_Boss.png
Items/Weapons/Melee/UrchinMace.png
Localization/en-US/Mods.CalamityMod.Items.Weapons.Melee.hjson
Cooldowns/SandCloakOverlay.png
Tiles/AstralSnow/AstralSnowTree_BranchesGlow.png
Cooldowns/SandsmokeBomb.png
Cooldowns/SandsmokeBombOutline.png
Cooldowns/SandsmokeBombOverlay.png
Localization/en-US/Mods.CalamityMod.Items.Weapons.Ranged.hjson
Items/Armor/Mollusk/MolluskShellmet_Head.png
Tiles/FurnitureAshen/AshenBookcase.png
Cooldowns/SilvaRevive.png
Cooldowns/SilvaReviveOutline.png
Items/Armor/Mollusk/MolluskShellplate.png
Cooldowns/SilvaReviveOverlay.png
Items/Weapons/Melee/YinYo.png
Cooldowns/SpeedBlasterBoost.png
Cooldowns/SpeedBlasterBoostOutline.png
Items/Weapons/Ranged/AcesHigh.png
Cooldowns/SpeedBlasterBoostOverlay.png
Items/Weapons/Ranged/AcidwoodBow.png
Cooldowns/SpongeDurability.png
Localization/en-US/Mods.CalamityMod.Items.Weapons.Rogue.hjson
Cooldowns/SpongeOutline.png
Cooldowns/SpongeOverlay.png
Tiles/Merges/ShellstoneMerge.png
Cooldowns/SpongeRecharge.png
Items/Weapons/Ranged/AdamantiteParticleAccelerator.png
Localization/en-US/Mods.CalamityMod.Items.Weapons.Summon.hjson
Cooldowns/Starburst.png
Items/Weapons/Melee/VanishingPoint.png
Localization/en-US/Mods.CalamityMod.Items.Weapons.Typeless.hjson
Localization/en-US/Mods.CalamityMod.Keybinds.hjson
Cooldowns/StarburstOutline.png
Items/Weapons/Melee/VeinBurster.png
Items/Weapons/Ranged/Alluvion.png
Localization/en-US/Mods.CalamityMod.Misc.hjson
Tiles/AstralSnow/AstralSnowTree_Tops.png
Cooldowns/StarburstOverlay.png
Items/Weapons/Ranged/AngelicShotgun.png
Cooldowns/SuperradiantSawBoost.png
Items/Weapons/Ranged/Animosity.png
Cooldowns/SuperradiantSawBoostOutline.png
Cooldowns/SuperradiantSawBoostOverlay.png
Cooldowns/TarragonCloak.png
Localization/en-US/Mods.CalamityMod.NPCs.hjson
Items/Weapons/Melee/Violence.png
Cooldowns/TarragonCloakOutline.png
Localization/en-US/Mods.CalamityMod.Prefixes.hjson
Items/Weapons/Ranged/AntiMaterielRifle.png
Cooldowns/TarragonCloakOverlay.png
Localization/en-US/Mods.CalamityMod.Projectiles.Boss.hjson
Cooldowns/TarragonImmunity.png
Items/Weapons/Ranged/AquashardShotgun.png
Localization/en-US/Mods.CalamityMod.Projectiles.Enemy.hjson
Items/Weapons/Melee/Virulence.png
Localization/en-US/Mods.CalamityMod.Projectiles.Healing.hjson
Cooldowns/TarragonImmunityOutline.png
Cooldowns/TarragonImmunityOverlay.png
Tiles/Merges/SnowCloudMerge.png
Localization/en-US/Mods.CalamityMod.Projectiles.Magic.hjson
Cooldowns/TransformerCooldown.png
Cooldowns/TransformerCooldownOutline.png
Items/Armor/Mollusk/MolluskShellplate_Body.png
Localization/en-US/Mods.CalamityMod.Projectiles.Melee.hjson
Cooldowns/TransformerCooldownOverlay.png
Items/Armor/OmegaBlue/OmegaBlueChestplate.png
Localization/en-US/Mods.CalamityMod.Projectiles.Misc.hjson
Cooldowns/UniverseSplitter.png
Tiles/AstralSnow/AstralSnowTree_TopsGlow.png
Localization/en-US/Mods.CalamityMod.Projectiles.Pets.hjson
Cooldowns/UniverseSplitterOutline.png
Cooldowns/UniverseSplitterOverlay.png
Localization/en-US/Mods.CalamityMod.Projectiles.Ranged.hjson
Cooldowns/VampiricTalismanBoost.png
Tiles/FurnitureAshen/AshenCandelabra.png
Cooldowns/VampiricTalismanBoostOutline.png
Cooldowns/VampiricTalismanBoostOverlay.png
Tiles/BaseTiles/RelicPedestal.png
Localization/en-US/Mods.CalamityMod.Projectiles.Rogue.hjson
Cooldowns/WarbanneroftheRighteousBuff.png
Cooldowns/WarbanneroftheRighteousBuffOutline.png
Tiles/Crags/BrimstoneCrateTile.png
Localization/en-US/Mods.CalamityMod.Projectiles.Summon.hjson
Tiles/FurnitureAshen/AshenCandelabraFlame.png
Localization/en-US/Mods.CalamityMod.Projectiles.Typeless.hjson
Backgrounds/SunkenSeaBurrowsBG2.png
Tiles/FurnitureAshen/AshenCandle.png
Cooldowns/WarbanneroftheRighteousBuffOverlay.png
Tiles/FurnitureAshen/AshenCandleFlame.png
Cooldowns/WardingWave.png
Localization/en-US/Mods.CalamityMod.Status.Boss.hjson
Cooldowns/WardingWaveOutline.png
Tiles/FurnitureAshen/AshenChair.png
Cooldowns/WardingWaveOverlay.png
Localization/en-US/Mods.CalamityMod.Status.Death.hjson
Tiles/FurnitureAshen/AshenChair_Highlight.png
Cooldowns/WulfrumBastion.png
Localization/en-US/Mods.CalamityMod.Status.Progression.hjson
Localization/en-US/Mods.CalamityMod.Tiles.hjson
Cooldowns/WulfrumBastionActive.png
Tiles/Merges/SnowMerge.png
Tiles/FurnitureAshen/AshenChandelier.png
Localization/en-US/Mods.CalamityMod.UI.hjson
Cooldowns/WulfrumBastionOutline.png
Localization/en-US/Mods.CalamityMod.UI.WindowTitle.hjson
Cooldowns/WulfrumBastionOverlay.png
Items/Armor/OmegaBlue/OmegaBlueChestplate_Body.png
Cooldowns/WulfrumRoverDrive.png
Localization/en-US/Mods.CalamityMod.Vanilla.Armor.hjson
Items/Weapons/Ranged/Arbalest.png
Tiles/Merges/StoneMerge.png
Localization/en-US/Mods.CalamityMod.Vanilla.hjson
Items/Weapons/Ranged/Archerfish.png
ExtraTextures/GreyscaleGradients/FrozenCrust.png
Localization/en-US/Mods.CalamityMod.Vanilla.Wings.hjson
Cooldowns/WulfrumRoverDriveActive.png
Localization/en-US/Mods.Terraria.Buffs.hjson
Items/Weapons/Ranged/ArcNovaDiffuser.png
Cooldowns/WulfrumRoverDriveOutline.png
Cooldowns/WulfrumRoverDriveOverlay.png
Items/Weapons/Ranged/Arietes41.png
Dusts/AbsorberDust.png
NPCs/Abyss/BabyCannonballJellyfish.png
Tiles/FurnitureAshen/AshenChandelierFlame.png
Dusts/AdrenDust.png
Projectiles/Melee/DeathsAscensionSwing.png
Items/Weapons/Ranged/ArterialAssault.png
Dusts/AstralBasic.png
Dusts/AstralBlue.png
Items/Weapons/Ranged/AstralBlaster.png
Tiles/FurnitureAshen/AshenChest.png
Dusts/AstralChunkDust.png
Dusts/AstralEnemy.png
Items/Weapons/Ranged/AstrealDefeat.png
Dusts/AstralOrange.png
Tiles/FurnitureAshen/AshenChest_Highlight.png
NPCs/Abyss/Bloatfish.png
Dusts/AuricBarDust.png
Dusts/BrimstoneFlame.png
Items/Weapons/Ranged/Auralis.png
Dusts/CeaselessDust.png
Dusts/CinderBlossomDust.png
Dusts/CosmiliteBarDust.png
Items/Weapons/Ranged/AuralisGlow.png
Dusts/FinalFlame.png
Dusts/HBSparkle.png
Tiles/Merges/SulphurousSandMerge.png
Items/Weapons/Ranged/AuroraBlazer.png
Dusts/HolyFireDust.png
Items/Weapons/Ranged/AuroraBlazerGlow.png
Items/Armor/OmegaBlue/OmegaBlueHelmet.png
Tiles/FurnitureAshen/AshenDoorClosed.png
Dusts/LightDust.png
Dusts/OMGWTHSparkle.png
Tiles/FurnitureAshen/AshenDoorClosed_Highlight.png
Dusts/RosePiece.png
Items/Weapons/Ranged/Barinade.png
NPCs/Abyss/BobbitWormHead.png
Tiles/FurnitureAshen/AshenDoorOpen.png
Dusts/ShadowspecBarDust.png
Items/Weapons/Ranged/Barinautical.png
Dusts/TerraSigilDust.png
Items/Weapons/Melee/VoidEdge.png
Dusts/VoidDust.png
Tiles/FurnitureAshen/AshenDoorOpen_Highlight.png
Dusts/VoidDustInverted.png
Items/Weapons/Ranged/BarracudaGun.png
Effects/ArtAttackTrail.fx
Tiles/FurnitureAshen/AshenDresser.png
Items/Weapons/Melee/VulcaniteLance.png
Items/Weapons/Ranged/BladedgeRailbow.png
Tiles/FurnitureAshen/AshenDresser_Highlight.png
Tiles/Merges/SulphurousSandstoneMerge.png
Effects/ArtAttackTrail.xnb
Tiles/FurnitureAshen/AshenLamp.png
Items/Weapons/Ranged/BlightSpewer.png
Items/Weapons/Melee/WindBlade.png
Effects/ArtemisLaserShader.fx
Tiles/FurnitureAshen/AshenLampFlame.png
Items/Weapons/Ranged/BulletFilledShotgun.png
Items/Weapons/Ranged/BlissfulBombardier.png
Tiles/FurnitureAshen/AshenLantern.png
Tiles/FurnitureAshen/AshenLanternFlame.png
Effects/ArtemisLaserShader.xnb
Items/Weapons/Ranged/Buzzkill.png
Items/Weapons/Ranged/BlissfulBombardierGlow.png
Tiles/FurnitureAshen/AshenMonolith.png
Items/Weapons/Ranged/BloodBoiler.png
Effects/AstralFogShader.xnb
Items/Weapons/Ranged/ChickenCannon.png
Effects/BasicPrimitiveShader.fx
Effects/BasicPrimitiveShader.xnb
Effects/BasicTextureDistortionShader.fx
Effects/BasicTextureDistortionShader.xnb
Effects/BasicTint.fx
Items/Weapons/Ranged/ChromaticEruption.png
Items/Weapons/Ranged/BlossomFlux.png
Effects/BasicTint.xnb
Effects/BlueStaticShader.fx
Items/Armor/OmegaBlue/OmegaBlueHelmet_Head.png
Items/Weapons/Ranged/ChromaticEruptionGlow.png
Items/Weapons/Ranged/ClamorRifle.png
Effects/BlueStaticShader.xnb
Tiles/Merges/SulphurousShaleMerge.png
Effects/BordernadoFire.fx
Items/Weapons/Ranged/CleansingBlaze.png
Effects/BordernadoFire.xnb
Items/Weapons/Ranged/BrimstoneFury.png
Effects/CircularAoETelegraph.fx
Items/Weapons/Ranged/CleansingBlazeGlow.png
NPCs/Abyss/BobbitWormSegment.png
NPCs/Abyss/BoxJellyfish.png
Items/Armor/OmegaBlue/OmegaBlueHelmet_HeadMadness.png
Items/Armor/OmegaBlue/OmegaBlueTentacles.png
NPCs/Abyss/CannonballJellyfish.png
Items/Weapons/Ranged/ClockworkBow.png
NPCs/Perforator/PerforatorHive.png
Items/Weapons/Ranged/Condemnation.png
Items/Armor/OmegaBlue/OmegaBlueTentacles_Legs.png
Items/Armor/Plaguebringer/PlaguebringerCarapace.png
Tiles/Merges/SuperheatedObsidian.png
Items/Armor/Plaguebringer/PlaguebringerCarapace_Back.png
Effects/CircularAoETelegraph.xnb
Items/Weapons/Ranged/ConferenceCall.png
Effects/CircularBarShader.fx
Items/Weapons/Ranged/Contagion.png
Effects/CircularBarShader.xnb
Effects/CircularBarSpriteShader.fx
Tiles/FurnitureAshen/AshenMonolith_Eye.png
Effects/CircularBarSpriteShader.xnb
Tiles/FurnitureAshen/AshenMonolith_Highlight.png
Effects/CircularGradientWithEdge.fx
Tiles/FurnitureAshen/AshenPipeOrgan.png
Effects/CircularGradientWithEdge.xnb
Effects/CircularOpacityShader.fx
Effects/CircularOpacityShader.xnb
Effects/Dissolve.fx
Tiles/FurnitureAshen/AshenPlatform.png
Effects/Dissolve.xnb
Items/Weapons/Ranged/ContinentalGreatbow.png
Effects/DistortionShader.xnb
Effects/DoGBackgroundFogShader.fx
Effects/DoGBackgroundFogShader.xnb
Tiles/Merges/VoidstoneMerge.png
Effects/DoGDisintegration.fx
Items/Weapons/Ranged/DaemonsFlame.png
Effects/DoGDisintegration.xnb
Tiles/FurnitureAshen/AshenSink.png
Effects/DoGDistortionWindsShader.fx
Items/Weapons/Ranged/DaemonsFlameGlow.png
Items/Armor/Plaguebringer/PlaguebringerCarapace_Body.png
Items/Armor/Plaguebringer/PlaguebringerPistons.png
Items/Weapons/Ranged/DarkechoGreatbow.png
Effects/DoGDistortionWindsShader.xnb
Effects/DoGRealityCrackShader.fx
Items/Weapons/Ranged/DeadSunsWind.png
Effects/DoGRealityCrackShader.xnb
Effects/DoGRiftAuraShader.fx
Items/Weapons/Ranged/DeepcoreGK2.png
Items/Weapons/Ranged/CorinthPrime.png
Effects/DoGRiftAuraShader.xnb
Effects/DozeLightingShader.fx
Items/Weapons/Ranged/CorrodedCaustibow.png
Items/Weapons/Ranged/CrackshotColt.png
Effects/DozeLightingShader.xnb
Items/Weapons/Ranged/DragonsBreath.png
Effects/ExobladePierceShader.fx
Items/Weapons/Ranged/FreedomStar.png
Tiles/Crags/BrimstoneSlab.png
Items/Weapons/Ranged/FrostbiteBlaster.png
Items/Armor/Plaguebringer/PlaguebringerPistons_Legs.png
Items/Weapons/Ranged/Drataliornus.png
Items/Weapons/Ranged/Fungicide.png
Items/Armor/Plaguebringer/PlaguebringerVisor.png
Effects/ExobladePierceShader.xnb
Items/Weapons/Ranged/Galeforce.png
Items/Weapons/Ranged/DriftwoodBow.png
Effects/ExobladeSlashShader.fx
Items/Weapons/Ranged/GoldenEagle.png
Items/Weapons/Ranged/EternalBlizzard.png
Effects/ExobladeSlashShader.xnb
Items/Weapons/Ranged/Eviscerator.png
Effects/ExoVortexShader.fx
Items/Weapons/Ranged/Goobow.png
NPCs/Abyss/ChaoticPuffer.png
Items/Weapons/Ranged/GunkShot.png
Effects/ExoVortexShader.xnb
Effects/FadedUVMapStreak.fx
Effects/FadedUVMapStreak.xnb
Items/Weapons/Ranged/HalibutCannon.png
Tiles/Merges/VolcanicSandMerge.png
Effects/FadingSolidTrail.fx
Items/Weapons/Ranged/HalleysInferno.png
Tiles/MusicBoxes/DraedonExoSelectMusicBox.png
Effects/FadingSolidTrail.xnb
Items/Weapons/Ranged/HandheldTank.png
Tiles/MusicBoxes/DraedonExoSelectMusicBox_Highlight.png
Effects/Flame.fx
Items/Weapons/Ranged/HavocsBreath.png
Tiles/MusicBoxes/DraedonTalkMusicBox.png
Tiles/MusicBoxes/DraedonTalkMusicBox_Highlight.png
Items/Weapons/Ranged/FetidEmesis.png
Items/Weapons/Ranged/FirestormCannon.png
NPCs/Perforator/PerforatorHiveGlow.png
NPCs/Perforator/PerforatorHive_Head_Boss.png
Items/Weapons/Ranged/FlakKraken.png
NPCs/Perforator/PerforatorTailLarge.png
Items/Weapons/Ranged/FlakToxicannon.png
Items/Weapons/Ranged/HeavenlyGale.png
Items/Weapons/Ranged/FlarewingBow.png
NPCs/Perforator/PerforatorTailLargeGlow.png
Items/Weapons/Ranged/FlurrystormCannon.png
NPCs/Perforator/PerforatorTailMedium.png
Items/Weapons/Ranged/Hydra.png
Effects/Flame.xnb
NPCs/Perforator/PerforatorTailMediumGlow.png
Items/Weapons/Ranged/HeavenlyGaleGlow.png
Effects/FluidShaders.fx
Items/Weapons/Ranged/Hellborn.png
Items/Weapons/Ranged/Infinity.png
Items/Weapons/Ranged/Helstorm.png
Effects/FluidShaders.xnb
Effects/GaleforceArrowTrail.fx
Items/Weapons/Ranged/Karasawa.png
Items/Weapons/Ranged/HoarfrostBow.png
NPCs/Perforator/PerforatorTailSmall.png
Effects/GaleforceArrowTrail.xnb
Tiles/Ores/AerialiteOre.png
Effects/HeavenlyGaleLightningShader.fx
Items/Weapons/Ranged/Monsoon.png
NPCs/Perforator/PerforatorTailSmallGlow.png
Items/Weapons/Ranged/Needler.png
Effects/HeavenlyGaleLightningShader.xnb
Effects/HeavenlyGaleTrailShader.fx
Items/Weapons/Ranged/NettlevineGreatbow.png
Items/Weapons/Ranged/Kingsbane.png
Effects/HeavenlyGaleTrailShader.xnb
Effects/HellBall.fx
Effects/HellBall.xnb
Effects/ImpFlameTrail.fx
Effects/ImpFlameTrail.xnb
Effects/IntersectionClipShader.fx
Effects/IntersectionClipShader.xnb
Items/Weapons/Ranged/Leviatitan.png
NPCs/Abyss/ChaoticPufferGlow.png
Effects/LightBurstShader.xnb
Items/Armor/Plaguebringer/PlaguebringerVisor_Head.png
Effects/LocalLinearTransformationShader.fx
Items/Weapons/Ranged/LunarianBow.png
Items/Armor/PlagueReaper/PlagueReaperMask.png
Items/Weapons/Ranged/M1Garand.png
Effects/LocalLinearTransformationShader.xnb
Effects/MiracleBlight.fx
Items/Weapons/Ranged/MagnaCannon.png
Effects/MiracleBlight.xnb
Tiles/Ores/AerialiteOreDisenchanted.png
Effects/OtherworldBarrierDistortion.fx
Items/Weapons/Ranged/MagnomalyCannon.png
Items/Weapons/Ranged/NitroExpressRifle.png
Effects/OtherworldBarrierDistortion.xnb
Items/Weapons/Ranged/Malevolence.png
Effects/PhaseslayerRipShader.fx
Items/Weapons/Ranged/Norfleet.png
Items/Weapons/Ranged/MarksmanBow.png
Effects/PhaseslayerRipShader.xnb
Items/Weapons/Ranged/NullificationPistol.png
Effects/PixelatedSightLine.fx
Items/Weapons/Ranged/Megalodon.png
Items/Armor/PlagueReaper/PlagueReaperMask_Head.png
Tiles/Ores/AstralOre.png
Items/Weapons/Ranged/OntologicalDespoiler.png
Items/Armor/PlagueReaper/PlagueReaperStriders.png
Items/Weapons/Ranged/Meowthrower.png
Items/Weapons/Ranged/OnyxChainBlaster.png
Items/Weapons/Ranged/MidasPrime.png
Effects/PixelatedSightLine.xnb
Effects/pixelation.h
Items/Weapons/Ranged/Onyxia.png
Items/Weapons/Ranged/MineralMortar.png
Effects/PrimitiveClearShader.fx
Items/Weapons/Ranged/OpalStriker.png
Effects/PrimitiveClearShader.xnb
Items/Weapons/Ranged/MonolithBow.png
Effects/PrimTextureOverlayShader.fx
Items/Weapons/Ranged/OverloadedBlaster.png
Items/Weapons/Ranged/P90.png
Effects/PrimTextureOverlayShader.xnb
Items/Weapons/Ranged/PlagueTaintedSMG.png
Effects/PrismCrystalStreak.fx
Effects/PrismCrystalStreak.xnb
Effects/RancorMagicCircle.fx
Items/Weapons/Ranged/PlanetaryAnnihilation.png
Items/Weapons/Ranged/PearlGod.png
Items/Armor/PlagueReaper/PlagueReaperStriders_Legs.png
Items/Weapons/Ranged/PolarisParrotfish.png
Effects/RancorMagicCircle.xnb
Items/Armor/PlagueReaper/PlagueReaperVest.png
Items/Weapons/Ranged/PestilentDefiler.png
Items/Weapons/Ranged/PridefulHuntersPlanarRipper.png
Effects/RotateSprite.fx
Effects/RotateSprite.xnb
Items/Weapons/Ranged/PristineFury.png
Items/Weapons/Ranged/Photoviscerator.png
Effects/RoverDriveShield.fx
Items/Weapons/Ranged/PhotovisceratorGlow.png
Items/Weapons/Ranged/Scorpio_Glow.png
Items/Weapons/Ranged/SDFMG.png
Items/Weapons/Ranged/Seadragon.png
Items/Weapons/Ranged/SeasSearing.png
Items/Weapons/Ranged/SepticSkewer.png
Items/Weapons/Ranged/Shadethrower.png
Items/Weapons/Ranged/Shellshooter.png
Effects/RoverDriveShield.xnb
Effects/SCalMouseShader.fx
Items/Weapons/Ranged/Shredder.png
Items/Weapons/Ranged/Shroomer.png
Projectiles/Melee/DeathsAscensionSwingGlow.png
Items/Weapons/Ranged/SlagfireDouser.png
Items/Armor/PlagueReaper/PlagueReaperVest_Body.png
Items/Weapons/Ranged/SlagMagnum.png
Items/Armor/Prismatic/PrismaticGreaves.png
Items/Weapons/Ranged/SomaPrime.png
Items/Weapons/Ranged/SparkSpreader.png
Backgrounds/SunkenSeaBurrowsBG3.png
Items/Weapons/Ranged/SpectralstormCannon.png
Items/Weapons/Ranged/SpeedBlaster.png
Items/Weapons/Ranged/Spyker.png
Tiles/Crags/BrimstoneSlag.png
Effects/SCalMouseShader.xnb
Effects/ScarletDevilStreak.fx
Items/Weapons/Ranged/Starfleet.png
Items/Armor/Prismatic/PrismaticGreaves_Legs.png
Items/Armor/Prismatic/PrismaticHelmet.png
Items/Weapons/Ranged/StarfleetGlow.png
Effects/ScarletDevilStreak.xnb
Effects/SeaPrismColorBlending.fx
Items/Weapons/Ranged/Starmada.png
Effects/SeaPrismColorBlending.xnb
Effects/SideStreakTrail.fx
Items/Weapons/Ranged/StarmadaGlow.png
Tiles/Ores/AuricOre.png
Projectiles/Melee/DemonFork.png
Effects/SideStreakTrail.xnb
Effects/SpreadTelegraph.fx
Projectiles/Melee/DevilsSunriseCyclone.png
Effects/SpreadTelegraph.xnb
Backgrounds/SunkenSeaBurrowsBG4.png
Effects/StandardPrimitiveShader.fx
Effects/StandardPrimitiveShader.xnb
Effects/SupremeShieldShader.fx
Effects/SupremeShieldShader.xnb
Effects/SwingSprite.fx
Effects/SwingSprite.xnb
Effects/SylvestaffProjectileShader.fx
Items/Armor/Prismatic/PrismaticHelmet_Head.png
Items/Armor/Prismatic/PrismaticRegalia.png
Effects/SylvestaffProjectileShader.xnb
Effects/SylvestaffRibbonShader.fx
Items/Weapons/Ranged/PristineFuryGlow.png
Effects/SylvestaffRibbonShader.xnb
Effects/TeleportDisplacementShader.fx
Items/Weapons/Ranged/PristineFury_Animated.png
Items/Weapons/Ranged/Pumpler.png
Items/Weapons/Ranged/RealmRavager.png
Items/Weapons/Ranged/ReedBlowgun.png
Items/Weapons/Ranged/Riftburst.png
Items/Weapons/Ranged/RiftburstGlow.png
Items/Weapons/Ranged/RubicoPrime.png
Items/Weapons/Ranged/Sandblaster.png
Items/Armor/Prismatic/PrismaticRegalia_Body.png
Items/Armor/Reaver/ReaverCuisses.png
Items/Weapons/Ranged/ScorchedEarth.png
Projectiles/Summon/AndromedaRegislash.png
Items/Weapons/Ranged/Scorpio.png
Tiles/Ores/AuricOreGlow.png
Items/Weapons/Ranged/Starmageddon.png
Items/Weapons/Ranged/StarmageddonGlow.png
Items/Weapons/Ranged/StarSputter.png
Items/Weapons/Ranged/StellarCannon.png
NPCs/PlaguebringerGoliath/PlaguebringerGoliath.png
Items/Armor/Reaver/ReaverCuisses_Legs.png
Items/Armor/Reaver/ReaverHeadExplore.png
Items/Weapons/Ranged/StormSurge.png
Projectiles/Summon/AndromedaSmall.png
Items/Weapons/Ranged/SulphuricAcidCannon.png
Items/Weapons/Ranged/TelluricGlareGlow.png
Items/Weapons/Ranged/SuperradiantSlaughterer.png
Items/Weapons/Ranged/TheBallista.png
Tiles/Ores/CryonicOre.png
Items/Weapons/Ranged/TheHive.png
Items/Weapons/Ranged/TheHive_Glow.png
Projectiles/Summon/AngelicAllianceArchangel.png
Items/Weapons/Ranged/SurgeDriver.png
Items/Weapons/Ranged/Svantechnical.png
Effects/TeleportDisplacementShader.xnb
Items/Weapons/Ranged/TheJailor.png
Effects/TentacleShader.fx
Effects/TentacleShader.xnb
Items/Weapons/Ranged/TauCannon.png
Effects/TeslaTrail.fx
Effects/TeslaTrail.xnb
Items/Weapons/Ranged/TheMaelstrom.png
Effects/UnderwaterRaysShader.fx
Items/Weapons/Ranged/TauCannon_Glow.png
Projectiles/Summon/ApexShark.png
Items/Weapons/Ranged/ThePack.png
Items/Weapons/Ranged/ThermoclineBlaster.png
Items/Armor/Reaver/ReaverHeadExplore_Head.png
Projectiles/Summon/ApparatusExplosion.png
Tiles/Ores/ExodiumOre.png
Items/Weapons/Ranged/TheSevensStriker.png
Effects/UnderwaterRaysShader.xnb
Effects/WaterfallShader.fx
Items/Armor/Reaver/ReaverHeadMobility.png
Projectiles/Summon/AquasScepterCloud.png
Tiles/Ores/HallowedOre.png
Items/Weapons/Ranged/TelluricGlare.png
Items/Weapons/Ranged/UniversalGenesis.png
Projectiles/Summon/AquasScepterCloudFlash.png
Items/Weapons/Ranged/VernalBolter.png
Items/Armor/Reaver/ReaverHeadMobility_Head.png
Tiles/Crags/BrimstoneSlagGlow.png
Items/Weapons/Ranged/VernalBolterGlow.png
Projectiles/Summon/AquasScepterCloudGlowmask.png
Items/Armor/Reaver/ReaverHeadTank.png
Projectiles/Summon/AquasScepterRaindrop.png
Items/Weapons/Ranged/Voidragon.png
Items/Weapons/Ranged/TheStorm.png
Items/Weapons/Ranged/Vortexpopper.png
Projectiles/Melee/DevilsSunriseProj.png
Items/Weapons/Ranged/ThreadOfEradication.png
Effects/WaterfallShader.xnb
Effects/WavyOpacity.fx
Items/Weapons/Ranged/ThreadOfEradicationGlow.png
Items/Weapons/Ranged/WildfireBloom.png
Projectiles/Melee/DracoBeam.png
Effects/WavyOpacity.xnb
Items/Weapons/Ranged/WildfireBloomGlow.png
Items/Weapons/Ranged/WulfrumBlunderbuss.png
Effects/WulfrumScaffoldSelection.fx
Items/Weapons/Ranged/TitaniumRailgun.png
Tiles/Crags/CinderBlossomGrassGrass.png
Items/Weapons/Rogue/AdamantiteThrowingAxe.png
Projectiles/Melee/DragonPowChain.png
Projectiles/Melee/DragonPowFlail.png
Tiles/Crags/CinderBlossomTallPlants.png
Tiles/Crags/GloomTorch.png
Items/Armor/Reaver/ReaverHeadTank_Head.png
Effects/WulfrumScaffoldSelection.xnb
Tiles/Crags/GloomTorchFlame.png
Items/Armor/Reaver/ReaverScaleMail.png
Effects/WulfrumTilePing.fx
NPCs/Abyss/ColossalSquid.png
Tiles/Ores/InfernalSuevite.png
Effects/WulfrumTilePing.xnb
Tiles/Crags/LavaPistil.png
Tiles/Crags/LiliesOfFinalityTile.png
Events/AcidRainT1_BossChecklist.png
Items/Armor/Reaver/ReaverScaleMail_Body.png
Items/Armor/Silva/SilvaArmor.png
Items/Weapons/Ranged/Toxibow.png
Tiles/Ores/PerennialOre.png
Projectiles/Melee/DragonRageStaff.png
Events/AcidRainT2_BossChecklist.png
Projectiles/Melee/EarthGhost.png
Projectiles/Melee/EarthMeteor.png
Items/Weapons/Ranged/TyrannysEnd.png
Projectiles/Melee/ElementalGlassStar.png
Items/Armor/Silva/SilvaArmor_Body.png
Projectiles/Melee/EmpyreanKnife.png
Items/Armor/Silva/SilvaHeadMagic.png
Projectiles/Summon/AquasScepterTeslaAura.png
Tiles/FurnitureAshen/AshenSlab.png
Projectiles/Summon/AquaticStarMinion.png
Tiles/Ores/PerennialOreGlow.png
Projectiles/Melee/EssenceScythe.png
Projectiles/Summon/AstrageldonLaser.png
Items/Weapons/Ranged/Ultima.png
Items/Weapons/Rogue/BlazingStar.png
Items/Weapons/Rogue/BloodsoakedCrasher.png
Items/Weapons/Rogue/AntlionSkewer.png
Tiles/Ores/ScoriaOre.png
Items/Weapons/Rogue/BouncingEyeball.png
NPCs/Abyss/Cuttlefish.png
Items/Weapons/Rogue/Brimblade.png
Items/Weapons/Rogue/BurningStrife.png
ExtraTextures/GreyscaleGradients/HarshNoise.png
Items/Weapons/Rogue/Apoctolith.png
ExtraTextures/GreyscaleGradients/HavocplatePulse.png
Projectiles/Summon/AstrageldonSummon.png
Items/Weapons/Rogue/CelestialReaper.png
Tiles/Ores/ScoriaOreGlow.png
Projectiles/Summon/AstralProbeSummon.png
Events/AcidRainT3_BossChecklist.png
Items/Armor/Silva/SilvaHeadMagic_Head.png
ExtraTextures/ArianeAndElsterBlink_FirstEye.png
Items/Weapons/Rogue/ApoctolithGlow.png
ExtraTextures/ArianeAndElsterBlink_SecondEye.png
Items/Weapons/Rogue/AshenStalactite.png
Tiles/Ores/UelibloomOre.png
ExtraTextures/AuricCarpet.png
Items/Weapons/Rogue/AuroradicalThrow.png
Items/Weapons/Rogue/Celestus.png
ExtraTextures/BasicCircle.png
NPCs/Abyss/CuttlefishGlow.png
Items/Armor/Silva/SilvaHeadSummon.png
Items/Weapons/Rogue/BallisticPoisonBomb.png
ExtraTextures/BasicMess.png
Projectiles/Summon/AtlasMunitionsAutocannon.png
Items/Weapons/Rogue/CelestusGlow.png
Backgrounds/SunkenSeaShoresBG0.png
Items/Weapons/Rogue/Cinquedea.png
Items/Weapons/Rogue/CobaltKunai.png
Projectiles/Melee/Exobeam.png
Items/Weapons/Rogue/BlastBarrel.png
Items/Weapons/Rogue/Crystalline.png
Projectiles/Melee/ExobeamSlash.png
Items/Weapons/Rogue/CrystalPiercer.png
Items/Weapons/Rogue/CursedDagger.png
Items/Weapons/Rogue/DeepSeaDumbbell.png
Items/Weapons/Rogue/DeepWounder.png
NPCs/PlaguebringerGoliath/PlaguebringerGoliathChargeTex.png
Items/Weapons/Rogue/DefectiveSphere.png
Items/Armor/Silva/SilvaHeadSummon_Head.png
Items/Weapons/Rogue/ConsecratedWater.png
ExtraTextures/BloomCirclePinpoint.png
Items/Weapons/Rogue/DesecratedWater.png
Items/Weapons/Rogue/ContaminatedBile.png
Items/Weapons/Rogue/CorpusAvertor.png
Items/Weapons/Rogue/DimensionTearingDisk.png
Projectiles/Summon/AtlasMunitionsAutocannonGlow.png
Items/Armor/Silva/SilvaLeggings.png
Items/Weapons/Rogue/DimensionTearingDiskGlow.png
Items/Weapons/Rogue/DoomsdayDevice.png
Items/Weapons/Rogue/DoomsdayDeviceGlow.png
Items/Weapons/Rogue/DoomsdayDeviceGlow2.png
Items/Weapons/Rogue/DukesDecapitator.png
Tiles/Plates/Cinderplate.png
Items/Weapons/Rogue/DuststormInABottle.png
Items/Weapons/Rogue/DynamicPursuer.png
Items/Weapons/Rogue/CosmicKunai.png
Particles/BloomLineThick.png
Items/Weapons/Rogue/CraniumSmasher.png
Items/Weapons/Rogue/CrushsawCrasher.png
Items/Armor/Silva/SilvaLeggings_Legs.png
Projectiles/Summon/AtlasMunitionsAutocannonHeld.png
NPCs/Abyss/DevilFish.png
Items/Armor/SnowRuffian/SnowRuffianChestplate.png
Particles/BloomRing.png
Items/Armor/SnowRuffian/SnowRuffianChestplate_Back.png
Tiles/Plates/CinderplateGlow.png
Projectiles/Summon/AtlasMunitionsAutocannonHeldGlow.png
NPCs/ExoMechs/Ares/AresArmTopPart2.png
Items/Armor/SnowRuffian/SnowRuffianChestplate_Body.png
NPCs/Abyss/DevilFishAlt.png
Tiles/Crags/ScorchedBone.png
Tiles/FurnitureAshen/AshenSlabGlow.png
Tiles/FurnitureAshen/AshenSofa.png
Tiles/FurnitureAshen/AshenSofa_Highlight.png
Tiles/FurnitureAshen/AshenTable.png
Tiles/FurnitureAshen/AshenWorkBench.png
Items/Armor/SnowRuffian/SnowRuffianChestplate_Neck.png
Items/Armor/SnowRuffian/SnowRuffianGreaves.png
NPCs/ExoMechs/Ares/AresArmTopPart2Glow.png
Tiles/FurnitureAshen/SmoothBrimstoneSlag.png
Items/Armor/SnowRuffian/SnowRuffianGreaves_Legs.png
NPCs/ExoMechs/Ares/AresArmTopSegment.png
NPCs/Abyss/DevilFishGlow.png
Items/Armor/SnowRuffian/SnowRuffianMask.png
Tiles/Plates/Elumplate.png
NPCs/ExoMechs/Ares/AresArmTopSegmentGlow.png
Items/Armor/SnowRuffian/SnowRuffianMask_Head.png
Tiles/FurnitureAshen/SmoothBrimstoneSlagGlow.png
Tiles/FurnitureAuric/ActivatedAuricPanelTile.png
NPCs/Abyss/DevilFishGlowAlt.png
NPCs/Abyss/EidolonWyrmBody.png
NPCs/Abyss/EidolonWyrmBodyAlt.png
NPCs/Abyss/EidolonWyrmBodyAltGlow.png
NPCs/ExoMechs/Ares/AresArmTopShoulder.png
Tiles/Crags/ScorchedRemains.png
NPCs/Abyss/EidolonWyrmBodyGlow.png
Projectiles/Summon/AtlasMunitionsDropPod.png
Tiles/FurnitureAuric/ActivatedAuricPanelTile_Glow.png
NPCs/Abyss/EidolonWyrmHead.png
Items/Armor/SnowRuffian/SnowRuffianWings.png
Items/Armor/Statigel/StatigelArmor.png
Tiles/FurnitureAuric/AuricAbsorberTile.png
Tiles/FurnitureAuric/AuricConsoleTile.png
Tiles/FurnitureAuric/AuricConsoleTile_Glow.png
NPCs/PlaguebringerGoliath/PlaguebringerGoliathChargeTexGlow.png
Tiles/Plates/ElumplateGlow.png
Tiles/FurnitureAuric/AuricDisplayTile.png
Tiles/FurnitureAuric/AuricDisplayTile_Glow.png
Tiles/FurnitureAuric/AuricLandMineTile.png
NPCs/ExoMechs/Ares/AresArmTopShoulderGlow.png
NPCs/Abyss/EidolonWyrmHeadGlow.png
NPCs/Abyss/EidolonWyrmTail.png
NPCs/Abyss/EidolonWyrmTailGlow.png
Tiles/FurnitureAuric/AuricPanelTile.png
Tiles/FurnitureAuric/AuricPlatformTile.png
Items/Armor/Statigel/StatigelArmor_Body.png
Items/Armor/Statigel/StatigelGreaves.png
Tiles/FurnitureAuric/AuricPlatformTile_Glow.png
Tiles/FurnitureAuric/AuricReinforcedCrateTile.png
Tiles/FurnitureAuric/AuricReinforcedCrateTile_Glow.png
Items/Armor/Statigel/StatigelGreaves_Legs.png
Items/Armor/Statigel/StatigelHeadMagic.png
Projectiles/Summon/AtlasMunitionsDropPodGlow.png
Graphics/Metaballs/ScalArenaLayerSmoke.png
NPCs/Abyss/GiantSquid.png
Tiles/FurnitureAuric/AuricRepulserPanelTile.png
Backgrounds/SunkenSeaShoresBG1.png
Items/Armor/Statigel/StatigelHeadMagic_Head.png
Items/Armor/Statigel/StatigelHeadMelee.png
Tiles/Plates/Havocplate.png
Projectiles/Summon/AtlasMunitionsDropPodUpper.png
Tiles/FurnitureAuric/AuricRepulserPanelTile_Glow.png
ExtraTextures/CrackedGlass_Glowing.png
NPCs/ExoMechs/Apollo/Apollo.png
Tiles/FurnitureAuric/AuricScreenTile.png
Tiles/FurnitureAuric/AuricScreenTile_Glow.png
Projectiles/Summon/AtlasMunitionsDropPodUpperGlow.png
NPCs/Abyss/GiantSquidGlow.png
Projectiles/Summon/AtlasMunitionsLaser.png
Items/Armor/Statigel/StatigelHeadMelee_Head.png
Projectiles/Summon/AtlasMunitionsLaserOverdrive.png
NPCs/Abyss/GulperEelBody.png
Items/Armor/Statigel/StatigelHeadRanged.png
Tiles/FurnitureAuric/AuricServerTile.png
NPCs/Abyss/GulperEelBodyAlt.png
Tiles/FurnitureAuric/AuricServerTile_Glow.png
NPCs/Abyss/GulperEelBodyAltGlow.png
NPCs/Abyss/GulperEelBodyGlow.png
Tiles/Crags/ScorchedRemainsGrass.png
Tiles/Crags/SlagCrateTile.png
Tiles/FurnitureAuric/AuricTerminalTile.png
NPCs/Abyss/GulperEelHead.png
NPCs/Abyss/GulperEelHeadGlow.png
Tiles/DraedonStructures/AgedLaboratoryConsole.png
Tiles/FurnitureAuric/AuricTerminalTile_Glow.png
Tiles/DraedonStructures/AgedLaboratoryConsoleGlow.png
NPCs/Abyss/GulperEelTail.png
NPCs/Abyss/GulperEelTailGlow.png
ExtraTextures/GreyscaleGradients/MeltyNoise.png
Tiles/FurnitureAuric/AuricToiletTile.png
Items/Armor/Statigel/StatigelHeadRanged_Head.png
Items/Armor/Statigel/StatigelHeadRogue.png
Tiles/DraedonStructures/AgedLaboratoryContainmentBox.png
Tiles/Plates/HavocplateGlow.png
ExtraTextures/ExplosiveSun.png
ExtraTextures/ExplosiveSun2.png
ExtraTextures/ExplosiveSun3.png
Tiles/FurnitureAuric/ExoAuricPanelTile.png
Items/Armor/Statigel/StatigelHeadRogue_Head.png
Items/Armor/Statigel/StatigelHeadSummon.png
Tiles/FurnitureAuric/ExoAuricPanelTile_Glow.png
NPCs/Abyss/Laserfish.png
Tiles/DraedonStructures/AgedLaboratoryDisplay.png
Tiles/DraedonStructures/AgedLaboratoryDisplayGlow.png
NPCs/Abyss/LaserfishGlow.png
Tiles/DraedonStructures/AgedLaboratoryDoorClosed.png
Tiles/DraedonStructures/AgedLaboratoryDoorClosed_Highlight.png
Tiles/DraedonStructures/AgedLaboratoryDoorOpen.png
Tiles/DraedonStructures/AgedLaboratoryDoorOpen_Highlight.png
Items/Armor/Statigel/StatigelHeadSummon_Head.png
Items/Armor/Sulphurous/SulphurousBreastplate.png
Tiles/DraedonStructures/AgedLaboratoryElectricPanel.png
Tiles/DraedonStructures/AgedLaboratoryScreen.png
Tiles/DraedonStructures/AgedLaboratoryScreenGlow.png
Tiles/DraedonStructures/AgedLaboratoryServer.png
Tiles/FurnitureBasalt/BasaltSlab.png
Tiles/DraedonStructures/AgedLaboratoryServerGlow.png
NPCs/Abyss/LuminousCorvina.png
Tiles/FurnitureBotanic/BotanicBathtub.png
Tiles/DraedonStructures/AgedLaboratoryTerminal.png
NPCs/PlaguebringerGoliath/PlaguebringerGoliathGlow.png
Tiles/FurnitureBotanic/BotanicBed.png
Tiles/FurnitureBotanic/BotanicBed_Highlight.png
Tiles/DraedonStructures/AgedReinforcedCrate.png
Tiles/FurnitureBotanic/BotanicBench.png
Tiles/DraedonStructures/AgedReinforcedCrateGlow.png
Tiles/FurnitureBotanic/BotanicBench_Highlight.png
Tiles/DraedonStructures/AgedSecurityChestTile.png
NPCs/Abyss/LuminousCorvinaGlow.png
Tiles/FurnitureBotanic/BotanicBookcase.png
Items/Armor/Sulphurous/SulphurousBreastplate_Body.png
Tiles/FurnitureBotanic/BotanicCandelabra.png
Items/Armor/Sulphurous/SulphurousHelmet.png
Tiles/FurnitureBotanic/BotanicCandle.png
Tiles/FurnitureBotanic/BotanicChair.png
Tiles/FurnitureBotanic/BotanicChair_Highlight.png
Tiles/DraedonStructures/AgedSecurityChestTile_Highlight.png
Tiles/FurnitureBotanic/BotanicChandelier.png
Tiles/DraedonStructures/ChargingStation.png
Tiles/DraedonStructures/ChargingStation_Glow.png
Tiles/FurnitureBotanic/BotanicChest.png
Tiles/DraedonStructures/ChargingStation_Highlight.png
ExtraTextures/GreyscaleOpenCircle.png
Tiles/FurnitureBotanic/BotanicChest_Highlight.png
Items/Armor/Sulphurous/SulphurousHelmet_Head.png
Items/Armor/Sulphurous/SulphurousLeggings.png
NPCs/PlaguebringerGoliath/PlaguebringerGoliath_BossChecklist.png
Tiles/Plates/Navyplate.png
NPCs/PlaguebringerGoliath/PlaguebringerGoliath_Head_Boss.png
Tiles/FurnitureBotanic/BotanicClock.png
NPCs/PlaguebringerGoliath/PlagueHomingMissile.png
NPCs/PlaguebringerGoliath/PlagueHomingMissileGlow.png
Tiles/FurnitureBotanic/BotanicClock_Highlight.png
Tiles/FurnitureBotanic/BotanicDoorClosed.png
NPCs/PlaguebringerGoliath/PlagueMine.png
NPCs/PlaguebringerGoliath/PlagueMineGlow.png
Tiles/FurnitureBotanic/BotanicDoorClosed_Highlight.png
NPCs/Abyss/MirageJelly.png
NPCs/PlagueEnemies/Melter.png
Tiles/FurnitureBotanic/BotanicDoorOpen.png
NPCs/PlagueEnemies/PestilentSlime.png
Tiles/FurnitureBotanic/BotanicDoorOpen_Highlight.png
Tiles/FurnitureBotanic/BotanicDresser.png
Tiles/FurnitureBotanic/BotanicDresser_Highlight.png
Projectiles/Summon/AtlasMunitionsTurret.png
Tiles/FurnitureBotanic/BotanicLamp.png
Tiles/FurnitureBotanic/BotanicLantern.png
Tiles/FurnitureBotanic/BotanicPiano.png
Tiles/Plates/NavyplateGlow.png
Tiles/FurnitureBotanic/BotanicPlanter.png
Tiles/FurnitureBotanic/BotanicPlatform.png
Tiles/FurnitureBotanic/BotanicSink.png
Tiles/FurnitureBotanic/BotanicTable.png
Tiles/FurnitureBotanic/BotanicWorkBench.png
Items/Armor/Sulphurous/SulphurousLeggings_Legs.png
Items/Armor/Tarragon/TarragonBreastplate.png
Tiles/FurnitureCosmilite/CosmiliteBasinFlame.png
NPCs/Abyss/MirageJellyGlow.png
Tiles/FurnitureCosmilite/CosmiliteBasinTile.png
Tiles/FurnitureCosmilite/CosmiliteBathtub.png
Tiles/FurnitureCosmilite/CosmiliteBed.png
Tiles/FurnitureCosmilite/CosmiliteBed_Highlight.png
Tiles/FurnitureCosmilite/CosmiliteBookcase.png
Tiles/Plates/Onyxplate.png
NPCs/Abyss/MorayEel.png
Projectiles/Summon/AtlasMunitionsTurretGlow.png
NPCs/Abyss/OarfishBody.png
NPCs/Abyss/OarfishHead.png
Projectiles/Summon/AureusBomber.png
NPCs/Abyss/OarfishTail.png
Projectiles/Summon/AureusBomberGlow.png
Tiles/FurnitureCosmilite/CosmiliteBrick.png
Items/Armor/Tarragon/TarragonBreastplate_Body.png
Projectiles/Summon/BabyBloodCrawler.png
Items/Armor/Tarragon/TarragonHeadMagic.png
Tiles/DraedonStructures/HazardChevronPanels.png
Tiles/FurnitureCosmilite/CosmiliteBrickGlow.png
Projectiles/Summon/BelladonnaSpirit.png
Tiles/FurnitureCosmilite/CosmiliteCandelabra.png
Projectiles/Summon/BetterHornetStinger.png
Tiles/FurnitureCosmilite/CosmiliteCandle.png
Projectiles/Summon/BlackDragonBody.png
Tiles/FurnitureCosmilite/CosmiliteChair.png
Tiles/FurnitureCosmilite/CosmiliteChair_Highlight.png
Projectiles/Summon/BlackDragonBody2.png
Items/Armor/Tarragon/TarragonHeadMagic_Head.png
Items/Armor/Tarragon/TarragonHeadMelee.png
Tiles/Plates/OnyxplateGlow.png
Items/Armor/Tarragon/TarragonHeadMelee_Head.png
Items/Armor/Tarragon/TarragonHeadRanged.png
Tiles/FurnitureCosmilite/CosmiliteChandelier.png
Projectiles/Summon/BlackDragonHead.png
Tiles/FurnitureCosmilite/CosmiliteChest.png
Projectiles/Summon/BlackDragonTail.png
NPCs/PlagueEnemies/PlaguebringerMiniboss.png
Tiles/FurnitureCosmilite/CosmiliteChest_Highlight.png
Projectiles/Summon/BlackDragonTail2.png
Projectiles/Summon/BlackHawkBullet.png
NPCs/PlagueEnemies/PlagueCharger.png
Tiles/DraedonStructures/InactivePowerCellFactory.png
Items/Armor/Tarragon/TarragonHeadRanged_Head.png
Projectiles/Summon/BlackHawkGlow.png
NPCs/PlagueEnemies/PlagueChargerGlow.png
Items/Armor/Tarragon/TarragonHeadRogue.png
Tiles/Plates/PlagueContainmentCells.png
NPCs/PlagueEnemies/PlagueChargerLarge.png
Projectiles/Summon/BlackHawkSummon.png
Projectiles/Summon/BloodSpit.png
Projectiles/Summon/BoneMatter.png
Projectiles/Summon/BoneMatter2.png
Projectiles/Summon/BrimseekerAuraBall.png
Items/Armor/Tarragon/TarragonHeadRogue_Head.png
Items/Armor/Tarragon/TarragonHeadSummon.png
NPCs/PlagueEnemies/Plagueshell.png
NPCs/PlagueEnemies/Viruling.png
ExtraTextures/GreyscaleGradients/MeltyNoiseHighContrast.png
Items/Armor/Tarragon/TarragonHeadSummon_Head.png
Backgrounds/SunkenSeaShoresBG2.png
NPCs/Polterghast/Necroplasm_Head_Boss.png
NPCs/Abyss/ReaperShark.png
NPCs/Polterghast/PhantomFuckYou.png
Items/Armor/Tarragon/TarragonLeggings.png
Tiles/FurnitureCosmilite/CosmiliteClock.png
Tiles/FurnitureCosmilite/CosmiliteClock_Highlight.png
Tiles/Plates/PlagueContainmentCellsGlow.png
Tiles/FurnitureCosmilite/CosmiliteDoorClosed.png
Tiles/PlayerTurrets/FireTurretHead.png
ExtraTextures/GreyscaleOpenCircleButBigger.png
Tiles/FurnitureCosmilite/CosmiliteDoorClosed_Highlight.png
Tiles/PlayerTurrets/IceTurretHead.png
Tiles/PlayerTurrets/LabTurretHead.png
Tiles/PlayerTurrets/LaserTurretHead.png
Tiles/PlayerTurrets/OnyxTurretHead.png
Tiles/PlayerTurrets/PlagueTurretHead.png
Projectiles/Summon/BrimstoneElementalMinion.png
Projectiles/Summon/BrimstoneLaserSummon.png
ExtraTextures/GreyscaleGradients/NavyplatePulse.png
Tiles/PlayerTurrets/PlayerFireTurret.png
Items/Armor/Tarragon/TarragonLeggings_Legs.png
Projectiles/Summon/BrittleStarMinion.png
Tiles/PlayerTurrets/PlayerIceTurret.png
Tiles/PlayerTurrets/PlayerLabTurret.png
Tiles/PlayerTurrets/PlayerLaserTurret.png
Items/Armor/TitanHeart/TitanHeartBoots.png
Tiles/PlayerTurrets/PlayerOnyxTurret.png
Tiles/PlayerTurrets/PlayerPlagueTurret.png
Tiles/PlayerTurrets/PlayerWaterTurret.png
Tiles/FurnitureCosmilite/CosmiliteDoorOpen.png
Tiles/FurnitureCosmilite/CosmiliteDoorOpen_Highlight.png
Tiles/PlayerTurrets/WaterTurretHead.png
Tiles/FurnitureCosmilite/CosmiliteDresser.png
Tiles/FurnitureCosmilite/CosmiliteDresser_Highlight.png
Tiles/Pylons/AstralPylonTile.png
Projectiles/Summon/CalamarisLamentMinion.png
Items/Armor/TitanHeart/TitanHeartBoots_Legs.png
Items/Armor/TitanHeart/TitanHeartMantle.png
Tiles/FurnitureCosmilite/CosmiliteLamp.png
Tiles/FurnitureCosmilite/CosmiliteLantern.png
Tiles/Pylons/AstralPylonTile_Crystal.png
Tiles/FurnitureCosmilite/CosmilitePiano.png
Tiles/FurnitureCosmilite/CosmilitePlatform.png
Tiles/FurnitureCosmilite/CosmiliteSconce.png
Tiles/FurnitureCosmilite/CosmiliteSink.png
Tiles/FurnitureCosmilite/CosmiliteSofa.png
Tiles/FurnitureCosmilite/CosmiliteSofa_Highlight.png
Tiles/FurnitureCosmilite/CosmiliteTable.png
Tiles/FurnitureCosmilite/CosmiliteWorkBench.png
Items/Armor/TitanHeart/TitanHeartMantle_Body.png
Items/Armor/TitanHeart/TitanHeartMask.png
Projectiles/Summon/CalamarisLamentProjectile.png
Projectiles/Summon/Calamitamini.png
Projectiles/Summon/Cataclymini.png
Projectiles/Summon/Catastromini.png
Projectiles/Summon/CausticStaffProjectile.png
Tiles/Pylons/AstralPylonTile_MapIcon.png
Items/Armor/TitanHeart/TitanHeartMask_Head.png
Tiles/Pylons/CragsPylonTile.png
Items/Armor/Umbraphile/UmbraphileBoots.png
NPCs/Polterghast/Polterghast.png
Tiles/FurnitureDriftwood/Driftwood.png
NPCs/Polterghast/PolterghastChain.png
Tiles/FurnitureDriftwood/DriftwoodBaroqueCello.png
Tiles/Pylons/CragsPylonTile_Crystal.png
Tiles/Pylons/CragsPylonTile_MapIcon.png
Tiles/FurnitureDriftwood/DriftwoodBathtub.png
Projectiles/Summon/CausticStaffSummon.png
ExtraTextures/GreyscaleVortex.png
Tiles/Pylons/SulphurPylonTile.png
Tiles/FurnitureDriftwood/DriftwoodBed.png
Items/Armor/Umbraphile/UmbraphileBoots_Legs.png
Items/Armor/Umbraphile/UmbraphileHood.png
Tiles/FurnitureDriftwood/DriftwoodBed_Highlight.png
Projectiles/Summon/CelestialAxeMinion.png
Tiles/FurnitureDriftwood/DriftwoodBookcase.png
Projectiles/Summon/CinderBlossom.png
Tiles/DraedonStructures/LabHologramProjector.png
Tiles/Pylons/SulphurPylonTile_Crystal.png
Tiles/DraedonStructures/LaboratoryConsole.png
Tiles/Pylons/SulphurPylonTile_MapIcon.png
Tiles/DraedonStructures/LaboratoryConsoleGlow.png
Tiles/FurnitureDriftwood/DriftwoodCandelabra.png
Tiles/Pylons/SunkenPylonTile.png
Tiles/FurnitureDriftwood/DriftwoodCandle.png
Tiles/DraedonStructures/LaboratoryContainmentBox.png
Tiles/FurnitureDriftwood/DriftwoodChair.png
Tiles/FurnitureDriftwood/DriftwoodChair_Highlight.png
Items/Armor/Umbraphile/UmbraphileHood_Head.png
Items/Armor/Umbraphile/UmbraphileRegalia.png
Tiles/DraedonStructures/LaboratoryDisplay.png
Tiles/FurnitureDriftwood/DriftwoodChandelier.png
Tiles/Pylons/SunkenPylonTile_Crystal.png
Tiles/FurnitureDriftwood/DriftwoodChest.png
Tiles/Pylons/SunkenPylonTile_MapIcon.png
Tiles/DraedonStructures/LaboratoryDisplayGlow.png
Tiles/SunkenSea/AlgalPrismTorch.png
Tiles/FurnitureDriftwood/DriftwoodChest_Highlight.png
Tiles/FurnitureDriftwood/DriftwoodDoorClosed.png
Tiles/SunkenSea/AlgalPrismTorchFlame.png
Tiles/FurnitureDriftwood/DriftwoodDoorClosed_Highlight.png
Tiles/FurnitureDriftwood/DriftwoodDoorOpen.png
Tiles/FurnitureDriftwood/DriftwoodDoorOpen_Highlight.png
Tiles/FurnitureDriftwood/DriftwoodDresser.png
Tiles/FurnitureDriftwood/DriftwoodDresser_Highlight.png
Tiles/FurnitureDriftwood/DriftwoodLamp.png
Tiles/FurnitureDriftwood/DriftwoodLantern.png
Tiles/FurnitureDriftwood/DriftwoodPlatform.png
Items/Armor/Umbraphile/UmbraphileRegalia_Body.png
Items/Armor/Vanity/AcesApronOfAffection.png
Tiles/FurnitureDriftwood/DriftwoodSink.png
Tiles/FurnitureDriftwood/DriftwoodSofa.png
Tiles/FurnitureDriftwood/DriftwoodSofa_Highlight.png
Tiles/FurnitureDriftwood/DriftwoodSundial.png
Tiles/FurnitureDriftwood/DriftwoodSundial_Highlight.png
Tiles/SunkenSea/AridSoil.png
Tiles/FurnitureDriftwood/DriftwoodTable.png
Tiles/FurnitureDriftwood/DriftwoodToilet.png
Tiles/FurnitureDriftwood/DriftwoodToilet_Highlight.png
Tiles/FurnitureDriftwood/DriftwoodWorkBench.png
Tiles/FurnitureExo/ExoBathtubGlow.png
Tiles/FurnitureExo/ExoBathtubTile.png
Tiles/DraedonStructures/LaboratoryDoorClosed.png
Tiles/FurnitureExo/ExoBedGlow.png
Tiles/DraedonStructures/LaboratoryDoorClosed_Highlight.png
Tiles/DraedonStructures/LaboratoryDoorOpen.png
Tiles/FurnitureExo/ExoBedTile.png
Tiles/DraedonStructures/LaboratoryDoorOpen_Highlight.png
Tiles/DraedonStructures/LaboratoryElectricPanel.png
Tiles/FurnitureExo/ExoBedTile_Highlight.png
Tiles/FurnitureExo/ExoBookcaseGlow.png
Items/Armor/Vanity/AcesApronOfAffection_Body.png
Items/Armor/Vanity/AnahitaMask.png
Tiles/FurnitureExo/ExoBookcaseTile.png
NPCs/Polterghast/PolterghastGlow.png
Tiles/FurnitureExo/ExoCandelabraTile.png
Tiles/SunkenSea/Basalt.png
Tiles/FurnitureExo/ExoCandelabraTileFlame.png
Tiles/FurnitureExo/ExoCandleTile.png
Tiles/FurnitureExo/ExoCandleTileFlame.png
Tiles/FurnitureExo/ExoChairGlow.png
Tiles/FurnitureExo/ExoChairTile.png
Tiles/DraedonStructures/LaboratoryPanels.png
Tiles/FurnitureExo/ExoChairTile_Highlight.png
Tiles/FurnitureExo/ExoChandelierTile.png
Items/Armor/Vanity/AnahitaMask_Head.png
Tiles/FurnitureExo/ExoChandelierTileFlame.png
Items/Armor/Vanity/AncientGodSlayerChestplate.png
Tiles/FurnitureExo/ExoChestGlow.png
Tiles/FurnitureExo/ExoChestTile.png
Tiles/FurnitureExo/ExoChestTile_Highlight.png
Tiles/FurnitureExo/ExoClockGlow.png
Tiles/SunkenSea/BlackPearlPile.png
Tiles/FurnitureExo/ExoClockTile.png
Projectiles/Summon/CloudElementalMinion.png
Tiles/FurnitureExo/ExoClockTile_Highlight.png
Tiles/FurnitureExo/ExoConsoleGlow.png
Tiles/FurnitureExo/ExoConsoleTile.png
Tiles/FurnitureExo/ExoDisplayGlow.png
NPCs/Abyss/ReaperSharkMan.png
ExtraTextures/Jesus.png
ExtraTextures/LaserWallTelegraphBeam.png
ExtraTextures/Line.png
Tiles/FurnitureExo/ExoDisplayTile.png
ExtraTextures/LineFade.png
Tiles/FurnitureExo/ExoDoorClosed.png
Items/Armor/Vanity/AncientGodSlayerChestplate_Body.png
ExtraTextures/Pixel.png
Items/Armor/Vanity/AncientGodSlayerHelm.png
Tiles/FurnitureExo/ExoDoorClosed_Highlight.png
Tiles/FurnitureExo/ExoDoorOpen.png
Tiles/SunkenSea/BlackPearlPile_Glint.png
Tiles/FurnitureExo/ExoDoorOpen_Highlight.png
Tiles/FurnitureExo/ExoDresserGlow.png
NPCs/Polterghast/PolterghastGlow2.png
Tiles/FurnitureExo/ExoDresserTile.png
NPCs/Abyss/SlabCrab.png
Tiles/DraedonStructures/LaboratoryPipePlating.png
Tiles/FurnitureExo/ExoDresserTile_Highlight.png
Tiles/FurnitureExo/ExoKeyboardGlow.png
NPCs/Polterghast/PolterghastHook.png
Tiles/FurnitureExo/ExoKeyboardTile.png
Tiles/FurnitureExo/ExoLampTile.png
Tiles/FurnitureExo/ExoLampTileFlame.png
Tiles/FurnitureExo/ExoLanternTile.png
Tiles/FurnitureExo/ExoLanternTileFlame.png
Items/Armor/Vanity/AncientGodSlayerHelm_Head.png
Projectiles/Melee/FallenBlast.png
Items/Armor/Vanity/AncientGodSlayerLeggings.png
Projectiles/Melee/FallenPaladinsHammerEcho.png
Tiles/FurnitureExo/ExoPlatformTile.png
Projectiles/Melee/FloodtideShark.png
Projectiles/Melee/ForbiddenOathbladeProjectile.png
Tiles/DraedonStructures/LaboratoryPlating.png
Tiles/DraedonStructures/LaboratoryScreen.png
Tiles/DraedonStructures/LaboratoryScreenGlow.png
Tiles/SunkenSea/CyanCoral.png
Tiles/DraedonStructures/LaboratoryServer.png
Tiles/DraedonStructures/LaboratoryServerGlow.png
Projectiles/Melee/GaelSkull.png
Tiles/FurnitureExo/ExoTableGlow.png
Items/Armor/Vanity/AncientGodSlayerLeggings_Legs.png
Items/Armor/Vanity/ApolloMask.png
Tiles/FurnitureExo/ExoTableTile.png
Tiles/FurnitureExo/ExoTerminalGlow.png
Tiles/FurnitureExo/ExoTerminalTile.png
NPCs/Polterghast/PolterghastHookGlow.png
Projectiles/Melee/GalacticaComet.png
Tiles/FurnitureExo/ExoToiletGlow.png
NPCs/Polterghast/Polterghast_Head_Boss.png
Tiles/FurnitureExo/ExoToiletTile.png
Tiles/FurnitureExo/ExoToiletTile_Highlight.png
Tiles/FurnitureExo/ExoWorkBenchTile.png
Tiles/FurnitureExo/ExoWorkBenchTileGlow.png
Tiles/SunkenSea/Dunesand.png
Items/Armor/Vanity/ApolloMask_Extra.png
Tiles/FurnitureMarnite/MarniteBathtub.png
Tiles/SunkenSea/EutrophicCrateTile.png
Projectiles/Melee/GalacticaComet2.png
Tiles/FurnitureMarnite/MarniteBed.png
NPCs/Abyss/SlabCrabGlow.png
Tiles/SunkenSea/EutrophicGlass.png
Tiles/FurnitureMarnite/MarniteBed_Highlight.png
Tiles/FurnitureExo/ExoPlatingTile.png
Tiles/FurnitureMarnite/MarniteBookcase.png
NPCs/Abyss/ToxicMinnow.png
Projectiles/Melee/GalacticaComet3.png
Tiles/FurnitureMarnite/MarniteCandelabra.png
Projectiles/Melee/GalaxiaBolt.png
Tiles/FurnitureMarnite/MarniteCandle.png
NPCs/Abyss/ToxicMinnowGlow.png
Projectiles/Melee/GalaxiaCancer.png
Tiles/FurnitureMarnite/MarniteChair.png
Tiles/FurnitureMarnite/MarniteChair_Highlight.png
Projectiles/Melee/GalaxiaCapricorn.png
Projectiles/Melee/GalileoGladiusGlow.png
Items/Armor/Vanity/ApolloMask_Head.png
Projectiles/Melee/GelWave.png
Items/Armor/Vanity/AquaticScourgeMask.png
Tiles/FurnitureExo/ExoPlatingTileGlow.png
Projectiles/Melee/GhastlySoulLarge.png
Tiles/FurnitureMarnite/MarniteChandelier.png
Projectiles/Summon/CloudElementalMinionAttack.png
Projectiles/Melee/GhastlySoulMedium.png
NPCs/Abyss/Viperfish.png
Projectiles/Summon/CnidarianJellyfishOnTheString.png
Projectiles/Summon/CnidarianSpark.png
Tiles/FurnitureMarnite/MarniteChest.png
Projectiles/Melee/GhastlySoulSmall.png
Tiles/FurnitureMarnite/MarniteChest_Highlight.png
Items/Armor/Vanity/AquaticScourgeMask_Head.png
Items/Armor/Vanity/AresMask.png
Tiles/FurnitureMarnite/MarniteClock.png
Projectiles/Melee/GrandDadGhost.png
Tiles/FurnitureMarnite/MarniteClock_Highlight.png
Projectiles/Summon/CorroslimeMinion.png
Tiles/FurnitureMarnite/MarniteDoorClosed.png
Projectiles/Summon/CorruptionSlimeGodMinion.png
NPCs/Abyss/ViperfishGlow.png
Tiles/FurnitureMarnite/MarniteDoorClosed_Highlight.png
NPCs/AcidRain/AcidEel.png
Projectiles/Melee/GrandGuardianGhost.png
Projectiles/Melee/GreenWater.png
Projectiles/Summon/CosmicBlast.png
Projectiles/Melee/HellionSpike.png
Tiles/FurnitureMarnite/MarniteDoorOpen.png
Projectiles/Summon/CosmicBlastBig.png
Items/Armor/Vanity/AresMask_Head.png
NPCs/Polterghast/PolterPhantom.png
NPCs/AcidRain/AcidEelBestiary.png
Tiles/FurnitureMarnite/MarniteDoorOpen_Highlight.png
Items/Armor/Vanity/ArtemisMask.png
NPCs/AcidRain/AcidEelBody.png
Tiles/FurnitureMarnite/MarniteDresser.png
Projectiles/Melee/HellkiteGhost.png
Items/Armor/Vanity/ArtemisMask_Extra.png
Tiles/FurnitureMarnite/MarniteDresser_Highlight.png
Tiles/FurnitureMarnite/MarniteLamp.png
NPCs/AcidRain/AcidEelTail.png
Tiles/FurnitureMarnite/MarniteLantern.png
Tiles/FurnitureMarnite/MarniteLight.png
Tiles/FurnitureMarnite/MarniteLightFlame.png
NPCs/Polterghast/PolterPhantomGlow.png
NPCs/AcidRain/BabyFlakCrab.png
Tiles/FurnitureMarnite/MarniteOrgan.png
NPCs/Polterghast/PolterPhantom_Head_Boss.png
Tiles/FurnitureMarnite/MarniteSink.png
NPCs/AcidRain/BloodwormFleeing.png
Tiles/FurnitureMarnite/MarniteSofa.png
Tiles/FurnitureMarnite/MarniteSofa_Highlight.png
Items/Armor/Vanity/ArtemisMask_Head.png
NPCs/AcidRain/BloodwormNormal.png
Projectiles/Summon/CosmicEnergySpiral.png
Projectiles/Summon/CosmicViperConcussionMissile.png
Items/Armor/Vanity/AshenHorns.png
NPCs/AcidRain/CragmawMire.png
NPCs/AcidRain/CragmawMire2.png
Tiles/FurnitureMarnite/MarniteTable.png
NPCs/AcidRain/CragmawMire_Head_Boss.png
Tiles/FurnitureExo/ExoPrismPanelTile.png
Projectiles/Summon/CosmicViperGlow.png
Items/Armor/Vanity/AshenHorns_Head.png
Items/Armor/Vanity/AstrumAureusMask.png
Projectiles/Summon/CosmicViperHomingRocket.png
Backgrounds/SunkenSeaShoresBG3.png
NPCs/PrimordialWyrm/PrimordialWyrmBody.png
Projectiles/Melee/HolyColliderGhost.png
NPCs/PrimordialWyrm/PrimordialWyrmBodyAlt.png
NPCs/AcidRain/FlakCrab.png
Items/Armor/Vanity/AstrumAureusMask_Head.png
Items/Armor/Vanity/AstrumDeusMask.png
Projectiles/Melee/HolyColliderHolyFire.png
NPCs/PrimordialWyrm/PrimordialWyrmBodyAlt_Lightmask.png
Backgrounds/SunkenSeaShoresBG4.png
NPCs/ExoMechs/Ares/AresGaussNuke.png
BiomeManagers/AbovegroundAstralBiomeIcon.png
BiomeManagers/AbyssLayer1Icon.png
BiomeManagers/AbyssLayer2Icon.png
Gores/BrimstoneGore2.png
Gores/BrimstoneGore3.png
Gores/BrimstoneGore4.png
Gores/BumbleHead.png
Gores/BumbleLeg.png
NPCs/PrimordialWyrm/PrimordialWyrmBody_Lightmask.png
Tiles/FurnitureExo/ExoPrismPanelTileGlow.png
Tiles/FurnitureMarnite/MarniteToilet.png
Gores/BumbleWing.png
Gores/BuzzkillSaw1.png
Tiles/FurnitureMarnite/MarniteToilet_Highlight.png
Gores/BuzzkillSaw2.png
Tiles/FurnitureMarnite/MarniteWorkBench.png
NPCs/AcidRain/GammaSlime.png
Gores/BuzzkillSaw3.png
Gores/CeaselessVoid.png
NPCs/AcidRain/GammaSlimeGlow.png
Projectiles/Summon/CosmicViperSplitRocket1.png
Gores/CeaselessVoid2.png
ExtraTextures/GreyscaleGradients/Neurons.png
Projectiles/Summon/CosmicViperSplitRocket2.png
NPCs/AcidRain/IrradiatedSlime.png
Projectiles/Summon/CosmicViperSplittingRocket.png
NPCs/AcidRain/IrradiatedSlimeGlow.png
Projectiles/Summon/CosmicViperSummon.png
Items/Armor/Vanity/AstrumDeusMask_Head.png
Items/Armor/Vanity/BrimstoneElementalMask.png
Projectiles/Summon/CrimslimeMinion.png
Projectiles/Summon/CrimsonSlimeGodMinion.png
Projectiles/Summon/DaedalusCrystal.png
Tiles/FurnitureMarnite/PolishedMarniteBlock.png
ExtraTextures/ScreamyFace.png
Gores/CeaselessVoid3.png
Items/Armor/Vanity/BrimstoneElementalMask_Head.png
Items/Armor/Vanity/BumblefuckMask.png
Gores/ColossalSquid.png
Gores/ColossalSquid2.png
Tiles/FurnitureMarnite/PolishedMarnitePlatform.png
Gores/ColossalSquid3.png
Projectiles/Summon/DaedalusGolem.png
Projectiles/Summon/DaedalusLightning.png
Projectiles/Summon/DaedalusPellet.png
Projectiles/Summon/DankCreeperMinion.png
Items/Armor/Vanity/BumblefuckMask_Head.png
Projectiles/Summon/DazzlingStabber.png
Items/Armor/Vanity/CalamitasCloneMask.png
Projectiles/Summon/DazzlingStabber2.png
Projectiles/Summon/DazzlingStabber3.png
Tiles/FurnitureExo/ExoPrismPlatformTile.png
Projectiles/Summon/DeathstareBeam.png
Projectiles/Summon/DeathstareEyeball.png
Projectiles/Summon/DeathstareEyePupil.png
ExtraTextures/SimpleStar.png
Projectiles/Summon/DormantBrimseekerBab.png
Items/Armor/Vanity/CalamitasCloneMask_Head.png
Items/Armor/Vanity/CeaselessVoidMask.png
Projectiles/Summon/Dreadmine.png
Projectiles/Melee/HolyColliderHolyFire2.png
NPCs/PrimordialWyrm/PrimordialWyrmHead.png
Projectiles/Melee/IllustriousKnife.png
Projectiles/Melee/InsidiousHarpoon.png
NPCs/AcidRain/Mauler.png
Tiles/FurnitureExo/ExoPrismPlatformTileGlow.png
Items/Armor/Vanity/CeaselessVoidMask_Head.png
Projectiles/Summon/DreadmineTurret.png
NPCs/PrimordialWyrm/PrimordialWyrmHead_Head_Boss.png
Tiles/FurnitureExo/ExoScreenGlow.png
Gores/ColossalSquid4.png
Items/Armor/Vanity/CrabulonMask.png
Projectiles/Summon/EnchantedKnifeStaffProjectile.png
Projectiles/Summon/EnchantedKnifeSummon.png
ExtraTextures/SimpleWings.png
Projectiles/Summon/EndoCooperBody.png
ExtraTextures/SmallGreyscaleCircle.png
Projectiles/Summon/EndoCooperBody_Glow.png
Gores/Crabulon.png
Projectiles/Summon/EndoCooperLimbs.png
Gores/Crabulon2.png
Gores/Crabulon3.png
Gores/Crabulon4.png
Projectiles/Summon/EndoCooperLimbs_Glow.png
Gores/Crabulon5.png
Gores/Crabulon6.png
Projectiles/Summon/EndoHydraBody.png
Projectiles/Summon/EndoHydraChain.png
NPCs/PrimordialWyrm/PrimordialWyrmHead_Lightmask.png
Projectiles/Summon/EndoHydraHead.png
Gores/Crabulon7.png
Projectiles/Summon/EndoIceShard.png
Gores/CryoChipGore1.png
Gores/CryoChipGore2.png
Gores/CryoChipGore3.png
Projectiles/Summon/Evernote.png
Gores/Cryocore.png
Projectiles/Summon/EvernoteWall.png
Gores/Cryocore2.png
Gores/CryoDeathGore1.png
Projectiles/Summon/EXPLODINGFROG.png
Projectiles/Summon/EyeOfNightCell.png
Projectiles/Summon/EyeOfNightSummon.png
Gores/CryoDeathGore2.png
Gores/CryoDeathGore3.png
Gores/CryoShieldGore1.png
NPCs/AcidRain/MaulerGlowmask.png
Gores/CryoShieldGore2.png
NPCs/PrimordialWyrm/PrimordialWyrmTail.png
NPCs/AcidRain/Mauler_Head_Boss.png
Tiles/FurnitureExo/ExoScreenTile.png
Projectiles/Melee/JudgementProj.png
Gores/CryoShieldGore3.png
Tiles/FurnitureExo/ExoServerGlow.png
Gores/CryoShieldGore4.png
Gores/CryoSpirit.png
NPCs/PrimordialWyrm/PrimordialWyrmTail_Lightmask.png
Gores/DevilFishMask1.png
Items/Armor/Vanity/CrabulonMask_Head.png
Gores/DevilFishMask2.png
Items/Armor/Vanity/CryogenMask.png
Gores/DevilFishMask3.png
Gores/DevilFishMask3Alt.png
Gores/DoGBody.png
Tiles/FurnitureExo/ExoServerTile.png
Tiles/FurnitureExo/ExoSinkGlow.png
Tiles/FurnitureExo/ExoSinkTile.png
Tiles/FurnitureExo/ExoSofaGlow.png
Tiles/FurnitureExo/ExoSofaTile.png
Gores/DoGBody2.png
Tiles/FurnitureExo/ExoSofaTile_Highlight.png
Items/Armor/Vanity/CryogenMask_Head.png
Gores/DoGBody3.png
Items/Armor/Vanity/DesertScourgeMask.png
Gores/DoGHead.png
Gores/DoGS.png
ExtraTextures/SoulVortex.png
ExtraTextures/TinyGreyscaleCircle.png
Gores/DoGS2.png
Gores/DoGS3.png
Gores/DoGS4.png
Tiles/FurnitureMonolith/MonolithBed.png
Gores/DoGS5.png
Tiles/FurnitureMonolith/MonolithBedGlow.png
Gores/DoGS6.png
Items/Armor/Vanity/DesertScourgeMask_Head.png
Items/Armor/Vanity/DevourerofGodsMask.png
Tiles/FurnitureMonolith/MonolithBed_Highlight.png
Gores/DoGTail.png
Projectiles/Melee/LaceratorSaw.png
Tiles/FurnitureMonolith/MonolithBench.png
Gores/DoT.png
Tiles/FurnitureMonolith/MonolithBenchGlow.png
Projectiles/Melee/LifeScythe.png
Gores/DoT2.png
Tiles/FurnitureMonolith/MonolithBench_Highlight.png
Gores/DoT3.png
Tiles/FurnitureMonolith/MonolithBookcase.png
Projectiles/Melee/LightBeam.png
Projectiles/Melee/LuxorsGiftMelee.png
Tiles/FurnitureMonolith/MonolithBookcaseGlow.png
Tiles/FurnitureMonolith/MonolithCandelabra.png
Items/Armor/Vanity/DevourerofGodsMask_Head.png
Gores/DoT4.png
Projectiles/Melee/MajesticGuardGhost.png
Tiles/FurnitureMonolith/MonolithCandelabraFlame.png
Items/Armor/Vanity/DraedonMask.png
Gores/DoT5.png
Gores/EmptyAnimosityShell.png
Gores/EmptyAnimosityShell2.png
Tiles/FurnitureMonolith/MonolithCandelabraGlow.png
Tiles/FurnitureMonolith/MonolithCandle.png
Tiles/FurnitureMonolith/MonolithCandleFlame.png
Tiles/FurnitureMonolith/MonolithCandleGlow.png
Gores/FrostcrushValariGore1.png
Projectiles/Melee/MendedBiomeBlade.png
Projectiles/Melee/MendedBiomeBlade_AridGrandeur.png
Gores/FrostcrushValariGore2.png
Gores/FrostcrushValariGore3.png
Gores/FrostcrushValariGore4.png
Gores/FrostcrushValariGore5.png
Gores/GiantSquid.png
Projectiles/Melee/MendedBiomeBlade_AridGrandeurExtra.png
Tiles/FurnitureMonolith/MonolithChair.png
Gores/GiantSquid2.png
Tiles/FurnitureMonolith/MonolithChairGlow.png
Gores/GiantSquid3.png
Tiles/FurnitureMonolith/MonolithChair_Highlight.png
Projectiles/Melee/MendedBiomeBlade_BitingEmbrace.png
ExtraTextures/WorleyNoise.png
Tiles/FurnitureMonolith/MonolithChandelier.png
Gores/GiantSquid4.png
Gores/Gnasher.png
Tiles/FurnitureMonolith/MonolithChandelierFlame.png
Gores/Gnasher2.png
Gores/GulperEel.png
Tiles/FurnitureMonolith/MonolithChandelierGlow.png
Gores/GulperEel2.png
Gores/GulperEel3.png
Items/Armor/Vanity/DraedonMask_Head.png
Gores/GulperEel4.png
Tiles/FurnitureMonolith/MonolithChest.png
Items/Armor/Vanity/GodSlayerHornedHelm.png
Gores/Hive.png
Gores/Hive2.png
Projectiles/Melee/MendedBiomeBlade_BitingEmbraceThrust.png
Gores/Hive3.png
Projectiles/Melee/MendedBiomeBlade_DecaysRetort.png
Projectiles/Melee/MendedBiomeBlade_DecaysRetortDash.png
Projectiles/Melee/MendedBiomeBlade_GrovetendersTouchBlade.png
Gores/Hive4.png
Gores/KylieGore1.png
Gores/KylieGore2.png
Tiles/FurnitureMonolith/MonolithChestGlow.png
Gores/LargePerf.png
Gores/LargePerf2.png
Tiles/FurnitureMonolith/MonolithChest_Highlight.png
Items/Armor/Vanity/GodSlayerHornedHelm_Head.png
Projectiles/Melee/MendedBiomeBlade_GrovetendersTouchGlow.png
Gores/LargePerf3.png
Tiles/FurnitureMonolith/MonolithClock.png
Gores/LargePerf4.png
Projectiles/Melee/MendedBiomeBlade_HeavensMight.png
Tiles/FurnitureMonolith/MonolithClockGlow.png
Gores/LargePerf5.png
Projectiles/Melee/MendedBiomeBlade_HeavensMightChain.png
Gores/Laserfish.png
Gores/Laserfish2.png
Tiles/FurnitureMonolith/MonolithClock_Highlight.png
Gores/Laserfish3.png
Gores/MaelstromReaperShark1.png
Tiles/FurnitureMonolith/MonolithDoorClosed.png
Gores/MaelstromReaperShark2.png
Tiles/FurnitureMonolith/MonolithDoorClosedGlow.png
Gores/MaelstromReaperShark3.png
Gores/Mauler.png
Tiles/FurnitureMonolith/MonolithDoorClosed_Highlight.png
Items/Armor/Vanity/GodSlayerHornedHelm_HeadGlow.png
Items/Armor/Vanity/GodSlayerVisage.png
Gores/Mauler2.png
Tiles/FurnitureMonolith/MonolithDoorOpen.png
Gores/Mauler3.png
Tiles/FurnitureMonolith/MonolithDoorOpenGlow.png
Gores/Mauler4.png
Tiles/FurnitureMonolith/MonolithDoorOpen_Highlight.png
Gores/Mauler5.png
Gores/MediumPerf.png
Items/Armor/Vanity/GodSlayerVisage_Head.png
Gores/MediumPerf2.png
Gores/MediumPerf3.png
Projectiles/Summon/FieryDraconid.png
ExtraTextures/GreyscaleGradients/Neurons2.png
Gores/MediumPerf4.png
ExtraTextures/GreyscaleGradients/OnyxplatePulse.png
Projectiles/Summon/FleshBallMinion.png
Gores/PlaguebringerGoliathGore1.png
Projectiles/Summon/FlowersOfMortalityCore.png
Gores/PlaguebringerGoliathGore2.png
Tiles/FurnitureMonolith/MonolithDresser.png
Tiles/FurnitureMonolith/MonolithDresserGlow.png
Projectiles/Summon/FlowersOfMortalityPetal.png
Tiles/FurnitureMonolith/MonolithDresser_Highlight.png
Gores/PlaguebringerGoliathGore3.png
Tiles/FurnitureMonolith/MonolithLamp.png
Tiles/FurnitureMonolith/MonolithLampFlame.png
Projectiles/Summon/FlyingOrthocera.png
Tiles/FurnitureMonolith/MonolithLampGlow.png
Projectiles/Summon/ForbiddenCircletEater.png
Gores/PlaguebringerGoliathGore4.png
Projectiles/Summon/FrogGore1.png
Tiles/FurnitureMonolith/MonolithLantern.png
Tiles/FurnitureMonolith/MonolithLanternFlame.png
NPCs/PrimordialWyrm/PrimordialWyrm_BossChecklist.png
Tiles/FurnitureMonolith/AstralMonolith.png
NPCs/AcidRain/NuclearTerror.png
Tiles/FurnitureMonolith/MonolithLanternGlow.png
NPCs/AcidRain/NuclearTerror_Head_Boss.png
Tiles/FurnitureMonolith/MonolithPiano.png
Items/Armor/Vanity/GodSlayerVisage_HeadGlow.png
Tiles/FurnitureMonolith/MonolithPianoGlow.png
Items/Armor/Vanity/HiveMindMask.png
Projectiles/Summon/FrogGore2.png
Projectiles/Summon/FrogGore3.png
Projectiles/Summon/FrogGore4.png
NPCs/AcidRain/NuclearToad.png
Projectiles/Summon/FrogGore5.png
Projectiles/Summon/FrostBeam.png
Projectiles/Summon/FrostBlossom.png
Gores/PlaguebringerGoliathGore5.png
NPCs/ExoMechs/Ares/AresBody.png
NPCs/AcidRain/NuclearToadGlow.png
NPCs/AcidRain/Orthocera.png
Items/Armor/Vanity/HiveMindMask_Head.png
NPCs/AcidRain/Radiator.png
Projectiles/Summon/FrostMistFriendly.png
Items/Armor/Vanity/HoodOfCalamity.png
Projectiles/Summon/GammaCanister.png
Gores/PlaguebringerGoliathGore6.png
NPCs/AcidRain/Skyfin.png
Gores/Polt.png
Projectiles/Summon/GammaHead.png
Projectiles/Summon/GammaHeadChain.png
Gores/Polt2.png
Gores/Polt3.png
Gores/Polt4.png
Gores/Polt5.png
NPCs/AcidRain/SulphurousSkater.png
Projectiles/Summon/GastricBelcher.png
Projectiles/Summon/GastricBelcherBubble.png
Projectiles/Summon/GastricBelcherVomit.png
Projectiles/Summon/GastricBelcherVomit2.png
Projectiles/Summon/GastricBelcherVomit3.png
Projectiles/Melee/MendedBiomeBlade_HeavensMonolith.png
Tiles/FurnitureMonolith/MonolithPlatform.png
Items/Armor/Vanity/HoodOfCalamity_Head.png
Tiles/FurnitureMonolith/MonolithSink.png
Tiles/FurnitureMonolith/MonolithSinkGlow.png
Tiles/FurnitureMonolith/MonolithTable.png
Tiles/FurnitureMonolith/MonolithTableGlow.png
NPCs/AcidRain/SulphurousSkaterGlow.png
Tiles/FurnitureMonolith/MonolithTypeA.png
Tiles/FurnitureMonolith/MonolithTypeAGlow.png
Tiles/FurnitureMonolith/MonolithWorkBench.png
Tiles/FurnitureMonolith/MonolithWorkBenchGlow.png
Tiles/FurnitureNavystone/NavystoneBathtub.png
Tiles/FurnitureNavystone/NavystoneBed.png
NPCs/AcidRain/Trilobite.png
NPCs/AquaticScourge/AquaticScourgeBody.png
NPCs/AquaticScourge/AquaticScourgeBodyAlt.png
NPCs/AquaticScourge/AquaticScourgeHead.png
NPCs/AquaticScourge/AquaticScourgeHead_Head_Boss.png
NPCs/AquaticScourge/AquaticScourgeTail.png
Gores/PrimordialWyrm.png
Projectiles/Melee/MendedBiomeBlade_HeavensMonolith_Glow.png
Projectiles/Melee/MendedBiomeBlade_PurityProjectionSigil.png
Projectiles/Melee/MendedBiomeBlade_TruePureClarityGhost.png
Items/Armor/Vanity/LeviathanMask.png
Gores/PrimordialWyrm2.png
NPCs/AquaticScourge/AquaticScourge_BossChecklist.png
Items/Armor/Vanity/LeviathanMask_Head.png
Items/Armor/Vanity/LucisBoots.png
Tiles/FurnitureNavystone/NavystoneBed_Highlight.png
Projectiles/Melee/MirrorBladeProjectile.png
Tiles/FurnitureNavystone/NavystoneBookcase.png
NPCs/Astral/Aries.png
Tiles/FurnitureNavystone/NavystoneCandelabra.png
Projectiles/Melee/MirrorBlast.png
Tiles/FurnitureNavystone/NavystoneCandle.png
Projectiles/Melee/MirrorShard.png
Tiles/FurnitureNavystone/NavystoneChair.png
Tiles/FurnitureNavystone/NavystoneChair_Highlight.png
Tiles/FurnitureNavystone/NavystoneChandelier.png
Projectiles/Melee/MonstrousKnife.png
NPCs/Astral/AriesGlow.png
Projectiles/Melee/MourningSkull.png
Tiles/FurnitureNavystone/NavystoneChest.png
Gores/PrimordialWyrm3.png
Projectiles/Melee/MourningstarFlail.png
Tiles/FurnitureNavystone/NavystoneChest_Highlight.png
Items/Armor/Vanity/LucisBoots_Legs.png
Items/Armor/Vanity/LucisHairstyle.png
NPCs/Astral/Astraglomerate.png
NPCs/Astral/AstraglomerateGlow.png
Tiles/FurnitureNavystone/NavystoneClock.png
Tiles/FurnitureNavystone/NavystoneClock_Highlight.png
Tiles/FurnitureNavystone/NavystoneDoorClosed.png
Tiles/FurnitureNavystone/NavystoneDoorClosed_Highlight.png
Tiles/FurnitureNavystone/NavystoneDoorOpen.png
Tiles/FurnitureNavystone/NavystoneDoorOpen_Highlight.png
Tiles/FurnitureNavystone/NavystoneDresser.png
Tiles/FurnitureNavystone/NavystoneDresser_Highlight.png
Tiles/FurnitureNavystone/NavystoneLamp.png
Tiles/FurnitureNavystone/NavystoneLantern.png
NPCs/ProfanedGuardians/ProfanedGuardianCommander.png
Tiles/FurnitureNavystone/NavystoneLyre.png
Tiles/FurnitureNavystone/NavystonePlatform.png
Tiles/FurnitureNavystone/NavystoneSink.png
Tiles/FurnitureNavystone/NavystoneTable.png
Tiles/FurnitureNavystone/NavystoneToilet.png
Tiles/FurnitureNavystone/NavystoneToilet_Highlight.png
Tiles/FurnitureNavystone/NavystoneTriclinium.png
Tiles/FurnitureNavystone/NavystoneTriclinium_Highlight.png
Tiles/FurnitureMonolith/AstralMonolithGlow.png
Tiles/FurnitureNavystone/NavystoneWorkBench.png
Tiles/FurnitureMonolith/MonolithAmalgam.png
Tiles/FurnitureMonolith/MonolithAmalgamGlow.png
Tiles/FurnitureMonolith/MonolithBathtub.png
Tiles/FurnitureMonolith/MonolithBathtubGlow.png
Tiles/FurnitureOtherworldly/OtherworldlyClock.png
Tiles/FurnitureOtherworldly/OtherworldlyClock_Highlight.png
Tiles/FurnitureOtherworldly/OtherworldlyDoorClosed.png
Tiles/FurnitureOtherworldly/OtherworldlyDoorClosed_Highlight.png
Tiles/FurnitureOtherworldly/OtherworldlyDoorOpen.png
Tiles/FurnitureOtherworldly/OtherworldlyDoorOpen_Highlight.png
Tiles/FurnitureOtherworldly/OtherworldlyDresser.png
ExtraTextures/GreyscaleGradients/OrnatePattern.png
NPCs/Astral/AstralachneaGround.png
Tiles/FurnitureOtherworldly/OtherworldlyDresser_Highlight.png
Tiles/FurnitureOtherworldly/OtherworldlyLamp.png
Tiles/FurnitureOtherworldly/OtherworldlyLantern.png
Tiles/FurnitureOtherworldly/OtherworldlyPiano.png
Items/Armor/Vanity/LucisHairstyle_Head.png
Items/Armor/Vanity/LucisMilitaryUniform.png
Tiles/FurnitureOtherworldly/OtherworldlyPlatform.png
Tiles/FurnitureOtherworldly/OtherworldlySink.png
Tiles/FurnitureOtherworldly/OtherworldlySofa.png
Tiles/FurnitureOtherworldly/OtherworldlySofa_Highlight.png
NPCs/Astral/AstralachneaGroundGlow.png
Gores/PrimordialWyrm4.png
Tiles/FurnitureOtherworldly/OtherworldlyStone.png
NPCs/Astral/AstralachneaWall.png
Items/Armor/Vanity/LucisMilitaryUniform_Body.png
Gores/PrimordialWyrm5.png
Items/Armor/Vanity/OldDukeMask.png
Gores/PrismShurikenBlade.png
Tiles/FurnitureOtherworldly/OtherworldlyStone_Cloth.png
NPCs/Astral/AstralachneaWallGlow.png
Tiles/FurnitureOtherworldly/OtherworldlyTable.png
Tiles/FurnitureOtherworldly/OtherworldlyWorkBench.png
NPCs/Astral/AstralProbe.png
NPCs/Astral/AstralProbeGlow.png
NPCs/Astral/AstralSeekerSpit.png
NPCs/Astral/AstralSlime.png
Gores/Providence.png
Items/Armor/Vanity/OldDukeMask_Head.png
Items/Armor/Vanity/OldHunterHat.png
Items/Armor/Vanity/OldHunterHat_Head.png
Items/Armor/Vanity/OldHunterPants.png
Tiles/SunkenSea/EutrophicGlass_Glint.png
Gores/Providence2.png
Items/Armor/Vanity/OldHunterPants_Legs.png
Items/Armor/Vanity/OldHunterShirt.png
Gores/Providence3.png
Tiles/FurniturePlaguedPlate/PlaguedPlate.png
Gores/Providence4.png
Items/Armor/Vanity/OldHunterShirt_Back.png
Gores/ScornEater.png
Gores/ScornEater2.png
Gores/ScornEater3.png
Gores/ScornEater4.png
Gores/ScornEater5.png
Gores/ScornEater6.png
Tiles/FurniturePlaguedPlate/PlaguedPlateBasin.png
Gores/ScourgeBody.png
Gores/ScourgeBody2.png
Gores/ScourgeBody3.png
Tiles/FurnitureNavystone/PolishedNavystoneBrick.png
Gores/ScourgeBody4.png
Gores/ScourgeBody5.png
Gores/ScourgeHead.png
Gores/ScourgeHead2.png
Tiles/FurniturePlaguedPlate/PlaguedPlateBasin_Highlight.png
Gores/ScourgeHead3.png
Tiles/FurniturePlaguedPlate/PlaguedPlateBathtub.png
Gores/ScourgeNuisance2Body.png
Tiles/FurniturePlaguedPlate/PlaguedPlateBed.png
Particles/BloomRingThinLarge.png
Gores/ScourgeNuisance2Body2.png
Gores/ScourgeNuisance2Body3.png
Tiles/FurnitureNavystone/SmoothNavystone.png
Gores/ScourgeNuisance2Body4.png
Gores/ScourgeNuisance2Head.png
Particles/Bolt.png
Gores/ScourgeNuisance2Tail.png
NPCs/ExoMechs/Ares/AresGaussNukeGlow.png
Gores/ScourgeNuisanceBody.png
Gores/ScourgeNuisanceBody2.png
Tiles/FurniturePlaguedPlate/PlaguedPlateBed_Highlight.png
Fonts/CodebreakerDialog.xnb
Tiles/FurniturePlaguedPlate/PlaguedPlateBookcase.png
Items/Armor/Vanity/OldHunterShirt_Body.png
Tiles/FurniturePlaguedPlate/PlaguedPlateCandelabra.png
Tiles/FurniturePlaguedPlate/PlaguedPlateCandle.png
Gores/ScourgeNuisanceBody3.png
Tiles/FurniturePlaguedPlate/PlaguedPlateChair.png
Tiles/FurniturePlaguedPlate/PlaguedPlateChair_Highlight.png
Tiles/FurniturePlaguedPlate/PlaguedPlateChandelier.png
Graphics/Metaballs/ScalArenaLayerWave.png
Gores/ScourgeNuisanceBody4.png
Gores/ScourgeNuisanceHead.png
Gores/ScourgeNuisanceTail.png
Gores/ScourgePestBody.png
Gores/ScourgePestBody2.png
Items/Armor/Vanity/OldHunterShirt_Bulk.png
Particles/Bolt2.png
Particles/Bubble.png
NPCs/ProfanedGuardians/ProfanedGuardianCommanderGlow.png
Projectiles/Summon/GiantIbanRobotOfDoom.png
Projectiles/Summon/GlacialEmbracePointyThing.png
Projectiles/Summon/HallowedStarSummon.png
NPCs/Astral/Atlas.png
Gores/ScourgePestBody3.png
Graphics/Metaballs/SeekersLayer.png
Gores/ScourgePestBody4.png
Gores/ScourgePestHead.png
Tiles/FurniturePlaguedPlate/PlaguedPlateChest.png
Graphics/Metaballs/SignusLayer.png
Tiles/FurniturePlaguedPlate/PlaguedPlateChest_Highlight.png
Gores/ScourgePestTail.png
Tiles/FurniturePlaguedPlate/PlaguedPlateClock.png
Tiles/FurniturePlaguedPlate/PlaguedPlateClock_Highlight.png
Gores/ScourgeTail.png
Tiles/FurniturePlaguedPlate/PlaguedPlateDoorClosed.png
Gores/Signus.png
Gores/Signus2.png
Tiles/FurniturePlaguedPlate/PlaguedPlateDoorClosed_Highlight.png
Tiles/FurniturePlaguedPlate/PlaguedPlateDoorOpen.png
Tiles/FurniturePlaguedPlate/PlaguedPlateDoorOpen_Highlight.png
Tiles/FurniturePlaguedPlate/PlaguedPlateDresser.png
Gores/Signus3.png
Tiles/FurniturePlaguedPlate/PlaguedPlateDresser_Highlight.png
Items/Armor/Vanity/PerforatorMask.png
Gores/Signus4.png
Gores/Signus5.png
Gores/SmallPerf.png
Gores/SmallPerf2.png
Gores/SmallPerf3.png
Graphics/Metaballs/StarsmokeBlueLayer.png
Items/Armor/Vanity/PerforatorMask_Head.png
Items/Armor/Vanity/PlaguebringerGoliathMask.png
Gores/StasisProbe1.png
Gores/StasisProbeNaked1.png
Gores/SWArmorBody1.png
Gores/SWArmorBody2.png
Gores/SWArmorBody3.png
Gores/SWArmorHead1.png
Gores/SWArmorTail1.png
Gores/SWArmorTail2.png
ExtraTextures/GreyscaleGradients/Pebbles.png
Gores/SWNudeBody1.png
Gores/SWNudeBody2.png
Gores/SWNudeBody3.png
Gores/SWNudeHead1.png
Gores/SWNudeHead2.png
Gores/SWNudeTail1.png
Gores/SWNudeTail2.png
Gores/TarraHeart.png
Gores/Trasher.png
Gores/Trasher2.png
Gores/ViperFish.png
Gores/ViperFish2.png
Gores/Viruling.png
Gores/Viruling2.png
Gores/Viruling3.png
Gores/Wyrm.png
Gores/Wyrm2.png
Gores/Wyrm3.png
Gores/Wyrm4.png
Tiles/FurniturePlaguedPlate/PlaguedPlateGlow.png
Items/BleachedPowder.png
Items/BloodBroccoli.png
Tiles/FurniturePlaguedPlate/PlaguedPlateLamp.png
Items/SulphuricPowder.png
Tiles/FurniturePlaguedPlate/PlaguedPlateLantern.png
Tiles/FurniturePlaguedPlate/PlaguedPlatePiano.png
Tiles/FurniturePlaguedPlate/PlaguedPlatePlatform.png
Tiles/FurniturePlaguedPlate/PlaguedPlateSink.png
Tiles/FurniturePlaguedPlate/PlaguedPlateSofa.png
Tiles/FurniturePlaguedPlate/PlaguedPlateSofa_Highlight.png
Tiles/FurniturePlaguedPlate/PlaguedPlateTable.png
Tiles/FurniturePlaguedPlate/PlaguedPlateWorkBenchTile.png
Tiles/FurnitureProfaned/ProfanedBath.png
Tiles/FurnitureProfaned/ProfanedBed.png
Tiles/FurnitureProfaned/ProfanedBed_Highlight.png
Tiles/FurnitureProfaned/ProfanedBench.png
Tiles/FurnitureProfaned/ProfanedBench_Highlight.png
Tiles/FurnitureProfaned/ProfanedBookcase.png
Items/Armor/Vanity/PlaguebringerGoliathMask_Head.png
Tiles/FurnitureProfaned/ProfanedCandelabra.png
Tiles/FurnitureProfaned/ProfanedCandelabraFlame.png
Tiles/FurnitureProfaned/ProfanedCandle.png
Tiles/FurnitureProfaned/ProfanedCandleFlame.png
Tiles/FurnitureProfaned/ProfanedChair.png
Tiles/FurnitureProfaned/ProfanedChair_Highlight.png
Tiles/FurnitureProfaned/ProfanedChandelier.png
Tiles/FurnitureProfaned/ProfanedChest.png
Projectiles/Summon/HarvestStaffMinion.png
Tiles/FurnitureProfaned/ProfanedChest_Highlight.png
Tiles/FurnitureProfaned/ProfanedClock.png
Projectiles/Summon/HarvestStaffSentry.png
Tiles/FurnitureProfaned/ProfanedClock_Highlight.png
NPCs/Astral/AtlasGlow.png
Items/Armor/Vanity/PolterghastMask.png
Graphics/Metaballs/StarsmokeLayer.png
NPCs/ProfanedGuardians/ProfanedGuardianCommanderGlowNight.png
NPCs/ProfanedGuardians/ProfanedGuardianCommander_Head_Boss.png
NPCs/Astral/FusionFeeder.png
Projectiles/Summon/HauntedDishes.png
Items/Armor/Vanity/PolterghastMask_Head.png
Items/Armor/Vanity/ProfanedGuardianMask.png
NPCs/Astral/FusionFeederGlow.png
Projectiles/Melee/MurasamaSlash.png
NPCs/Astral/Glomerling.png
NPCs/Astral/GlomerlingGlow.png
Projectiles/Summon/HermitCrabMinion.png
Projectiles/Melee/NebulashFlail.png
Projectiles/Summon/HerringMinion.png
Projectiles/Summon/HowlsHeartCalcifer.png
Projectiles/Summon/HowlsHeartFireball.png
Items/Armor/Vanity/ProfanedGuardianMask_Head.png
Items/Armor/Vanity/ProvidenceMask.png
NPCs/ExoMechs/Ares/AresLaserCannon.png
Projectiles/Summon/HowlsHeartHowl.png
NPCs/Astral/Hadarian.png
Items/Armor/Vanity/ProvidenceMask_Head.png
Items/Armor/Vanity/RavagerMask.png
NPCs/Astral/HadarianGlow.png
Graphics/Metaballs/StarsmokeMetaball1.png
Projectiles/Summon/HowlsHeartTurnipHead.png
Projectiles/Summon/HydrothermicVent.png
Items/Armor/Vanity/RavagerMask_Head.png
Items/Armor/Vanity/RobesOfCalamity.png
Tiles/Furniture/Paintings/CalamityCanvas2023Tile.png
Tiles/FurnitureProfaned/ProfanedCrystal.png
Tiles/FurnitureProfaned/ProfanedDoorClosed.png
Tiles/FurnitureProfaned/ProfanedDoorClosed_Highlight.png
Tiles/FurnitureProfaned/ProfanedDoorOpen.png
Tiles/FurnitureProfaned/ProfanedDoorOpen_Highlight.png
Tiles/FurnitureProfaned/ProfanedDresser.png
Tiles/FurnitureProfaned/ProfanedDresser_Highlight.png
Tiles/FurnitureProfaned/ProfanedLamp.png
Graphics/Metaballs/StarsmokeMetaball2.png
Tiles/FurnitureProfaned/ProfanedLampFlame.png
Tiles/FurnitureProfaned/ProfanedLantern.png
Tiles/FurnitureProfaned/ProfanedLanternFlame.png
Tiles/FurnitureProfaned/ProfanedPiano.png
Items/Armor/Vanity/RobesOfCalamity_Body.png
Tiles/FurnitureProfaned/ProfanedPlatform.png
Projectiles/Summon/IceClasperMinion.png
Graphics/Metaballs/StreamGougeLayer.png
Items/Accessories/Abaddon.png
NPCs/Astral/Mantis.png
Items/Armor/Vanity/RobesOfCalamity_Legs.png
Items/Armor/Vanity/SCalBoots.png
Items/Accessories/Abaddon_Face.png
Items/Accessories/AbyssalDivingGear.png
Items/Accessories/AbyssalDivingGear_Face.png
Items/Accessories/AbyssalDivingSuit.png
NPCs/ProfanedGuardians/ProfanedGuardianDefender.png
Projectiles/Melee/OmnibladeSwing.png
NPCs/Astral/MantisGlow.png
Projectiles/Melee/OrderbringerBeam.png
Projectiles/Summon/IceSentry.png
Projectiles/Summon/IgneousBlade.png
Projectiles/Summon/LanternFlame.png
Items/Armor/Vanity/SCalBoots_Legs.png
Items/Armor/Vanity/SCalMask.png
Projectiles/Summon/LanternSoul.png
Projectiles/Melee/PhosphorescentGauntletPunches.png
NPCs/Astral/Nova.png
Items/Armor/Vanity/SCalMask_Head.png
Items/Armor/Vanity/SCalRobes.png
Items/Accessories/AbyssalDivingSuit_Body.png
Projectiles/Melee/PhotonRipperGlowmask.png
Projectiles/Melee/PhotonRipperProjectile.png
Projectiles/Melee/PrismaticRayStart.png
Projectiles/Melee/PrismaticWave.png
Projectiles/Melee/PrismTooth.png
Projectiles/Melee/PwnagehammerEcho.png
Projectiles/Melee/RedtideSpearShot.png
NPCs/Astral/NovaGlow.png
Tiles/FurnitureProfaned/ProfanedRock.png
Projectiles/Melee/RedtideWhirlpool.png
Items/Accessories/AbyssalDivingSuit_Head.png
Projectiles/Melee/RendingNeedle.png
NPCs/Astral/SightseerCollider.png
Projectiles/Melee/RendingScissorsLeft.png
Items/Armor/Vanity/SCalRobes_Body.png
Items/Armor/Vanity/SignusMask.png
Projectiles/Melee/RendingScissorsLeftGlow.png
Items/Accessories/AbyssalDivingSuit_Legs.png
Items/Accessories/AbyssalMirror.png
Projectiles/Melee/RendingScissorsRight.png
Items/Accessories/AeroStone.png
Items/Accessories/Affliction.png
Items/Armor/Vanity/SignusMask_Head.png
Items/Accessories/AfflictionGlow.png
Items/Armor/Vanity/SilvaHelm.png
Items/Accessories/AlchemicalDecanter.png
Items/Accessories/AlluringBait.png
Projectiles/Melee/RendingScissorsRightGlow.png
Items/Accessories/AmalgamatedBrain.png
NPCs/Astral/SightseerColliderGlow.png
Items/Accessories/AmbrosialAmpoule.png
Items/Accessories/AmidiasPendant.png
Items/Accessories/AncientFossil.png
Items/Accessories/AnechoicPlating.png
NPCs/ExoMechs/Apollo/ApolloGlow.png
Items/Accessories/AngelicAlliance.png
NPCs/ExoMechs/Apollo/ApolloHead.png
Items/Accessories/AngelTreads.png
Items/Armor/Vanity/SilvaHelm_Head.png
Projectiles/Melee/RespiteblockHoldout.png
NPCs/ExoMechs/Apollo/ApolloPhase2Head.png
Projectiles/Melee/Rox1.png
Items/Armor/Vanity/SilvaHornedHelm.png
Projectiles/Melee/Rox2.png
Projectiles/Melee/Rox3.png
NPCs/Astral/SightseerSpitter.png
Projectiles/Summon/LiliesOfFinalityAriane.png
Projectiles/Melee/RSSolarFlare.png
Projectiles/Melee/SaharaSlicersBlade.png
Projectiles/Melee/SaharaSlicersBladeAlt.png
Projectiles/Melee/SaharaSlicersBolt.png
NPCs/ExoMechs/Ares/AresLaserCannonGlow.png
Projectiles/Melee/SandBlade.png
Items/Accessories/AngelTreads_Shoes.png
Projectiles/Melee/ScourgeoftheCosmosMini.png
Projectiles/Melee/ScourgeoftheCosmosMiniGlow.png
Items/Accessories/AquaticEmblem.png
Projectiles/Melee/ScourgeoftheCosmosProj.png
Items/Accessories/AquaticHeart.png
Projectiles/Melee/SeashineSwordProj.png
NPCs/Astral/SightseerSpitterGlow.png
Items/Armor/Vanity/SilvaHornedHelm_Head.png
Projectiles/Melee/SkytideDragoonGhost.png
Items/Armor/Vanity/SilvaMask.png
Projectiles/Melee/SkytideDragoonGlow.png
Projectiles/Melee/SkytideDragoonHoldout.png
NPCs/ProfanedGuardians/ProfanedGuardianDefenderGlow.png
Projectiles/Melee/SolarNeedle.png
Items/Armor/Vanity/SilvaMask_Head.png
Projectiles/Melee/SolsticeBeam.png
Items/Armor/Vanity/SlimeGodMask.png
NPCs/Astral/StellarCulex.png
Projectiles/Summon/LiliesOfFinalityAriane_Glow.png
Items/Armor/Vanity/SlimeGodMask2.png
Items/Accessories/AquaticTrans_Body.png
Projectiles/Melee/SoulScythe.png
Projectiles/Melee/SpatialSpear.png
Tiles/FurnitureProfaned/ProfanedRockGlow.png
Projectiles/Melee/SpatialSpear2.png
Tiles/FurnitureProfaned/ProfanedSink.png
Projectiles/Melee/SpatialSpear3.png
Projectiles/Melee/SpatialSpear4.png
NPCs/Astral/StellarCulexGlow.png
Projectiles/Melee/SpineOfThanatosBody1.png
NPCs/Astral/Twinkler.png
Projectiles/Melee/SpineOfThanatosBody1Glowmask.png
Items/Accessories/AquaticTrans_Head.png
Items/Armor/Vanity/SlimeGodMask2_Head.png
Projectiles/Melee/SpineOfThanatosBody2.png
Projectiles/Melee/SpineOfThanatosBody2Glowmask.png
Projectiles/Melee/SpineOfThanatosProjectile.png
Fonts/Flexure.xnb
Items/Accessories/AquaticTrans_Legs.png
Items/Accessories/ArcFlashRing.png
Items/Accessories/ArchaicPowder.png
Items/Accessories/AscendantInsignia.png
Items/Accessories/AsgardianAegis.png
NPCs/ExoMechs/Ares/AresArmSegment.png
Projectiles/Summon/LiliesOfFinalityElster.png
Items/Accessories/AsgardianAegis_Shield.png
Items/Accessories/AsgardsValor.png
Projectiles/Summon/LostSoulGiant.png
Items/Armor/Vanity/SlimeGodMask_Head.png
Projectiles/Summon/LostSoulGold.png
ExtraTextures/GreyscaleGradients/Perlin.png
Items/Armor/Vanity/StormWeaverMask.png
ExtraTextures/GreyscaleGradients/PlagueContainmentCellsPulse.png
Items/Accessories/AsgardsValor_Shield.png
Items/Accessories/AuricSoulArtifact.png
Items/Accessories/BadgeofBravery.png
Projectiles/Summon/LostSoulLarge.png
Items/Accessories/Baroclaw.png
Items/Accessories/BatholithBangle.png
Items/Armor/Vanity/StormWeaverMask_Head.png
Projectiles/Summon/LostSoulSmall.png
Items/Accessories/BlackGlassBand.png
Items/Armor/Vanity/ThanatosMask.png
Projectiles/Summon/LuxorsGiftSummon.png
Projectiles/Summon/MidnightSunBeam.png
Projectiles/Summon/MidnightSunShot.png
Projectiles/Summon/MidnightSunUFO.png
Items/Accessories/BlazingCore.png
Items/Accessories/BloodflareCore.png
NPCs/ExoMechs/Ares/AresArmSegmentGlow.png
Items/Accessories/BloodPact.png
Items/Accessories/BloodstainedGlove.png
Projectiles/Summon/MiniGuardianAttack.png
Items/Armor/Vanity/ThanatosMask_Head.png
Tiles/SunkenSea/EutrophicGlass_Tile.png
Items/Armor/Vanity/TheCommandersCap.png
NPCs/ExoMechs/Ares/AresArmTopPart1.png
Items/Armor/Vanity/TheCommandersCap_Head.png
Items/Armor/Vanity/TheFormalFootwear.png
Projectiles/Summon/MiniGuardianDefense.png
Projectiles/Melee/SpineOfThanatosProjectileGlowmask.png
Items/Accessories/BloodstainedGlove_HandsOff.png
Projectiles/Melee/SpineOfThanatosTail.png
Projectiles/Melee/SpineOfThanatosTailGlowmask.png
Tiles/SunkenSea/EutrophicSand.png
Projectiles/Melee/StarnightBeam.png
Items/Armor/Vanity/TheFormalFootwear_Legs.png
Projectiles/Summon/MiniGuardianHealer.png
Items/Armor/Vanity/TheGrandGarment.png
Projectiles/Summon/MiniSandShark.png
Projectiles/Melee/StarofJudgement.png
Projectiles/Summon/MK2RocketHoming.png
Projectiles/Summon/MK2RocketNormal.png
Projectiles/Melee/StellarContemptEcho.png
Items/Accessories/BloodstainedGlove_HandsOn.png
Projectiles/Melee/StellarStrikerGhost.png
NPCs/ProfanedGuardians/ProfanedGuardianDefenderGlowNight.png
NPCs/ProfanedGuardians/ProfanedGuardianDefender_Head_Boss.png
Tiles/SunkenSea/HardenedEutrophicSand.png
Items/Accessories/BloodyWormScarf.png
Items/Armor/Vanity/TheGrandGarment_Body.png
Items/Accessories/BloodyWormScarf_Neck.png
Items/Accessories/BloodyWormTooth.png
Items/Accessories/BloomStone.png
Items/Accessories/BlunderBooster.png
NPCs/ExoMechs/Thanatos/ThanatosHead.png
Tiles/SunkenSea/LimeCoral.png
NPCs/ExoMechs/Ares/AresBodyGlow.png
Tiles/FurnitureProfaned/ProfanedSlab.png
NPCs/ExoMechs/Ares/AresBody_Head_Boss.png
Tiles/FurnitureProfaned/ProfanedTable.png
Tiles/FurnitureProfaned/ProfanedWorkBenchTile.png
NPCs/ExoMechs/Ares/AresBottomArmConnector.png
Items/Armor/Vanity/TheGrandGarment_Waist.png
Projectiles/Summon/MoonFist.png
Items/Armor/Vanity/YharonMask.png
Projectiles/Melee/StellarStrikerMeteor.png
Projectiles/Summon/MoonFistTeleportVisual.png
Items/Accessories/Calamity.png
Projectiles/Melee/StormBeam.png
Tiles/SunkenSea/Limestone.png
Projectiles/Melee/StormRulerProj.png
Items/Accessories/Calamity_GFB.png
Projectiles/Melee/StreamGougePortal.png
Projectiles/Melee/StygianShieldBloom.png
Projectiles/Melee/StygianShieldThrown.png
Projectiles/Melee/SulphurousGrabberBubble.png
Projectiles/Melee/SulphurousGrabberBubble2.png
Projectiles/Melee/SunderingScissorsGlow.png
Items/Armor/Vanity/YharonMask_Head.png
NPCs/ExoMechs/Thanatos/ThanatosHeadGlow.png
Items/Armor/Victide/VictideBreastplate.png
NPCs/ExoMechs/Thanatos/ThanatosNormalBody.png
Tiles/FurnitureProfaned/RunicProfanedBrick.png
Items/Accessories/ChaliceOfTheBloodGod.png
NPCs/ExoMechs/Thanatos/ThanatosNormalBody2.png
NPCs/ExoMechs/Thanatos/ThanatosNormalHead.png
Projectiles/Melee/SunderingScissorsLeft.png
NPCs/ExoMechs/Thanatos/ThanatosNormalTail.png
Projectiles/Summon/MutatedTruffleMinion.png
Projectiles/Summon/MutatedTruffleToothballSpike.png
Projectiles/Melee/SunderingScissorsLeftGlow.png
NPCs/ExoMechs/Thanatos/ThanatosReticleHead.png
Items/Accessories/ChaosStone.png
Items/Accessories/CleansingJelly.png
Items/Accessories/CoinofDeceit.png
Items/Accessories/CorrosiveSpine.png
Items/Accessories/CounterScarf.png
NPCs/ExoMechs/Thanatos/ThanatosReticleLeft.png
Projectiles/Melee/SunderingScissorsRight.png
NPCs/ExoMechs/Thanatos/ThanatosReticleProngLeft.png
Projectiles/Melee/SunderingScissorsRightGlow.png
NPCs/ExoMechs/Thanatos/ThanatosReticleProngRight.png
Projectiles/Melee/SwordsplosionBlue.png
Projectiles/Melee/SwordsplosionGreen.png
Projectiles/Melee/SwordsplosionPurple.png
NPCs/ExoMechs/Thanatos/ThanatosReticleRight.png
Projectiles/Melee/SwordsplosionRed.png
Tiles/FurnitureProfaned/RunicProfanedBrickGlow.png
Items/Armor/Victide/VictideBreastplate_Body.png
Items/Accessories/CounterScarf_Neck.png
Projectiles/Melee/TaintedArm.png
NPCs/ExoMechs/Thanatos/ThanatosReticleTop.png
Projectiles/Melee/TaintedForearm.png
Projectiles/Melee/TaintedHand.png
Projectiles/Melee/TaintedHand2.png
Projectiles/Melee/TenebreusTidesWaterProjectile.png
NPCs/ExoMechs/Ares/AresBottomArmPart1.png
Projectiles/Melee/TenebreusTidesWaterSword.png
Items/Armor/Victide/VictideBreastplate_Bulk.png
Tiles/FurnitureRunestone/RunestoneTerracotta.png
Tiles/FurnitureSacrilegious/EyeOfTheAccursedBannerTile.png
Items/Armor/Victide/VictideFaulds_Waist.png
Tiles/SunkenSea/LimestoneCobble.png
NPCs/ProfanedGuardians/ProfanedGuardianHealer.png
Items/Armor/Victide/VictideGreaves.png
Tiles/FurnitureSacrilegious/LargeRitualCandleTile.png
Items/Accessories/CrawCarapace.png
NPCs/ExoMechs/Thanatos/ThanatosTail.png
Items/Accessories/CrownJewel.png
Items/Accessories/CryoStone.png
Tiles/FurnitureSacrilegious/LargeRitualCandleTileFlame.png
Tiles/FurnitureSacrilegious/MonolithOfTheAccursedTile.png
Tiles/FurnitureSacrilegious/MonolithOfTheAccursedTile_Highlight.png
Tiles/FurnitureSacrilegious/MonolithOfTheAccursedTile_IconRight.png
NPCs/ExoMechs/Thanatos/ThanatosTailGlow.png
Tiles/SunkenSea/MagentaCoral.png
NPCs/ExoMechs/Thanatos/ThanatosVulnerableBody.png
NPCs/ExoMechs/Ares/AresBottomArmPart1Glow.png
Tiles/FurnitureSacrilegious/OccultBrickTile.png
Items/Armor/Victide/VictideGreaves_Legs.png
Projectiles/Summon/MutatedTruffleVortex.png
Items/Armor/Victide/VictideHeadMagic.png
Items/Accessories/DaawnlightSpiritOrigin.png
Tiles/FurnitureSacrilegious/OccultLegionnaireBannerTile.png
Items/Accessories/DarkMatterSheath.png
Projectiles/Summon/OldDukeHeadCorpse.png
Fonts/HPBarFont.xnb
Tiles/FurnitureSacrilegious/OccultPlatformTile.png
NPCs/ExoMechs/Thanatos/ThanatosVulnerableBody2.png
NPCs/ExoMechs/Ares/AresPlasmaFlamethrower.png
Tiles/FurnitureSacrilegious/RitualCandleTile.png
Items/Accessories/DarkSunRing.png
Items/Armor/Victide/VictideHeadMagic_Head.png
Projectiles/Summon/OldDukeSharkVomit.png
NPCs/ExoMechs/Thanatos/ThanatosVulnerableHead.png
Items/Accessories/DeadshotBrooch.png
Tiles/FurnitureSacrilegious/RitualCandleTileFlame.png
NPCs/ExoMechs/Thanatos/ThanatosVulnerableTail.png
Items/Accessories/DeepDiver.png
Items/Accessories/DeificAmulet.png
Tiles/FurnitureSacrilegious/SacrilegiousBathtubTile.png
Items/Accessories/DepthCharm.png
Tiles/FurnitureSacrilegious/SacrilegiousBedTile.png
Tiles/FurnitureSacrilegious/SacrilegiousBedTile_Highlight.png
Tiles/FurnitureSacrilegious/SacrilegiousBenchTile.png
Items/Armor/Victide/VictideHeadMelee.png
Tiles/FurnitureSacrilegious/SacrilegiousBenchTile_Highlight.png
Tiles/FurnitureSacrilegious/SacrilegiousBookcaseTile.png
Tiles/FurnitureSacrilegious/SacrilegiousCandelabraTile.png
Tiles/FurnitureSacrilegious/SacrilegiousCandelabraTileFlame.png
Tiles/FurnitureSacrilegious/SacrilegiousCandleTile.png
Tiles/FurnitureSacrilegious/SacrilegiousCandleTileFlame.png
Tiles/SunkenSea/MediumSeaPrismCrystal.png
Tiles/FurnitureSacrilegious/SacrilegiousChairTile.png
Tiles/FurnitureSacrilegious/SacrilegiousChairTile_Highlight.png
Tiles/FurnitureSacrilegious/SacrilegiousChandelierTile.png
Projectiles/Summon/PerditionBeacon.png
Projectiles/Summon/PerditionCross.png
Projectiles/Summon/PhantomicDagger.png
NPCs/ExoMechs/Ares/AresBottomArmPart2.png
Items/Armor/Victide/VictideHeadMelee_Head.png
Projectiles/Summon/PhantomicShield.png
Tiles/SunkenSea/MediumSeaPrismCrystal_Blue.png
Projectiles/Summon/PinkButterfly.png
Items/Armor/Victide/VictideHeadRanged.png
Items/Accessories/DepthCharm_Waist.png
Items/Accessories/DiamondOfTheDeep.png
Projectiles/Summon/PlaguebringerMK2.png
Items/Armor/Victide/VictideHeadRanged_Head.png
Items/Armor/Victide/VictideHeadRogue.png
Tiles/SunkenSea/MediumSeaPrismCrystal_Glint.png
NPCs/ExoMechs/Ares/AresBottomArmPart2Glow.png
Tiles/FurnitureSacrilegious/SacrilegiousChandelierTileFlame.png
Projectiles/Summon/PlaguebringerSummon.png
Tiles/FurnitureSacrilegious/SacrilegiousChestTile.png
Tiles/FurnitureSacrilegious/SacrilegiousChestTileGlow.png
Items/Accessories/DiamondOfTheDeep_Neck.png
Items/Armor/Victide/VictideHeadRogue_Head.png
Items/Accessories/DimensionalSoulArtifact.png
Items/Armor/Victide/VictideHeadSummon.png
Tiles/FurnitureSacrilegious/SacrilegiousChestTile_Highlight.png
Tiles/FurnitureSacrilegious/SacrilegiousClockTile.png
Tiles/FurnitureSacrilegious/SacrilegiousClockTile_Highlight.png
Tiles/SunkenSea/MediumSeaPrismCrystal_Green.png
Items/Armor/Victide/VictideHeadSummon_Head.png
Tiles/FurnitureSacrilegious/SacrilegiousClockTile_Icon.png
Items/Accessories/DraedonsHeart.png
Items/Armor/Wulfrum/WulfrumFusionCannon.png
Items/Armor/Wulfrum/WulfrumHat.png
Items/Accessories/DragonScales.png
Tiles/FurnitureSacrilegious/SacrilegiousDoorClosed.png
Items/Accessories/DynamoStemCells.png
Items/Accessories/EclipseMirror.png
Items/Accessories/EldritchSoulArtifact.png
Tiles/FurnitureSacrilegious/SacrilegiousDoorClosed_Highlight.png
Items/Accessories/ElectriciansGlove.png
NPCs/ProfanedGuardians/ProfanedGuardianHealerGlow.png
Projectiles/Melee/TerratomereExplosion.png
Items/Armor/Wulfrum/WulfrumHat_FemaleHead.png
ExtraTextures/GreyscaleGradients/RealisticClouds.png
Projectiles/Summon/PlaguePrincess.png
Projectiles/Summon/PlantationStaffSporeCloud.png
Projectiles/Summon/PlantationStaffSporeCloud2.png
Projectiles/Summon/PlantationStaffSporeCloud3.png
Projectiles/Melee/TerratomereMeleeSlash.png
Projectiles/Melee/TerrorBeam.png
Tiles/FurnitureSacrilegious/SacrilegiousDoorOpen.png
Projectiles/Melee/ThornBase.png
Tiles/FurnitureSacrilegious/SacrilegiousDoorOpen_Highlight.png
Projectiles/Summon/PlantationStaffSummon.png
Projectiles/Melee/ThornTip.png
Projectiles/Melee/TinyFlare.png
Tiles/FurnitureSacrilegious/SacrilegiousDresserTile.png
Items/Armor/Wulfrum/WulfrumHat_Head.png
Projectiles/Summon/PlantationStaffTentacle.png
Projectiles/Summon/PlantationStaffTentacleChain.png
Tiles/FurnitureSacrilegious/SacrilegiousDresserTile_Highlight.png
Items/Accessories/ElectriciansGlove_HandsOff.png
Projectiles/Summon/PlantationStaffThornball.png
Tiles/FurnitureSacrilegious/SacrilegiousLampTile.png
Tiles/FurnitureSacrilegious/SacrilegiousLampTileFlame.png
Tiles/SunkenSea/MediumSeaPrismCrystal_Purple.png
Items/Armor/Wulfrum/WulfrumHat_HeadExtension.png
Items/Armor/Wulfrum/WulfrumJacket.png
Projectiles/Melee/TriactisHammerEcho.png
Projectiles/Melee/TrueBiomeBlade_EarthenTides.png
Tiles/SunkenSea/Mire.png
Projectiles/Summon/PlateProjectile.png
Projectiles/Summon/PolypLauncherProjectile.png
Projectiles/Summon/PolypLauncherSentry.png
Projectiles/Summon/PolypLauncherShrapnel.png
Projectiles/Summon/PolypLauncherShrapnel2.png
NPCs/ExoMechs/Ares/AresBottomArmShoulder.png
Projectiles/Melee/TrueBiomeBlade_EarthenTidesBeam.png
Projectiles/Summon/PolypLauncherShrapnel3.png
Projectiles/Summon/PowerfulRaven.png
Items/Accessories/ElectriciansGlove_HandsOn.png
Items/Accessories/ElementalGauntlet.png
Projectiles/Summon/ProfanedCrystalRangedHuges.png
NPCs/ExoMechs/Ares/AresBottomArmShoulderGlow.png
Projectiles/Summon/ProfanedCrystalRangedHugesNight.png
Projectiles/Summon/ProfanedCrystalRangedSmalls.png
Projectiles/Summon/ProfanedCrystalRogueShard.png
Items/Accessories/ElementalGauntlet_HandsOff.png
Tiles/SunkenSea/MossyStone.png
Tiles/SunkenSea/NavyPrismTorch.png
Tiles/SunkenSea/NavyPrismTorchFlame.png
Projectiles/Summon/ProfanedCrystalWhip.png
Projectiles/Summon/PuffCloud.png
Projectiles/Summon/PuffWarrior.png
NPCs/AstrumAureus/AstrumAureus.png
ExtraTextures/GreyscaleGradients/SharpNoise.png
ExtraTextures/GreyscaleGradients/SimpleGradient.png
Items/Accessories/ElementalGauntlet_HandsOn.png
Items/Accessories/ElementalinaBottle.png
Items/Accessories/ElysianAegis.png
Projectiles/Summon/PurpleButterfly.png
Tiles/SunkenSea/Navystone.png
Projectiles/Summon/RustyBeaconPulse.png
Projectiles/Summon/RustyDrone.png
Items/Accessories/ElysianAegis_Shield.png
Projectiles/Summon/SageNeedle.png
Items/Accessories/EnchantedPearl.png
Items/Accessories/EtherealExtorter.png
NPCs/ProfanedGuardians/ProfanedGuardianHealerGlow2.png
Items/Accessories/EtherealTalisman.png
Items/Accessories/EvasionScarf.png
Items/Armor/Wulfrum/WulfrumJacket_Body.png
Tiles/SunkenSea/OrangeCoral.png
Items/Armor/Wulfrum/WulfrumOveralls.png
Tiles/FurnitureSacrilegious/SacrilegiousLanternTile.png
Projectiles/Summon/SageSpirit.png
Tiles/FurnitureSacrilegious/SacrilegiousLanternTileFlame.png
Projectiles/Summon/SakuraBullet.png
Tiles/FurnitureSacrilegious/SacrilegiousOrganTile.png
Tiles/FurnitureSacrilegious/SacrilegiousSinkTile.png
Tiles/FurnitureSacrilegious/SacrilegiousTableTile.png
Tiles/FurnitureSacrilegious/SacrilegiousWorkBenchTile.png
Items/Armor/Wulfrum/WulfrumOveralls_Legs.png
Items/Dyes/HairDye/AdrenalineHairDye.png
Items/Dyes/HairDye/RageHairDye.png
Items/Dyes/HairDye/StealthHairDye.png
Items/Dyes/HairDye/WingTimeHairDye.png
Items/Fishing/AstralCatches/AldebaranAlewife.png
Items/Fishing/AstralCatches/ArcturusAstroidean.png
Items/Fishing/AstralCatches/AstralCrate.png
Items/Fishing/AstralCatches/AstrophageItem.png
Projectiles/Melee/TrueBiomeBlade_EarthenTidesMonolith.png
Projectiles/Summon/SandElementalHealer.png
Items/Fishing/AstralCatches/MonolithCrate.png
Items/Fishing/AstralCatches/ProcyonidPrawn.png
Items/Fishing/AstralCatches/TwinklingPollox.png
Items/Fishing/AstralCatches/UrsaSergeant.png
Tiles/FurnitureShellstone/ShellstoneSlab.png
Tiles/SunkenSea/PinkPearlPile.png
NPCs/ExoMechs/Ares/AresPlasmaFlamethrowerGlow.png
Tiles/FurnitureShellstone/ShellTrimBrick.png
Items/Fishing/BrimstoneCragCatches/Bloodfin.png
Tiles/SunkenSea/PinkPearlPile_Glint.png
Tiles/FurnitureSilva/SilvaBasin.png
Projectiles/Summon/SandElementalMinion.png
Projectiles/Melee/TrueBiomeBlade_EarthenTidesShockwave.png
Projectiles/Summon/SandnadoMinion.png
Projectiles/Melee/TrueBiomeBlade_LamentationsOfTheChained.png
Projectiles/Melee/TrueBiomeBlade_LamentationsOfTheChainedChain.png
Projectiles/Melee/TrueBiomeBlade_LamentationsOfTheChainedFlail.png
Projectiles/Melee/TrueBiomeBlade_LamentationsOfTheChainedHook.png
Tiles/SunkenSea/PolypSand.png
Projectiles/Summon/SarosAura.png
Tiles/SunkenSea/PrismCrateTile.png
Projectiles/Melee/TrueBiomeBlade_LamentationsOfTheChainedHookBody.png
Items/Fishing/BrimstoneCragCatches/Brimlish.png
Tiles/SunkenSea/RefractivePrismTorch.png
Tiles/FurnitureSilva/SilvaBasin_Highlight.png
Items/Fishing/BrimstoneCragCatches/BrimstoneCrate.png
Tiles/SunkenSea/RefractivePrismTorchFlame.png
Items/Fishing/BrimstoneCragCatches/CharredLasher.png
Tiles/FurnitureSilva/SilvaBathtub.png
Items/Fishing/BrimstoneCragCatches/CoastalDemonfish.png
Projectiles/Melee/TrueBiomeBlade_SanguineFury.png
Items/Accessories/EvasionScarf_Neck.png
Items/Fishing/BrimstoneCragCatches/CragBullhead.png
Items/Accessories/EyeoftheStorm.png
Tiles/FurnitureSilva/SilvaBed.png
Items/Fishing/BrimstoneCragCatches/DragoonDrizzlefish.png
Items/Accessories/FeatherCrown.png
Projectiles/Summon/SarosMicrosun.png
Items/Fishing/BrimstoneCragCatches/Havocfish.png
Tiles/FurnitureSilva/SilvaBed_Highlight.png
Items/Fishing/BrimstoneCragCatches/Shadowfish.png
Tiles/FurnitureSilva/SilvaBench.png
Items/Fishing/BrimstoneCragCatches/SlagCrate.png
Projectiles/Melee/TrueBiomeBlade_SanguineFuryExtra.png
Items/Fishing/BrimstoneCragCatches/Slurpfish.png
Projectiles/Melee/TrueBiomeBlade_SwordsmithsPride.png
Items/Accessories/FeatherCrown_Face.png
Items/Fishing/FishingRods/EarlyBloomRod.png
Items/Accessories/FilthyGlove.png
Items/Fishing/FishingRods/FeralDoubleRod.png
Items/Fishing/FishingRods/HeronRod.png
Tiles/SunkenSea/Runestone.png
Tiles/SunkenSea/Shellstone.png
Tiles/SunkenSea/SunkenKelp.png
Items/Fishing/FishingRods/NavyFishingRod.png
Items/Fishing/FishingRods/RiftReeler.png
Items/Fishing/FishingRods/SlurperPole.png
Items/Accessories/FilthyGlove_HandsOff.png
Items/Fishing/FishingRods/TheDevourerofCods.png
Tiles/SunkenSea/ScarletSeaGrass.png
Items/Fishing/FishingRods/VerstaltiteFishingRod.png
Items/Fishing/FishingRods/WulfrumRod.png
Items/Fishing/SulphurCatches/HydrothermalCrate.png
Items/Fishing/SulphurCatches/SulphurousCrate.png
Tiles/SunkenSea/SuperheatedObsidian.png
Items/Fishing/SunkenSeaCatches/CoralskinFoolfish.png
Items/Fishing/SunkenSeaCatches/EutrophicCrate.png
Items/Fishing/SunkenSeaCatches/EutrophicSandfish.png
Projectiles/Summon/SeekerSummonProj.png
Items/Fishing/SunkenSeaCatches/GleamingCucumber.png
Items/Accessories/FilthyGlove_HandsOn.png
Projectiles/Summon/SepulcherArm.png
Items/Fishing/SunkenSeaCatches/GreenwaveLoach.png
Projectiles/Summon/SepulcherForeArm.png
Items/Accessories/FlameLickedShell.png
Items/Fishing/SunkenSeaCatches/MoltenFishron.png
Projectiles/Summon/SepulcherHand.png
Tiles/Furniture/Paintings/CalamityCanvas2024Tile.png
Items/Fishing/SunkenSeaCatches/PrismaticGuppy.png
Items/Accessories/FleshTotem.png
Projectiles/Summon/SepulcherMinionBody.png
Tiles/Furniture/Paintings/CalamityCanvasBorder.png
Tiles/Furniture/Paintings/CalamityCanvasCorner.png
Items/Fishing/SunkenSeaCatches/PrismCrate.png
Items/Accessories/FrostBarrier.png
Items/Fishing/SunkenSeaCatches/RustedJingleBell.png
Items/Fishing/SunkenSeaCatches/SerpentsBite.png
Items/Accessories/FrostFlare.png
Tiles/Furniture/Paintings/ForgivenessPaintingTile.png
Tiles/SunkenSea/SuperheatedObsidian_Glint.png
Items/Accessories/FungalClump.png
Tiles/SunkenSea/ScarletSeaGrassTile.png
Tiles/SunkenSea/SeaPrism.png
Tiles/Furniture/Paintings/ThankYouPaintingTile.png
Items/Accessories/FungalSymbiote.png
Items/Accessories/GiantPearl.png
Tiles/FurnitureNavystone/FurnitureAncientNavystone/AncientNavystoneBathtub.png
Tiles/FurnitureNavystone/FurnitureAncientNavystone/AncientNavystoneBed.png
Items/Accessories/GiantShell.png
Tiles/FurnitureNavystone/FurnitureAncientNavystone/AncientNavystoneBed_Highlight.png
Tiles/FurnitureNavystone/FurnitureAncientNavystone/AncientNavystoneBench.png
Tiles/FurnitureNavystone/FurnitureAncientNavystone/AncientNavystoneBench_Highlight.png
Tiles/FurnitureNavystone/FurnitureAncientNavystone/AncientNavystoneBookcase.png
Tiles/FurnitureNavystone/FurnitureAncientNavystone/AncientNavystoneCandelabra.png
Tiles/SunkenSea/VolcanicSand.png
Tiles/FurnitureNavystone/FurnitureAncientNavystone/AncientNavystoneCandle.png
Tiles/FurnitureNavystone/FurnitureAncientNavystone/AncientNavystoneChair.png
Items/Fishing/SunkenSeaCatches/Serpentuna.png
Projectiles/Summon/SepulcherMinionBodyAlt.png
Items/Accessories/GiantShell_Back.png
NPCs/ProfanedGuardians/ProfanedGuardianHealerGlowNight.png
Projectiles/Summon/SepulcherMinionEyes.png
Items/Accessories/GiantTortoiseShell.png
NPCs/ProfanedGuardians/ProfanedGuardianHealer_Head_Boss.png
Items/Accessories/GladiatorsLocket.png
Projectiles/Summon/SepulcherMinionHead.png
Projectiles/Summon/SepulcherMinionJaw.png
Items/Accessories/GloveOfPrecision.png
Projectiles/Summon/SepulcherMinionTail.png
Projectiles/Summon/Shellfish.png
Tiles/SunkenSea/WhitePearlPile.png
Items/Fishing/SunkenSeaCatches/SparklingEmpress.png
Items/Fishing/SunkenSeaCatches/SpecularSturgeon.png
Projectiles/Summon/Shroomling.png
Items/Fishing/SunkenSeaCatches/Squidoom.png
Projectiles/Summon/SilvaCrystal.png
Items/Fishing/SunkenSeaCatches/SunkenSailfish.png
Items/Fishing/SunkenSeaCatches/SurfClam.png
Projectiles/Summon/SkeletalDragonChild.png
Items/Accessories/GloveOfPrecision_HandsOff.png
Projectiles/Melee/TrueBiomeBlade_SwordsmithsPrideMonolith.png
Tiles/FurnitureNavystone/FurnitureAncientNavystone/AncientNavystoneChair_Highlight.png
Tiles/SunkenSea/WhitePearlPile_Glint.png
Projectiles/Melee/TyphonsGreedBubble.png
Tiles/FurnitureNavystone/FurnitureAncientNavystone/AncientNavystoneChandelier.png
Projectiles/Summon/SkeletalDragonMother.png
Projectiles/Summon/SlimePuppet.png
Projectiles/Melee/TyphonsGreedStaff.png
Items/Mounts/Minecarts/DoGCartBody.png
Projectiles/Summon/SmallSkeletonMinion.png
Items/Mounts/Minecarts/DoGCartMount_Front.png
Items/Mounts/Minecarts/DoGCartTail.png
Items/Mounts/Minecarts/TheCartofGods.png
Items/Placeables/Abyss/AbyssGravel.png
Items/Placeables/Abyss/HardenedSulphurousSandstone.png
Items/Placeables/Abyss/PlantyMush.png
Items/Placeables/Abyss/PyreMantle.png
Items/Placeables/Abyss/PyreMantleMolten.png
Items/Placeables/Abyss/SulphurousSand.png
Items/Accessories/GloveOfPrecision_HandsOn.png
Items/Placeables/Abyss/SulphurousSandstone.png
Items/Placeables/Abyss/SulphurousShale.png
Projectiles/Summon/Spikecrag.png
Items/Accessories/GloveOfRecklessness.png
Items/Placeables/Abyss/Voidstone.png
Items/Placeables/Astral/AstralBrick.png
Items/Placeables/Astral/AstralClay.png
Items/Placeables/Astral/AstralDirt.png
Items/Placeables/Astral/AstralGrassSeeds.png
Items/Placeables/Astral/AstralIce.png
Projectiles/Summon/SpikecragSpike.png
Items/Placeables/Astral/AstralSand.png
Items/Placeables/Astral/AstralSandstone.png
Projectiles/Summon/SquirrelSquireAcorn.png
Items/Placeables/Astral/AstralSnow.png
Items/Placeables/Astral/AstralStone.png
Items/Placeables/Astral/CelestialRemains.png
Tiles/SunkenSea/YellowCoral.png
Items/Placeables/Astral/HardenedAstralSand.png
Items/Placeables/Astral/NovaeSlag.png
Items/Placeables/Banners/AcidEelBanner.png
Items/Placeables/Banners/AeroSlimeBanner.png
Items/Placeables/Banners/AmberCrawlerBanner.png
Items/Placeables/Banners/AmethystCrawlerBanner.png
Items/Placeables/Banners/AndroombaBanner.png
Tiles/FurnitureNavystone/FurnitureAncientNavystone/AncientNavystoneChest.png
Items/Placeables/Banners/AnthozoanCrabBanner.png
Items/Placeables/Banners/AquaticUrchinBanner.png
NPCs/ProfanedGuardians/ProfanedGuardians_BossChecklist.png
Items/Placeables/Banners/AriesBanner.png
Tiles/FurnitureNavystone/FurnitureAncientNavystone/AncientNavystoneChest_Highlight.png
Items/Placeables/Banners/AstraglomerateBanner.png
Projectiles/Summon/SquirrelSquireMinion.png
Items/Placeables/Banners/AstralachneaBanner.png
NPCs/ProfanedGuardians/ProfanedRocks.png
Items/Placeables/Banners/AstralProbeBanner.png
Tiles/FurnitureNavystone/FurnitureAncientNavystone/AncientNavystoneClock.png
Items/Placeables/Banners/AstralSlimeBanner.png
Tiles/SunkenSea/SeaPrismBrick.png
Items/Placeables/Banners/AtlasBanner.png
NPCs/ProfanedGuardians/ProfanedRocks1.png
Items/Placeables/Banners/AuroraSpiritBanner.png
Tiles/FurnitureNavystone/FurnitureAncientNavystone/AncientNavystoneClock_Highlight.png
Items/Placeables/Banners/BabyCannonballJellyfishBanner.png
Projectiles/Summon/StellarTorusSummon.png
NPCs/ProfanedGuardians/ProfanedRocks2.png
Items/Placeables/Banners/BabyFlakCrabBanner.png
Tiles/FurnitureNavystone/FurnitureAncientNavystone/AncientNavystoneDoorClosed.png
NPCs/ExoMechs/Thanatos/THanosAura.png
Items/Placeables/Banners/BabyGhostBellBanner.png
Items/Placeables/Banners/BelchingCoralBanner.png
NPCs/ProfanedGuardians/ProfanedRocks3.png
Tiles/FurnitureNavystone/FurnitureAncientNavystone/AncientNavystoneDoorClosed_Highlight.png
Items/Placeables/Banners/BlindedAnglerBanner.png
Items/Accessories/GloveOfRecklessness_HandsOff.png
NPCs/ProfanedGuardians/ProfanedRocks4.png
Items/Placeables/Banners/BloatfishBanner.png
Tiles/FurnitureNavystone/FurnitureAncientNavystone/AncientNavystoneDoorOpen.png
Items/Placeables/Banners/BloomSlimeBanner.png
Projectiles/Summon/StormjawBaby.png
Items/Placeables/Banners/BobbitWormBanner.png
Items/Placeables/Banners/BohldohrBanner.png
Items/Placeables/Banners/BoxJellyfishBanner.png
Tiles/SunkenSea/SeaPrismCrystals.png
Items/Placeables/Banners/BurrowerBanner.png
Items/Placeables/Banners/CalamityEyeBanner.png
Items/Placeables/Banners/CannonballJellyfishBanner.png
Projectiles/Summon/SummonAstralExplosion.png
Projectiles/Summon/SummonBrimstoneExplosion.png
NPCs/ProfanedGuardians/ProfanedRocks5.png
Tiles/SunkenSea/SeaPrismCrystals_Glint.png
Projectiles/Summon/SummonBrimstoneExplosionSmall.png
NPCs/ProfanedGuardians/ProfanedRocks6.png
Projectiles/Summon/SunSpiritMinion.png
Projectiles/Summon/TacticalPlagueJet.png
Projectiles/Summon/TundraFlameBlossom.png
Projectiles/Summon/TundraFlameBlossomsOrb.png
Projectiles/Summon/UniverseSplitterHugeBeam.png
UI/CalamitasEnchantments/CalamitasCurseBackground.png
Projectiles/Summon/UniverseSplitterSmallBeam.png
Projectiles/Summon/UrchinSpike.png
UI/CalamitasEnchantments/CalamitasCurseItemSlot.png
Items/Placeables/Banners/ChaoticPufferBanner.png
Tiles/SunkenSea/SeaPrismCrystals_Green.png
UI/CalamitasEnchantments/CalamitasCurseUI_ArrowDown.png
Items/Placeables/Banners/CladCrabBanner.png
Items/Accessories/GloveOfRecklessness_HandsOn.png
Items/Accessories/GrandGelatin.png
Items/Accessories/HallowedRune.png
Items/Placeables/Banners/ClamBanner.png
Items/Accessories/HarpyRing.png
Projectiles/Summon/Valkyrie.png
Items/Placeables/Banners/CloudElementalBanner.png
Items/Placeables/Banners/CnidrionBanner.png
Projectiles/Summon/VengefulSunSpiritMinion.png
Items/Placeables/Banners/ColossalSquidBanner.png
Items/Placeables/Banners/CrimulanBlightSlimeBanner.png
Items/Placeables/Banners/CryonBanner.png
Items/Placeables/Banners/CryoSlimeBanner.png
Items/Accessories/HeartofDarkness.png
Projectiles/Summon/VictideSeaSnail.png
Projectiles/Summon/VileFeederProjectile.png
Items/Placeables/Banners/CrystalCrawlerBanner.png
Items/Placeables/Banners/CuttlefishBanner.png
Fonts/Impact.xnb
Projectiles/Summon/VileFeederSummon.png
Items/Placeables/Banners/DespairStoneBanner.png
Tiles/SunkenSea/SeaPrismCrystals_Purple.png
Items/Placeables/Banners/DevilFishBanner.png
Tiles/FurnitureNavystone/FurnitureAncientNavystone/AncientNavystoneDoorOpen_Highlight.png
Items/Placeables/Banners/DiamondCrawlerBanner.png
Items/Accessories/HeartoftheElements.png
UI/CalamitasEnchantments/CalamitasCurseUI_ArrowDownClicked.png
Items/Placeables/Banners/DraconicSwarmerBanner.png
UI/CalamitasEnchantments/CalamitasCurseUI_ArrowDownHovered.png
Tiles/FurnitureNavystone/FurnitureAncientNavystone/AncientNavystoneDresser.png
UI/CalamitasEnchantments/CalamitasCurseUI_ArrowUp.png
Items/Placeables/Banners/EarthElementalBanner.png
UI/CalamitasEnchantments/CalamitasCurseUI_ArrowUpClicked.png
Items/Accessories/HideofAstrumDeus.png
UI/CalamitasEnchantments/CalamitasCurseUI_ArrowUpHovered.png
Tiles/FurnitureNavystone/FurnitureAncientNavystone/AncientNavystoneDresser_Highlight.png
UI/CalamitasEnchantments/CalamitasCurseUI_Button.png
Tiles/FurnitureNavystone/FurnitureAncientNavystone/AncientNavystoneLamp.png
UI/CalamitasEnchantments/CalamitasCurseUI_ButtonClicked.png
Items/Placeables/Banners/EbonianBlightSlimeBanner.png
Tiles/FurnitureNavystone/FurnitureAncientNavystone/AncientNavystoneLantern.png
Items/Placeables/Banners/EidolistBanner.png
UI/CalamitasEnchantments/CalamitasCurseUI_ButtonHovered.png
Tiles/FurnitureNavystone/FurnitureAncientNavystone/AncientNavystonePiano.png
Projectiles/Summon/ViridVanguardBlade.png
Items/Accessories/HoneyDew.png
UI/CalamitasEnchantments/CurseIcon_Aflame.png
UI/CalamitasEnchantments/CurseIcon_Bloodthirsty.png
Projectiles/Summon/VoidConcentrationBlackhole.png
UI/CalamitasEnchantments/CurseIcon_Capricious.png
Projectiles/Melee/UHFMurasama.png
Projectiles/Melee/UrchinSpikeFugu.png
UI/CalamitasEnchantments/CurseIcon_Ephemeral.png
UI/CalamitasEnchantments/CurseIcon_Erratic.png
Tiles/FurnitureNavystone/FurnitureAncientNavystone/AncientNavystonePlatform.png
Tiles/FurnitureNavystone/FurnitureAncientNavystone/AncientNavystoneSink.png
UI/CalamitasEnchantments/CurseIcon_Evasive.png
Projectiles/Summon/VoidConcentrationOrb.png
Projectiles/Melee/VirulentWave.png
Tiles/FurnitureNavystone/FurnitureAncientNavystone/AncientNavystoneTable.png
Projectiles/Summon/VoidEaterMarionetteBody.png
UI/CalamitasEnchantments/CurseIcon_Evocative.png
Tiles/FurnitureNavystone/FurnitureAncientNavystone/AncientNavystoneWorkBench.png
Projectiles/Summon/VoidEaterMarionetteBodyGlow.png
Projectiles/Melee/VoidEssence.png
Projectiles/Summon/VoidEaterMarionetteHead.png
Projectiles/Melee/VolcanicFireball.png
UI/CalamitasEnchantments/CurseIcon_Exhumed.png
Projectiles/Summon/VoidEaterMarionetteHeadGlow.png
UI/CalamitasEnchantments/CurseIcon_Hellbound.png
Projectiles/Summon/VoidEaterMarionetteJaw.png
UI/CalamitasEnchantments/CurseIcon_Incisive.png
Projectiles/Melee/VolcanicFireballLarge.png
Projectiles/Melee/WulfrumScrew.png
Projectiles/Summon/VoidEaterMarionetteJawGlow.png
UI/CalamitasEnchantments/CurseIcon_Indignant.png
Projectiles/Melee/WulfrumScrewOutline.png
Projectiles/Summon/VoidEaterMarionetteTail.png
UI/CalamitasEnchantments/CurseIcon_Lecherous.png
Projectiles/Summon/VoidEaterMarionetteTailGlow.png
UI/CalamitasEnchantments/CurseIcon_Oblatory.png
UI/CalamitasEnchantments/CurseIcon_Obstinate.png
Items/Placeables/Banners/EidolonWyrmJuvenileBanner.png
UI/CalamitasEnchantments/CurseIcon_Persecuted.png
UI/CalamitasEnchantments/CurseIcon_Polluted.png
Items/Accessories/HowlsHeart.png
UI/CalamitasEnchantments/CurseIcon_Relentless.png
Items/Placeables/Banners/EmeraldCrawlerBanner.png
UI/CalamitasEnchantments/CurseIcon_Resentful.png
Projectiles/Pets/Akato.png
Projectiles/Pets/Astrophage.png
Tiles/FurnitureNavystone/FurnitureAncientNavystone/AncientSmoothNavystone.png
Items/Accessories/IlmerisSpark.png
Items/Accessories/InfectedJewel.png
Tiles/FurnitureNavystone/FurnitureAncientNavystone/EutrophicShelf.png
Projectiles/Pets/BabyGhostBell.png
Items/Placeables/Banners/EutrophicRayBanner.png
Items/Accessories/InkBomb.png
Items/Placeables/Banners/FearlessGoldfishWarriorBanner.png
UI/CalamitasEnchantments/CurseIcon_Splintered.png
Items/Accessories/InterstellarStompers.png
Tiles/FurnitureWulfrum/FurnitureAnodizedWulfrum/AnodizedWulfrumBathtub.png
Items/Placeables/Banners/FlakCrabBanner.png
UI/CalamitasEnchantments/CurseIcon_Tainted.png
Items/Placeables/Banners/FrogfishBanner.png
Items/Accessories/IronBoots.png
Gores/BobbitWorm.png
Items/Placeables/Banners/FusionFeederBanner.png
Gores/BobbitWorm2.png
Tiles/FurnitureWulfrum/FurnitureAnodizedWulfrum/AnodizedWulfrumBookcase.png
Items/Placeables/Banners/GammaSlimeBanner.png
Gores/BobbitWorm3.png
Tiles/FurnitureWulfrum/FurnitureAnodizedWulfrum/AnodizedWulfrumChair.png
Items/Placeables/Banners/GhostBellBanner.png
Gores/BobbitWorm4.png
Items/Placeables/Banners/GiantSquidBanner.png
Tiles/FurnitureWulfrum/FurnitureAnodizedWulfrum/AnodizedWulfrumChair_Highlight.png
Items/Placeables/Banners/GnasherBanner.png
Gores/BrimstoneGore1.png
Items/Placeables/Banners/GulperEelBanner.png
Items/Placeables/Banners/HadarianBanner.png
Tiles/FurnitureWulfrum/FurnitureAnodizedWulfrum/AnodizedWulfrumChandelier.png
UI/CalamitasEnchantments/CurseIcon_Traitorous.png
UI/CalamitasEnchantments/CurseIcon_Vindictive.png
UI/CalamitasEnchantments/CurseIcon_Withered.png
UI/DebuffSystem/ColdDebuffType.png
Tiles/FurnitureWulfrum/FurnitureAnodizedWulfrum/AnodizedWulfrumChandelier_Glow.png
UI/DebuffSystem/ElectricityDebuffType.png
UI/DebuffSystem/HeatDebuffType.png
Tiles/FurnitureWulfrum/FurnitureAnodizedWulfrum/AnodizedWulfrumChest.png
UI/DebuffSystem/SicknessDebuffType.png
UI/DebuffSystem/WaterDebuffType.png
Tiles/FurnitureWulfrum/FurnitureAnodizedWulfrum/AnodizedWulfrumChest_Glow.png
UI/DraedonLogs/DraedonsLogArrow.png
Items/Accessories/IronBoots_Shoes.png
UI/DraedonLogs/DraedonsLogArrowHover.png
Projectiles/Summon/WaterElementalMinion.png
Tiles/FurnitureWulfrum/FurnitureAnodizedWulfrum/AnodizedWulfrumChest_Highlight.png
Items/Placeables/Banners/HeatSpiritBanner.png
Projectiles/Summon/WaterElementalSong.png
Items/Placeables/Banners/IceClasperBanner.png
Tiles/FurnitureWulfrum/FurnitureAnodizedWulfrum/AnodizedWulfrumClock.png
Projectiles/Pets/Bear.png
Projectiles/Summon/WaterSpearFriendly.png
Items/Placeables/Banners/ImpiousImmolatorBanner.png
Tiles/FurnitureWulfrum/FurnitureAnodizedWulfrum/AnodizedWulfrumClock_Glow.png
Items/Placeables/Banners/InfernalCongealmentBanner.png
Projectiles/Summon/WhiteDragonBody.png
Tiles/FurnitureWulfrum/FurnitureAnodizedWulfrum/AnodizedWulfrumClock_Highlight.png
Projectiles/Summon/WhiteDragonBody2.png
Tiles/FurnitureWulfrum/FurnitureAnodizedWulfrum/AnodizedWulfrumDeskLight.png
Items/Accessories/IVDripOnTheRocks.png
Items/Placeables/Banners/IrradiatedSlimeBanner.png
Tiles/FurnitureWulfrum/FurnitureAnodizedWulfrum/AnodizedWulfrumDeskLight_Glow.png
Items/Placeables/Banners/LaserfishBanner.png
Items/Accessories/JellyChargedBattery.png
Items/Placeables/Banners/LuminousCorvinaBanner.png
Projectiles/Summon/WhiteDragonHead.png
Tiles/FurnitureWulfrum/FurnitureAnodizedWulfrum/AnodizedWulfrumDoorClosed.png
Items/Placeables/Banners/MantisBanner.png
Items/Accessories/Laudanum.png
Projectiles/Summon/WhiteDragonTail.png
Tiles/FurnitureWulfrum/FurnitureAnodizedWulfrum/AnodizedWulfrumDoorClosed_Highlight.png
Items/Placeables/Banners/MantisShrimpBanner.png
Items/Accessories/LeviathanAmbergris.png
Projectiles/Summon/WhiteDragonTail2.png
Items/Placeables/Banners/MelterBanner.png
Items/Accessories/LifeJelly.png
Tiles/FurnitureWulfrum/FurnitureAnodizedWulfrum/AnodizedWulfrumDoorOpen.png
Items/Placeables/Banners/MirageJellyBanner.png
Projectiles/Summon/WitherBlossom.png
Items/Accessories/LivingDew.png
NPCs/AstrumAureus/AstrumAureusGlow.png
Items/Placeables/Banners/MorayEelBanner.png
Items/Placeables/Banners/NovaBanner.png
Tiles/FurnitureWulfrum/FurnitureAnodizedWulfrum/AnodizedWulfrumDoorOpen_Highlight.png
Tiles/FurnitureWulfrum/FurnitureAnodizedWulfrum/AnodizedWulfrumDresser.png
Items/Placeables/Banners/NuclearToadBanner.png
Items/Placeables/Banners/OarfishBanner.png
Projectiles/Pets/BendyPet.png
Items/Placeables/Banners/OrthoceraBanner.png
Items/Placeables/Banners/OverloadedSoldierBanner.png
Items/Placeables/Banners/PerennialSlimeBanner.png
NPCs/ExoMechs/Ares/AresTeslaCannon.png
Items/Placeables/Banners/PestilentSlimeBanner.png
Projectiles/Pets/BendyPetGlow.png
Items/Accessories/LuxorsGift.png
Items/Accessories/ManaPolarizer.png
NPCs/Providence/Glowmasks/ProvidenceDefenseGlow2.png
Items/Accessories/MarniteRepulsionShield.png
MainMenu/Logo.png
Projectiles/Pets/BrimlingPet.png
Tiles/FurnitureWulfrum/FurnitureAnodizedWulfrum/AnodizedWulfrumDresser_Glow.png
Items/Accessories/MarniteRepulsionShield_Back.png
Tiles/FurnitureWulfrum/FurnitureAnodizedWulfrum/AnodizedWulfrumDresser_Highlight.png
Items/Accessories/MirageMirror.png
Projectiles/Summon/WulfrumDroid.png
Projectiles/Summon/WulfrumEnergyBurst.png
Projectiles/Turret/IceShot.png
Projectiles/Turret/OnyxShot.png
Projectiles/Turret/PlagueShot.png
Projectiles/Pets/ChibiiDoggo.png
Projectiles/Pets/ChibiiDoggoFly.png
Projectiles/Typeless/AllianceTriangle.png
Projectiles/Typeless/ArtifactOfResilienceShard1.png
Projectiles/Typeless/ArtifactOfResilienceShard2.png
Projectiles/Typeless/ArtifactOfResilienceShard3.png
Projectiles/Pets/ChibiiDoggoFlyMonochrome.png
Projectiles/Typeless/ArtifactOfResilienceShard4.png
Projectiles/Typeless/ArtifactOfResilienceShard5.png
Projectiles/Typeless/ArtifactOfResilienceShard6.png
Items/Placeables/Banners/PhantomSpiritBanner.png
Projectiles/Pets/ChibiiDoggoMonochrome.png
Items/Placeables/Banners/PiggyBanner.png
Tiles/FurnitureWulfrum/FurnitureAnodizedWulfrum/AnodizedWulfrumJukebox.png
Tiles/FurnitureWulfrum/FurnitureAnodizedWulfrum/AnodizedWulfrumJukebox_Glow.png
Items/Accessories/MoonstoneCrown.png
Tiles/FurnitureWulfrum/FurnitureAnodizedWulfrum/AnodizedWulfrumLamp.png
Tiles/FurnitureWulfrum/FurnitureAnodizedWulfrum/AnodizedWulfrumLamp_Glow.png
Projectiles/Typeless/AscendantAura.png
Tiles/FurnitureWulfrum/FurnitureAnodizedWulfrum/AnodizedWulfrumLantern.png
Projectiles/Typeless/AstralStar.png
Tiles/FurnitureWulfrum/FurnitureAnodizedWulfrum/AnodizedWulfrumLantern_Glow.png
Projectiles/Typeless/BlackPearl.png
Items/Placeables/Banners/PlaguebringerBanner.png
Tiles/FurnitureWulfrum/FurnitureAnodizedWulfrum/AnodizedWulfrumSink.png
Items/Placeables/Banners/PlagueChargerBanner.png
Items/Placeables/Banners/PlagueshellBanner.png
Items/Placeables/Banners/PrismBackBanner.png
Tiles/FurnitureWulfrum/FurnitureAnodizedWulfrum/AnodizedWulfrumSleepingPod.png
Items/Placeables/Banners/ProfanedEnergyBanner.png
Items/Placeables/Banners/RadiatorBanner.png
Projectiles/Typeless/BlazingSun.png
Items/Placeables/Banners/ReaperSharkBanner.png
Items/Placeables/Banners/RenegadeWarlockBanner.png
Tiles/FurnitureWulfrum/FurnitureAnodizedWulfrum/AnodizedWulfrumSleepingPodActive.png
Items/Placeables/Banners/RepairUnitBanner.png
Items/Placeables/Banners/RimehoundBanner.png
Items/Accessories/MoonstoneCrown_Face.png
Tiles/FurnitureWulfrum/FurnitureAnodizedWulfrum/AnodizedWulfrumSleepingPodActive_Glow.png
Items/Placeables/Banners/RotdogBanner.png
Items/Placeables/Banners/RubyCrawlerBanner.png
Items/Accessories/Nanotech.png
Tiles/FurnitureWulfrum/FurnitureAnodizedWulfrum/AnodizedWulfrumSleepingPod_Glow.png
Items/Placeables/Banners/SapphireCrawlerBanner.png
Items/Accessories/NebulousCore.png
Items/Placeables/Banners/ScornEaterBanner.png
Items/Placeables/Banners/ScryllarBanner.png
Items/Accessories/NecklaceofVexation.png
Tiles/FurnitureWulfrum/FurnitureAnodizedWulfrum/AnodizedWulfrumSleepingPod_Highlight.png
Items/Placeables/Banners/SeaFloatyBanner.png
Items/Accessories/NuclearFuelRod.png
Items/Placeables/Banners/SeaMinnowBanner.png
Tiles/FurnitureWulfrum/FurnitureAnodizedWulfrum/AnodizedWulfrumSofa.png
Items/Placeables/Banners/SeaSerpentBanner.png
Items/Placeables/Banners/ShockstormShuttleBanner.png
Tiles/FurnitureWulfrum/FurnitureAnodizedWulfrum/AnodizedWulfrumSofa_Glow.png
Items/Placeables/Banners/ShroombleBanner.png
Tiles/FurnitureWulfrum/FurnitureAnodizedWulfrum/AnodizedWulfrumSofa_Highlight.png
Items/Placeables/Banners/SightseerColliderBanner.png
Items/Placeables/Banners/SightseerSpitterBanner.png
Projectiles/Typeless/BlazingSun2.png
Tiles/FurnitureWulfrum/FurnitureAnodizedWulfrum/AnodizedWulfrumTable.png
Items/Placeables/Banners/SkyfinBanner.png
Items/Placeables/Banners/SlabCrabBanner.png
Tiles/FurnitureWulfrum/FurnitureAnodizedWulfrum/AnodizedWulfrumTable_Glow.png
Items/Placeables/Banners/SoulSlurperBanner.png
Items/Placeables/Banners/StellarCulexBanner.png
Tiles/FurnitureWulfrum/FurnitureAnodizedWulfrum/AnodizedWulfrumToilet.png
Items/Placeables/Banners/StormlionBanner.png
Tiles/FurnitureWulfrum/FurnitureAnodizedWulfrum/AnodizedWulfrumToilet_Highlight.png
Tiles/FurnitureWulfrum/FurnitureAnodizedWulfrum/AnodizedWulfrumWorkBench.png
Items/Accessories/Nucleogenesis.png
Tiles/SunkenSea/Ambient/BarrelCactus.png
ExtraTextures/GreyscaleGradients/Smudges.png
Tiles/SunkenSea/Ambient/BlueCoralTree.png
Items/Accessories/OccultSkullCrown.png
Tiles/SunkenSea/Ambient/BrainCoral.png
Items/Placeables/Banners/SulflounderBanner.png
Items/Placeables/Banners/SulphurousSkaterBanner.png
Items/Placeables/Banners/SunskaterBanner.png
Items/Placeables/Banners/TopazCrawlerBanner.png
Items/Placeables/Banners/ToxicatfishBanner.png
Items/Placeables/Banners/ToxicMinnowBanner.png
Items/Placeables/Banners/TrasherBanner.png
Items/Accessories/OccultSkullCrown_Face.png
Items/Placeables/Banners/TrilobiteBanner.png
Items/Accessories/OceanCrest.png
Items/Placeables/Banners/ViperfishBanner.png
Items/Accessories/OldDie.png
Items/Placeables/Banners/VirulingBanner.png
Items/Accessories/OldDukeScales.png
Items/Placeables/Banners/WulfrumAmplifierBanner.png
Items/Accessories/OrnateShield.png
Items/Placeables/Banners/WulfrumDroneBanner.png
Items/Placeables/Banners/WulfrumGyratorBanner.png
Tiles/SunkenSea/Ambient/BranchCoral.png
Items/Placeables/Banners/WulfrumHovercraftBanner.png
Tiles/SunkenSea/Ambient/BrownCoral1.png
Items/Placeables/Banners/WulfrumRoverBanner.png
Items/Placeables/Crags/BrimstoneSlab.png
Tiles/SunkenSea/Ambient/BrownCoral2.png
Items/Placeables/Crags/BrimstoneSlag.png
Items/Placeables/Crags/CinderBlossomSeeds.png
Tiles/SunkenSea/Ambient/CoralPileGiant.png
Items/Placeables/Crags/ScorchedBone.png
Items/Placeables/Crags/ScorchedRemains.png
Tiles/SunkenSea/Ambient/CoralPileLarge.png
Items/Placeables/Crags/SpineSapling.png
Tiles/SunkenSea/Ambient/DepthVines.png
Items/Placeables/DraedonStructures/AgedLaboratoryConsoleItem.png
Items/Placeables/DraedonStructures/AgedLaboratoryContainmentBoxItem.png
Tiles/SunkenSea/Ambient/DigitateCoral.png
Items/Placeables/DraedonStructures/AgedLaboratoryDisplayItem.png
Items/Placeables/DraedonStructures/AgedLaboratoryDoorItem.png
Items/Placeables/DraedonStructures/AgedLaboratoryElectricPanelItem.png
Items/Accessories/OrnateShield_Shield.png
Items/Placeables/DraedonStructures/AgedLaboratoryScreenItem.png
Items/Accessories/PearlofEnthrallment.png
Tiles/SunkenSea/Ambient/DriftwoodMast.png
Items/Accessories/PermafrostsConcoction.png
Tiles/SunkenSea/Ambient/DriftwoodScraps.png
Items/Accessories/PhantomicArtifact.png
Items/Accessories/PlaguedFuelPack.png
Items/Accessories/PlanebreakersPouch.png
Tiles/SunkenSea/Ambient/DriftwoodWreckage.png
Items/Accessories/ProfanedSoulArtifact.png
Tiles/SunkenSea/Ambient/FanCoral.png
Items/Accessories/ProfanedSoulCrystal.png
MainMenu/ModernMenuBackground.png
Tiles/SunkenSea/Ambient/FloweringBarrelCactus.png
Tiles/SunkenSea/Ambient/FryCoral.png
ModSupport/WikiThisIcon.png
Tiles/SunkenSea/Ambient/FryCoral2.png
Tiles/SunkenSea/Ambient/FryCoral3.png
Items/Accessories/ProfanedSoulTransNight_Head.png
Particles/ArchSmear.png
Particles/AresSummonCrate.png
Items/Accessories/ProfanedSoulTransNight_Legs.png
Items/Placeables/DraedonStructures/AgedLaboratoryServerItem.png
Items/Placeables/DraedonStructures/AgedLaboratoryTerminalItem.png
Items/Placeables/DraedonStructures/AgedReinforcedCrateItem.png
Items/Placeables/DraedonStructures/AgedSecurityChest.png
Items/Placeables/DraedonStructures/ChargingStationItem.png
Items/Placeables/DraedonStructures/HazardChevronPanels.png
Items/Accessories/ProfanedSoulTransNight_Wings.png
Items/Placeables/DraedonStructures/LabHologramProjectorItem.png
Items/Placeables/DraedonStructures/LaboratoryConsoleItem.png
Items/Placeables/DraedonStructures/LaboratoryContainmentBoxItem.png
Items/Placeables/DraedonStructures/LaboratoryDisplayItem.png
Items/Placeables/DraedonStructures/LaboratoryDoorItem.png
UI/DraedonLogs/DraedonsLogCragsBiome.png
Tiles/FurnitureNavystone/SmoothSeaPrism.png
Tiles/FurnitureOtherworldly/OtherworldlyBathtub.png
Tiles/FurnitureOtherworldly/OtherworldlyBed.png
Tiles/FurnitureOtherworldly/OtherworldlyBed_Highlight.png
Tiles/FurnitureOtherworldly/OtherworldlyBookcase.png
Items/Accessories/ProfanedSoulTrans_Body.png
Tiles/SunkenSea/Ambient/GiantNavystone1.png
Items/Placeables/DraedonStructures/LaboratoryElectricPanelItem.png
Tiles/SunkenSea/Ambient/GiantNavystone2.png
Tiles/FurnitureOtherworldly/OtherworldlyCandelabra.png
Tiles/SunkenSea/Ambient/GiantRadiantReefPile.png
Tiles/FurnitureOtherworldly/OtherworldlyCandle.png
Items/Placeables/DraedonStructures/LaboratoryPanels.png
Tiles/FurnitureOtherworldly/OtherworldlyChair.png
Tiles/FurnitureOtherworldly/OtherworldlyChair_Highlight.png
Items/Placeables/DraedonStructures/LaboratoryPipePlating.png
Items/Accessories/ProfanedSoulTrans_Head.png
Tiles/FurnitureOtherworldly/OtherworldlyChandelier.png
Tiles/FurnitureOtherworldly/OtherworldlyChest.png
Tiles/SunkenSea/Ambient/GilHerb.png
Items/Placeables/DraedonStructures/LaboratoryPlating.png
Tiles/FurnitureOtherworldly/OtherworldlyChest_Highlight.png
Items/Placeables/DraedonStructures/LaboratoryScreenItem.png
UI/DraedonsArsenal/ChargeMeter.png
Items/Placeables/DraedonStructures/LaboratoryServerItem.png
UI/DraedonsArsenal/ChargeMeterBorder.png
Particles/CentralGold.png
Items/Placeables/DraedonStructures/LaboratoryShelf.png
Particles/ChumBone1.png
UI/DraedonsArsenal/ChargerWeaponSlot.png
Particles/ChumBone2.png
UI/DraedonsArsenal/PowerCellSlot_Blood.png
UI/DraedonsArsenal/PowerCellSlot_Empty.png
Tiles/SunkenSea/Ambient/Kelp.png
UI/DraedonsArsenal/PowerCellSlot_Filled.png
Items/Accessories/ProfanedSoulTrans_Legs.png
UI/DraedonSummoning/CodebreakerDecyptionBar.png
UI/DraedonSummoning/CodebreakerDecyptionBarCharge.png
Tiles/SunkenSea/Ambient/KelpBush.png
UI/DraedonSummoning/CommunicateIcon.png
UI/DraedonSummoning/ContactIcon.png
UI/DraedonSummoning/DecryptCancelIcon.png
UI/DraedonSummoning/DecryptIcon.png
Items/Accessories/ProfanedSoulTrans_Wings.png
Tiles/SunkenSea/Ambient/LargeBarrelCactus.png
Items/Accessories/ProtolithBangle.png
Particles/BigHeart.png
Items/Accessories/PusSac.png
Particles/BlastCone.png
Items/Accessories/QuiverofNihility.png
Particles/CircularSmear.png
Items/Placeables/DraedonStructures/LaboratoryTerminalItem.png
Items/Placeables/DraedonStructures/PowerCellFactoryItem.png
Items/Placeables/DraedonStructures/ReinforcedCrateItem.png
Items/Placeables/DraedonStructures/RustedPipes.png
Particles/Blood.png
Items/Placeables/DraedonStructures/RustedPlating.png
Items/Accessories/QuiverofNihility_Back.png
Items/Placeables/DraedonStructures/RustedShelf.png
Items/Placeables/DraedonStructures/SecurityChest.png
Items/Placeables/Furniture/AbyssTreasureChest.png
Tiles/SunkenSea/Ambient/LargeDriftwoodWreckage.png
Items/Placeables/Furniture/AlgalPrismTorch.png
Items/Placeables/Furniture/AlgalPrismTorch_Flame.png
Tiles/SunkenSea/Ambient/LargeFloweringBarrelCactus.png
Particles/CircularSmearFire1.png
Items/Accessories/Radiance.png
Items/Accessories/RadiantOoze.png
Items/Accessories/RaidersTalisman.png
Tiles/SunkenSea/Ambient/LargeGleamingBurrowsPile.png
Items/Accessories/RampartofDeities.png
Tiles/SunkenSea/Ambient/LargeMossyStonePile.png
UI/DraedonSummoning/DraedonContactPanel.png
Tiles/SunkenSea/Ambient/LargePolypForestPile.png
Tiles/SunkenSea/Ambient/LargeRadiantReefPile.png
Particles/CircularSmearFire2.png
Projectiles/Pets/DaawnlightSpiritOriginMinion.png
Items/Accessories/RampartofDeities_Shield.png
Items/Accessories/RareElementalinaBottle.png
Items/Accessories/ReaperToothNecklace.png
Items/Accessories/Regenerator.png
Projectiles/Pets/DannyDevitoPet.png
Items/Accessories/RogueEmblem.png
Projectiles/Pets/DesertScourgeBabyBody.png
Projectiles/Pets/DesertScourgeBabyBody2.png
Items/Accessories/RoseStone.png
Projectiles/Pets/DesertScourgeBabyBody3.png
Items/Accessories/RottenBrain.png
Projectiles/Pets/DesertScourgeBabyHead.png
Items/Accessories/RottenDogtooth.png
Projectiles/Pets/DesertScourgeBabyTail.png
Items/Accessories/RoverDrive.png
Items/Accessories/RuinMedallion.png
Items/Accessories/SandCloak.png
Items/Accessories/SandSharkToothNecklace.png
Items/Accessories/ScionsCurio.png
Items/Accessories/ScuttlersJewel.png
Particles/CircularSmearFire3.png
Items/Accessories/SeaSpiritAmulet.png
UI/DraedonSummoning/DraedonDecrypterBackground.png
Projectiles/Pets/EidolonSnail.png
Items/Placeables/Furniture/AstralBeaconItem.png
Tiles/SunkenSea/Ambient/LargeShoresFlower.png
Projectiles/Pets/EidolonSnailGlow.png
Tiles/SunkenSea/Ambient/LargeShoresFlower_Center.png
Projectiles/Pets/FlakPet.png
Items/Accessories/SeaSpiritAmulet_Neck.png
UI/DraedonSummoning/DraedonDecrypterScreen.png
Particles/CircularSmearSmokey.png
Items/Placeables/Furniture/AstralChest.png
NPCs/ExoMechs/Ares/AresTeslaCannonGlow.png
Items/Placeables/Furniture/AstralTorch.png
Items/Placeables/Furniture/AstralTorch_Flame.png
Items/Placeables/Furniture/BabyCannonballJellyfishBowl.png
Items/Accessories/ShatteredCommunity.png
Items/Placeables/Furniture/BabyFlakCrabCage.png
Items/Accessories/ShieldoftheHighRuler.png
Items/Placeables/Furniture/BabyGhostBellJar.png
Projectiles/Pets/FoxPet.png
Items/Placeables/Furniture/CausticTorch.png
Items/Placeables/Furniture/CausticTorch_Flame.png
UI/DraedonSummoning/DraedonDialogOutline.png
Particles/CircularTrail.png
Items/Placeables/Furniture/ChaosCandle.png
Projectiles/Melee/MaceFlails/YateveoBloomMaceChain.png
Items/Accessories/ShieldoftheHighRuler_Shield.png
Items/Accessories/ShieldoftheOcean.png
UI/DraedonSummoning/DraedonIconBorder.png
Particles/Blood2.png
Projectiles/Melee/Spears/AmidiasTridentProj.png
Tiles/SunkenSea/Ambient/LongScarletSeagrass.png
Items/Accessories/SigilofCalamitas.png
Tiles/SunkenSea/Ambient/MediumCoral.png
Particles/BloomArrow.png
Tiles/SunkenSea/Ambient/MediumCoral2.png
Items/Accessories/SilencingSheath.png
Projectiles/Melee/Spears/AstralPikeProj.png
Items/Accessories/SlagsplitterPauldron.png
Items/Accessories/SpectralVeil.png
Items/Accessories/SpelunkersAmulet.png
Items/Accessories/SpiritGlyph.png
NPCs/AstrumAureus/AstrumAureusJump.png
Items/Accessories/StarbusterCore.png
UI/DraedonSummoning/DraedonIconBorderInner.png
Items/Accessories/StarTaintedGenerator.png
UI/DraedonSummoning/DraedonInquirySelector.png
Items/Accessories/StatisBlessing.png
Projectiles/Typeless/BlunderBoosterAura.png
Projectiles/Melee/Spears/BansheeHookAlt.png
Projectiles/Pets/FrostyBatPet.png
NPCs/Providence/Glowmasks/ProvidenceAltGlow.png
Projectiles/Pets/GoldiePet.png
Projectiles/Typeless/BobbitHead.png
UI/DraedonSummoning/DraedonSelectionOutline.png
Projectiles/Typeless/BobbitHookChain.png
Projectiles/Melee/Spears/BansheeHookAltGlow.png
UI/DraedonSummoning/EncryptedSchematicSlotBackground.png
Tiles/SunkenSea/Ambient/MediumCoral3.png
UI/DraedonSummoning/HeadIcon_Ares.png
UI/DraedonSummoning/HeadIcon_ArtemisApollo.png
Projectiles/Melee/Spears/BansheeHookGlow.png
Particles/BloomCircle.png
Particles/BloomLine.png
Projectiles/Melee/Spears/BansheeHookProj.png
Projectiles/Melee/Spears/BotanicPiercerProjectile.png
Projectiles/Melee/Spears/BrimlanceProj.png
Projectiles/Melee/Spears/EarthenPikeSpear.png
UI/DraedonSummoning/HeadIcon_THanos.png
Projectiles/Melee/Spears/GildedProboscisProj.png
UI/DraedonSummoning/Scroller.png
UI/FlightBar/FlightBar.png
Projectiles/Melee/Spears/GoldplumeSpearProjectile.png
Items/Accessories/StatisBlessing_Neck.png
Projectiles/Melee/Spears/HellionFlowerSpearProjectile.png
Projectiles/Typeless/BossRushTier1Animation.png
Particles/Crack.png
Particles/CritSpark.png
Particles/CuteStars.png
Projectiles/Melee/Spears/NadirSpear.png
Projectiles/Melee/Spears/SausageMakerSpear.png
Projectiles/Melee/Spears/StarnightLanceProjectile.png
Items/Accessories/StatisCurse.png
UI/FlightBar/FlightBarAnim.png
UI/FlightBar/FlightBarBorder.png
Particles/DemonSigilParticle.png
UI/FlightBar/FlightBarBorderDisabled.png
Particles/DesertProwlerSkull.png
Projectiles/Pets/KendraPet.png
UI/FlightBar/FlightBarBorderInfinite.png
Projectiles/Melee/Spears/StreamGougeGlow.png
Projectiles/Pets/LadShark.png
UI/FlightBar/FlightBarBorderReduced.png
Projectiles/Pets/LeviPet.png
Tiles/SunkenSea/Ambient/MediumDriftwoodWreckage.png
Particles/DestroyerReticleTelegraph.png
Tiles/SunkenSea/Ambient/MediumDunesandPile.png
Projectiles/Pets/LittleLightProj.png
Projectiles/Melee/Spears/StreamGougeProj.png
UI/MiscTextures/AcidRainIcon.png
Projectiles/Typeless/BossRushTier2Animation.png
UI/MiscTextures/BossHPComboBar.png
UI/MiscTextures/BossHPMainBar.png
Projectiles/Melee/Spears/TenebreusTidesProjectile.png
UI/MiscTextures/BossHPSeperatorBar.png
Items/Accessories/StatisCurse_Neck.png
UI/MiscTextures/BossRushIcon.png
UI/MiscTextures/DefenseDamage.png
Items/Accessories/StatisNinjaBelt.png
Projectiles/Melee/Spears/VanishingPointProjectile.png
Items/Accessories/StatisVoidSash.png
Items/Accessories/StatMeter.png
UI/MiscTextures/DefenseDamageHover.png
Items/Accessories/StressPills.png
UI/MiscTextures/EphemeralBar.png
Projectiles/Melee/Spears/VulcaniteLanceProj.png
UI/MiscTextures/EphemeralBarBorder.png
UI/MiscTextures/GenericBarBack.png
Items/Accessories/SupremeBaitTackleBoxFishingStation.png
UI/MiscTextures/GenericBarFront.png
UI/MiscTextures/NPCAlertDisplay.png
Projectiles/Melee/Spears/YateveoBloomSpear.png
Projectiles/Melee/Yoyos/AirSpinnerYoyo.png
Projectiles/Melee/Yoyos/AortaYoyo.png
Items/Accessories/TeslasAmulet.png
Items/Accessories/TheAbsorber.png
Projectiles/Melee/Yoyos/BurningRevelationYoyo.png
Projectiles/Melee/Yoyos/FaultLineYoyo.png
Projectiles/Melee/Yoyos/GodsGambitYoyo.png
Projectiles/Melee/Yoyos/LaceratorYoyo.png
Projectiles/Melee/Yoyos/MicrowaveYoyo.png
Projectiles/Melee/Yoyos/MicrowaveYoyoGlow.png
Projectiles/Melee/Yoyos/ObliteratorYoyo.png
Items/Accessories/TheAmalgam.png
Projectiles/Melee/Yoyos/ObliteratorYoyoGlow.png
Projectiles/Melee/Yoyos/OblivionYoyo.png
Items/Accessories/TheBee.png
Projectiles/Melee/Yoyos/OracleYoyo.png
Items/Accessories/TheCamper.png
Projectiles/Melee/Yoyos/OzzathothYoyo.png
Projectiles/Melee/Yoyos/PandemicYoyo.png
Projectiles/Melee/Yoyos/QuagmireYoyo.png
Projectiles/Typeless/BossRushTier3Animation.png
Particles/DetailedExplosion.png
Projectiles/Melee/Yoyos/RiptideYoyo.png
Particles/DrainLine.png
Particles/DrainLine2.png
Particles/DrainLineBloom.png
Particles/DrainLineBloom2.png
Tiles/SunkenSea/Ambient/MediumGleamingBurrowsPile.png
ExtraTextures/GreyscaleGradients/Smudges2.png
Items/Accessories/TheCamper_Back.png
Tiles/SunkenSea/Ambient/MediumPolypForestPile.png
Projectiles/Melee/Yoyos/ShimmersparkYoyo.png
Projectiles/Melee/Yoyos/SmokingCometChain.png
Projectiles/Melee/Yoyos/SmokingCometYoyo.png
Projectiles/Melee/Yoyos/SulphurousGrabberYoyo.png
Projectiles/Melee/Yoyos/SulphurousGrabberYoyoBubble.png
UI/MiscTextures/PunchCardPopup.png
Projectiles/Melee/Yoyos/YinYoyo.png
Tiles/SunkenSea/Ambient/MediumRadiantReefPile.png
UI/MiscTextures/StealthMeter.png
Projectiles/Summon/AndromedaUI/AndromedaUI_Background.png
UI/MiscTextures/StealthMeterBar.png
NPCs/Providence/Providence.png
Projectiles/Summon/AndromedaUI/BigIcon.png
UI/MiscTextures/StealthMeterBarFull.png
Projectiles/Pets/MiniHiveMind.png
Projectiles/Summon/AndromedaUI/BigIconHovered.png
UI/MiscTextures/StealthMeterStrikeIndicator.png
Tiles/SunkenSea/Ambient/MediumShorePile.png
Projectiles/Summon/AndromedaUI/LeftBracket.png
Projectiles/Summon/AndromedaUI/LeftBracketHovered.png
Projectiles/Summon/AndromedaUI/LeftBracketLit.png
Projectiles/Summon/AndromedaUI/Lock.png
Projectiles/Summon/AndromedaUI/MeleeIcon.png
Projectiles/Summon/AndromedaUI/MeleeIconHovered.png
Projectiles/Summon/AndromedaUI/RangedIcon.png
Tiles/SunkenSea/Ambient/NavystonePile.png
NPCs/Providence/Glowmasks/ProvidenceDefenseGlowNight.png
Projectiles/Summon/AndromedaUI/RangedIconHovered.png
Projectiles/Summon/AndromedaUI/RightBracket.png
Projectiles/Summon/AndromedaUI/RightBracketHovered.png
Projectiles/Summon/AndromedaUI/RightBracketLit.png
Projectiles/Summon/AndromedaUI/SmallIcon.png
Projectiles/Summon/AndromedaUI/ThunderIcon.png
Items/Accessories/TheCommunity.png
Projectiles/Pets/OceanSpirit.png
Projectiles/Summon/AndromedaUI/ThunderIconCharge.png
Projectiles/Summon/AndromedaUI/ThunderIconHovered.png
Items/Accessories/TheEvolution.png
Projectiles/Typeless/BossRushTier4Animation.png
Projectiles/Summon/AndromedaUI/TopBracket.png
Tiles/SunkenSea/Ambient/RefractiveHangingCoral.png
Projectiles/Summon/AndromedaUI/TopBracketHovered.png
Projectiles/Summon/AndromedaUI/TopBracketLit.png
Items/Accessories/TheFirstShadowflame.png
Items/Accessories/ThePointer.png
Items/Accessories/ThePointer_Active.png
Tiles/SunkenSea/Ambient/SeaAnemone.png
Projectiles/Pets/PerforaMini.png
UI/ModeIndicator/BloomFlare.png
Tiles/SunkenSea/Ambient/ShorePile.png
UI/ModeIndicator/ModeIndicatorLock.png
Projectiles/Pets/PineapplePetProj.png
Particles/DualTrail.png
UI/ModeIndicator/ModeIndicator_Classic.png
Projectiles/Pets/PlaguebringerBab.png
Projectiles/Pets/PrimroseKeepsakeDisplay.png
Items/Accessories/TheSponge.png
Projectiles/Pets/RadiatorPet.png
Tiles/SunkenSea/Ambient/ShoresFlower.png
Tiles/SunkenSea/Ambient/ShoresFlower_Center.png
Tiles/SunkenSea/Ambient/SmallBrainCoral.png
Projectiles/Pets/RotomDex.png
Items/Accessories/TheSpongeReal.png
Projectiles/Pets/RotomDexGlow.png
Projectiles/Typeless/BossRushTier5Animation.png
Projectiles/Pets/RotomFan.png
Projectiles/Summon/MirrorofKalandraMinions/AtzirisDisfavor.png
Items/Accessories/TheSpongeShield.png
UI/ModeIndicator/ModeIndicator_Classic_Border.png
UI/ModeIndicator/ModeIndicator_Classic_Off.png
Projectiles/Pets/RotomFanGlow.png
Items/Accessories/TheTransformer.png
Items/Accessories/ToxicHeart.png
Items/Accessories/TrinketofChi.png
Items/Accessories/UnholyTonic.png
Projectiles/Typeless/ChronoClock.png
Projectiles/Typeless/ClaretCannonProj.png
Projectiles/Typeless/CoralBubble.png
Projectiles/Typeless/CursorProj.png
Items/Accessories/UnstableGraniteCore.png
Items/Accessories/VampiricTalisman.png
UI/ModeIndicator/ModeIndicator_Death.png
Items/Accessories/VeneratedLocket.png
Projectiles/Pets/RotomFrost.png
Items/Accessories/ViciousTonic.png
Items/Accessories/VitalJelly.png
Tiles/SunkenSea/Ambient/SmallCorals.png
Items/Accessories/VoidofCalamity.png
UI/ModeIndicator/ModeIndicator_Death_Border.png
Items/Accessories/VoidofExtinction.png
Items/Accessories/VoltaicJelly.png
Tiles/SunkenSea/Ambient/SmallGleamingBurrowsPile.png
UI/ModeIndicator/ModeIndicator_Death_Off.png
Tiles/SunkenSea/Ambient/SmallLimestoneCobblePile.png
Projectiles/Summon/MirrorofKalandraMinions/HopeShredder.png
Tiles/SunkenSea/Ambient/SmallMossyStonePile.png
Projectiles/Summon/MirrorofKalandraMinions/HopeShredderArrow.png
Items/Accessories/WarbanneroftheRighteous.png
UI/ModeIndicator/ModeIndicator_Expert.png
Projectiles/Summon/MirrorofKalandraMinions/HopeShredderArrowSplit.png
Projectiles/Pets/RotomFrostGlow.png
Projectiles/Summon/MirrorofKalandraMinions/Paradoxica.png
Tiles/SunkenSea/Ambient/SmallNavystonePile.png
Items/Accessories/WarbanneroftheRighteous_Balloon.png
Items/Accessories/WulfrumAcrobaticsPack.png
Projectiles/Summon/MirrorofKalandraMinions/Starforge.png
Projectiles/Pets/RotomHeat.png
NPCs/AstrumAureus/AstrumAureusJumpGlow.png
Tiles/SunkenSea/Ambient/SmallPolypForestPile.png
Tiles/SunkenSea/Ambient/SmallRadiantReefPile.png
Tiles/SunkenSea/Ambient/SmallSunkenStalactites.png
Tiles/SunkenSea/Ambient/SmallSunkenStalagmites.png
Items/Accessories/WulfrumAcrobaticsPack_Back.png
Items/Accessories/WulfrumBattery.png
Projectiles/Pets/RotomHeatGlow.png
Items/Accessories/YharimsGift.png
Items/Ammo/AstralSolution.png
Tiles/SunkenSea/Ambient/SmallTubeCoral.png
Items/Ammo/BloodfireArrow.png
Items/Ammo/BloodfireBullet.png
Items/Ammo/BloodRune.png
Tiles/SunkenSea/Ambient/SmallWideCoral.png
Tiles/SunkenSea/Ambient/SmallWideCoral2.png
UI/ModeIndicator/ModeIndicator_Expert_Border.png
Tiles/SunkenSea/Ambient/StalkCoral.png
Tiles/SunkenSea/Ambient/StalkCoral2.png
UI/ModeIndicator/ModeIndicator_Expert_Off.png
Projectiles/Summon/MirrorofKalandraMinions/WindRipper.png
Tiles/SunkenSea/Ambient/StalkCoral3.png
Projectiles/Summon/MirrorofKalandraMinions/WindRipperArrow.png
UI/ModeIndicator/ModeIndicator_Legendary.png
Projectiles/Pets/RotomMow.png
UI/ModeIndicator/ModeIndicator_Legendary_Border.png
UI/ModeIndicator/ModeIndicator_Legendary_Off.png
UI/ModeIndicator/ModeIndicator_Malice.png
Projectiles/Typeless/DemonshadeRedDevil.png
Projectiles/Typeless/DevourerofCodsBobber.png
Projectiles/Summon/SmallAresArms/ArmPart1.png
Projectiles/Typeless/DevourerofCodsGlow.png
Projectiles/Typeless/EarlyBloomBobber.png
Projectiles/Typeless/EmpyreanEmber.png
UI/ModeIndicator/ModeIndicator_Malice_Border.png
Projectiles/Typeless/EmpyreanGlob.png
Projectiles/Pets/RotomMowGlow.png
Projectiles/Typeless/EmpyreanStellarDetritus.png
Tiles/SunkenSea/Ambient/SunkenShip.png
Tiles/SunkenSea/Ambient/SunkenStalactites.png
Tiles/SunkenSea/Ambient/SunkenStalagmites.png
Tiles/SunkenSea/Ambient/TableCoral.png
Projectiles/Summon/SmallAresArms/ArmPart1Glowmask.png
Tiles/SunkenSea/Ambient/TableCoralLeft.png
Tiles/SunkenSea/Ambient/TallDigitateCoral.png
Tiles/SunkenSea/Ambient/TallDigitateCoral2.png
Tiles/SunkenSea/Ambient/TallDigitateCoral3.png
Tiles/SunkenSea/Ambient/TallDigitateCoral4.png
Projectiles/Pets/RotomPet.png
Projectiles/Summon/SmallAresArms/ArmPart2.png
Tiles/SunkenSea/Ambient/TubeCoral.png
Tiles/SunkenSea/Ambient/WallCoral.png
Tiles/SunkenSea/Ambient/WallCoralLeft.png
UI/ModeIndicator/ModeIndicator_Malice_Off.png
Tiles/SunkenSea/Ambient/WideScarletSeagrass.png
UI/ModeIndicator/ModeIndicator_Master.png
Items/Ammo/BubonicRound.png
UI/DialogueDisplay/Assets/DialogueArrow.png
Projectiles/Pets/RotomPetGlow.png
UI/ModeIndicator/ModeIndicator_Master_Border.png
Items/Ammo/CinderArrow.png
Items/Placeables/DraedonStructures/CagedLights/AgedBiolightItem.png
Items/Ammo/DryadsTear.png
Items/Placeables/DraedonStructures/CagedLights/AgedBlacklightItem.png
Items/Ammo/ElysianArrow.png
Items/Placeables/DraedonStructures/CagedLights/AgedCinderlightItem.png
Items/Ammo/FlashRound.png
Items/Placeables/DraedonStructures/CagedLights/AgedFlamelightItem.png
Items/Ammo/GodSlayerSlug.png
Items/Placeables/DraedonStructures/CagedLights/AgedFloodlightItem.png
Items/Ammo/HailstormBullet.png
Items/Ammo/HallowPointRound.png
Items/Placeables/DraedonStructures/CagedLights/AgedFrostlightItem.png
Items/Ammo/HolyFireBullet.png
Items/Placeables/DraedonStructures/CagedLights/AgedLablightItem.png
Items/Placeables/DraedonStructures/CagedLights/CagedBiolightItem.png
Items/Placeables/DraedonStructures/CagedLights/CagedBlacklightItem.png
Items/Placeables/DraedonStructures/CagedLights/CagedCinderlightItem.png
Items/Placeables/DraedonStructures/CagedLights/CagedFlamelightItem.png
Projectiles/Typeless/EnergyShell.png
Items/Placeables/DraedonStructures/CagedLights/CagedFloodlightItem.png
Items/Ammo/HyperiusBullet.png
Items/Placeables/DraedonStructures/CagedLights/CagedFrostlightItem.png
Items/Ammo/IcicleArrow.png
Items/Placeables/DraedonStructures/CagedLights/CagedLablightItem.png
Projectiles/Summon/SmallAresArms/ArmPart2Glowmask.png
Items/Ammo/MarksmanRound.png
Items/Placeables/DraedonStructures/CagedLights/MiniAgedBiolightItem.png
Items/Placeables/DraedonStructures/CagedLights/MiniAgedBlacklightItem.png
Items/Placeables/DraedonStructures/CagedLights/MiniAgedCinderlightItem.png
Items/Placeables/DraedonStructures/CagedLights/MiniAgedFlamelightItem.png
Items/Placeables/DraedonStructures/CagedLights/MiniAgedFloodlightItem.png
Projectiles/Summon/SmallAresArms/ArmTopShoulder.png
Items/Placeables/DraedonStructures/CagedLights/MiniAgedFrostlightItem.png
Items/Placeables/DraedonStructures/CagedLights/MiniAgedLablightItem.png
Items/Placeables/DraedonStructures/CagedLights/MiniCagedBiolightItem.png
Items/Placeables/DraedonStructures/CagedLights/MiniCagedBlacklightItem.png
Items/Placeables/DraedonStructures/CagedLights/MiniCagedCinderlightItem.png
Projectiles/Summon/SmallAresArms/ArmTopShoulderGlowmask.png
Projectiles/Pets/RotomWash.png
Items/Placeables/DraedonStructures/CagedLights/MiniCagedFlamelightItem.png
Projectiles/Summon/SmallAresArms/Arrow.png
Items/Placeables/DraedonStructures/CagedLights/MiniCagedFloodlightItem.png
Items/Placeables/DraedonStructures/CagedLights/MiniCagedFrostlightItem.png
Items/Placeables/DraedonStructures/CagedLights/MiniCagedLablightItem.png
Items/Placeables/Furniture/BossRelics/AquaticScourgeRelic.png
Items/Placeables/Furniture/BossRelics/AstrumAureusRelic.png
Items/Placeables/Furniture/BossRelics/AstrumDeusRelic.png
Items/Placeables/Furniture/BossRelics/BrimstoneElementalRelic.png
Items/Placeables/Furniture/BossRelics/CalamitasCloneRelic.png
Items/Placeables/Furniture/BossRelics/CalamitasRelic.png
Items/Placeables/Furniture/BossRelics/CeaselessVoidRelic.png
Projectiles/Pets/RotomWashGlow.png
Items/Placeables/Furniture/BossRelics/CrabulonRelic.png
Items/Placeables/Furniture/BossRelics/CragmawMireRelic.png
Items/Placeables/Furniture/BossRelics/CryogenRelic.png
Projectiles/Pets/SCalPet.png
UI/ModeIndicator/ModeIndicator_Master_Off.png
Items/Placeables/Furniture/BossRelics/DesertScourgeRelic.png
Projectiles/Pets/Sparks.png
Items/Placeables/Furniture/BossRelics/DevourerOfGodsRelic.png
Projectiles/Typeless/ExoTankHoverThrust.png
UI/ModeIndicator/ModeIndicator_Rev.png
Items/Placeables/Furniture/BossRelics/DraedonRelic.png
Projectiles/Pets/SparksBlue.png
Items/Placeables/Furniture/BossRelics/DragonfollyRelic.png
Projectiles/Typeless/ExoTankMissile.png
Projectiles/Pets/SparksGreen.png
Items/Placeables/Furniture/BossRelics/GiantClamRelic.png
UI/ModeIndicator/ModeIndicator_Rev_Border.png
Items/Placeables/Furniture/BossRelics/GreatSandSharkRelic.png
Projectiles/Typeless/ExoTankMissileGlow.png
Items/Placeables/Furniture/BossRelics/HiveMindRelic.png
Projectiles/Typeless/ExoTankMuzzleFlash.png
Projectiles/Typeless/FeralDoubleBobber.png
UI/ModeIndicator/ModeIndicator_Rev_Off.png
Projectiles/Pets/ThirdSage.png
Items/Placeables/Furniture/BossRelics/LeviathanAnahitaRelic.png
Items/Ammo/MortarRound.png
Items/Placeables/Furniture/BossRelics/MaulerRelic.png
Items/Ammo/RubberMortarRound.png
Projectiles/Pets/ToastyBatPet.png
Projectiles/Summon/SmallAresArms/ExoskeletonGaussNukeCannon.png
Projectiles/Typeless/FuckYou.png
UI/ResourceSets/HPChaliceBar.png
Projectiles/Typeless/FungalClumpMinion.png
Projectiles/Typeless/GemTechBlueGem.png
Projectiles/Typeless/GemTechGreenGem.png
Projectiles/Typeless/GemTechPinkGem.png
Projectiles/Typeless/GemTechPurpleGem.png
Projectiles/Typeless/GemTechRedGem.png
Projectiles/Typeless/GemTechYellowGem.png
Projectiles/Typeless/GodKiller.png
Projectiles/Typeless/GodKillerGlow.png
Projectiles/Typeless/HeronBobber.png
Projectiles/Typeless/JewelSpike.png
Projectiles/Typeless/KelvinCatalystStar.png
Projectiles/Typeless/Luxor.png
Projectiles/Typeless/LuxorsGiftClassless.png
Projectiles/Typeless/MagnusBeam.png
Projectiles/Typeless/Nanotech.png
Projectiles/Typeless/NavyBobber.png
Projectiles/Typeless/NebulaDust.png
UI/ResourceSets/HPChaliceBleedBar.png
Projectiles/Typeless/NebulaStar.png
Items/Ammo/SproutingArrow.png
UI/ResourceSets/HPChaliceBleedHeart.png
Items/Placeables/Furniture/BossRelics/NuclearTerrorRelic.png
Projectiles/Typeless/NebulaStarGlow.png
Items/Ammo/VanquisherArrow.png
Items/Placeables/Furniture/BossRelics/OldDukeRelic.png
Items/Ammo/VanquisherArrowGlow.png
Projectiles/Typeless/OmegaBlueTentacle.png
Items/Ammo/VeriumBolt.png
Projectiles/Typeless/OmegaBlueTentacleSegment1.png
Items/Placeables/Furniture/BossRelics/PerforatorsRelic.png
Items/Armor/ForbiddenCirclet.png
Projectiles/Typeless/OmegaBlueTentacleSegment2.png
Projectiles/Typeless/OmegaBlueTentacleSegment3.png
Items/Placeables/Furniture/BossRelics/PlaguebringerGoliathRelic.png
Projectiles/Typeless/OmegaBlueTentacleSegment4.png
Projectiles/Typeless/OmegaBlueTentacleSegment5.png
Projectiles/Typeless/PearlAuraShard.png
Items/Placeables/Furniture/BossRelics/PolterghastRelic.png
Projectiles/Typeless/PinkPearl.png
Items/Placeables/Furniture/BossRelics/ProfanedGuardiansRelic.png
Projectiles/Typeless/RelicOfConvergenceCrystal.png
NPCs/Providence/Glowmasks/ProvidenceAltGlow2.png
Items/Placeables/Furniture/BossRelics/ProvidenceRelic.png
Items/Placeables/Furniture/BossRelics/RavagerRelic.png
Items/Placeables/Furniture/BossRelics/SignusRelic.png
Items/Placeables/Furniture/BossRelics/SlimeGodRelic.png
Projectiles/Typeless/RelicOfDeliveranceSpear.png
Projectiles/Typeless/RiftReelerBobber.png
Projectiles/Typeless/SandBallAstral.png
Projectiles/Typeless/SandBallDune.png
Projectiles/Typeless/SandBallEutrophic.png
Projectiles/Typeless/SandBallPolyp.png
Items/Armor/ForbiddenCirclet_Head.png
Projectiles/Typeless/SandBallSulphurous.png
Projectiles/Typeless/SandBallVolcanic.png
Items/Critters/AndroombaItem.png
Items/Critters/BabyCannonballJellyfishItem.png
Items/Critters/BabyFlakCrabItem.png
Items/Critters/BabyGhostBellItem.png
Items/Critters/NanodroidDysfunctionalItem.png
Items/Critters/NanodroidItem.png
Items/Critters/NanodroidPlagueGreenItem.png
Items/Critters/NanodroidPlagueRedItem.png
Items/Critters/PiggyItem.png
Items/Critters/RepairUnitItem.png
Items/Critters/SeaMinnowItem.png
Items/Critters/ShroombleItem.png
Projectiles/Summon/SmallAresArms/ExoskeletonGaussNukeCannonGlowmask.png
Items/Critters/TwinklerItem.png
Projectiles/Summon/SmallAresArms/ExoskeletonGaussNukeCore.png
Projectiles/Summon/SmallAresArms/ExoskeletonGaussNukeCrystal.png
Projectiles/Summon/SmallAresArms/ExoskeletonGaussNukeStabilizer.png
Projectiles/Summon/SmallAresArms/ExoskeletonGaussNukeStabilizerBottom.png
Items/DraedonMisc/AdvancedDisplay.png
Items/DraedonMisc/AuricQuantumCoolingCell.png
Items/DraedonMisc/CodebreakerBase.png
Items/DraedonMisc/DecryptionComputer.png
Items/DraedonMisc/DraedonPowerCell.png
Items/DraedonMisc/DraedonsLogHell.png
Projectiles/Summon/SmallAresArms/ExoskeletonLaserCannon.png
UI/ResourceSets/HPChaliceHeart.png
Items/DraedonMisc/DraedonsLogJungle.png
UI/ResourceSets/HPMiracleFruitBar.png
Items/DraedonMisc/DraedonsLogPlanetoid.png
UI/ResourceSets/HPMiracleFruitHeart.png
UI/ResourceSets/HPSacredStrawberryBar.png
Items/DraedonMisc/DraedonsLogSnowBiome.png
Items/DraedonMisc/DraedonsLogSunkenSea.png
Items/DraedonMisc/EncryptedSchematicHell.png
Items/DraedonMisc/EncryptedSchematicIce.png
Items/DraedonMisc/EncryptedSchematicJungle.png
UI/ResourceSets/HPSacredStrawberryHeart.png
Items/DraedonMisc/EncryptedSchematicPlanetoid.png
UI/ResourceSets/HPSanguineTangerineBar.png
Items/DraedonMisc/EncryptedSchematicSunkenSea.png
UI/ResourceSets/HPSanguineTangerineHeart.png
UI/ResourceSets/HPTaintedCloudberryBar.png
UI/ResourceSets/HPTaintedCloudberryHeart.png
Items/DraedonMisc/LongRangedSensorArray.png
Items/DraedonMisc/VoltageRegulationSystem.png
Items/Dyes/AcidRainDye.png
Items/Dyes/AerialiteDye.png
UI/ResourceSets/MPCometShardBar.png
Items/Dyes/AstralBlueDye.png
UI/ResourceSets/MPCometShardStar.png
Items/Dyes/AstralDye.png
Items/Dyes/AstralOrangeDye.png
UI/ResourceSets/MPEtherealCoreBar.png
Items/Dyes/AstralSwirlDye.png
Items/Dyes/AuricDye.png
UI/ResourceSets/MPEtherealCoreStar.png
Items/Dyes/BloodflareDye.png
UI/ResourceSets/MPManaBurnBar.png
Items/Dyes/BlueCosmicFlameDye.png
UI/ResourceSets/MPManaBurnStar.png
Items/Dyes/BlueStatigelDye.png
UI/ResourceSets/MPPhantomHeartBar.png
Items/Dyes/BrimflameDye.png
UI/ResourceSets/MPPhantomHeartStar.png
Items/Dyes/CalamitousDye.png
Items/Dyes/CeaselessDye.png
UI/Rippers/AdrenalineBar.png
Items/Dyes/CosmiliteDye.png
Items/Dyes/CryonicDye.png
Items/Dyes/DaedalusDye.png
Items/Dyes/DefiledFlameDye.png
Items/Dyes/DragonSoulDye.png
Items/Dyes/ElementalDye.png
Items/Dyes/EndothermicDye.png
Items/Dyes/ExoDye.png
Items/Dyes/InvisibleDye.png
Items/Dyes/LivingShardDye.png
Items/Dyes/MeldDye.png
Items/Dyes/NecromanticDye.png
Items/Dyes/NecroplasmicDye.png
Items/Dyes/NightmareDye.png
Items/Dyes/PinkCosmicFlameDye.png
Items/Dyes/PinkStatigelDye.png
Items/Dyes/PlagueGooDye.png
Items/Placeables/Furniture/BossRelics/StormWeaverRelic.png
Items/Dyes/PlaguePlateDye.png
Items/Dyes/ProfanedCrystalDye.png
Items/Placeables/Furniture/BossRelics/YharonRelic.png
Items/Dyes/ProfanedFlameDye.png
Items/Dyes/ProfanedMoonlightDye.png
Items/Placeables/Furniture/CraftingStations/AltarOfTheAccursedItem.png
Items/Placeables/Furniture/CraftingStations/AshenAltar.png
Items/Dyes/ProfanedRockDye.png
Items/Dyes/ReaverDye.png
Items/Placeables/Furniture/CraftingStations/CosmicAnvilItem.png
Items/Dyes/ScoriaDye.png
Items/Dyes/ShadowspecDye.png
Items/Placeables/Furniture/CraftingStations/DraedonsForge.png
Items/Dyes/SilvaDye.png
Items/Placeables/Furniture/CraftingStations/PlagueInfuser.png
Items/Dyes/SlimeGodDye.png
Items/Placeables/Furniture/CraftingStations/ProfanedCrucible.png
Items/Placeables/Furniture/CraftingStations/VoidCondenser.png
Items/Placeables/Furniture/Fountains/AbyssFountainItem.png
Items/Placeables/Furniture/Fountains/AstralFountainItem.png
Items/Dyes/StratusDye.png
Projectiles/Summon/SmallAresArms/ExoskeletonLaserCannonGlowmask.png
Items/Placeables/Furniture/Fountains/BrimstoneLavaFountainItem.png
Items/Dyes/SwirlingCosmicFlameDye.png
Items/Dyes/TarragonDye.png
UI/Rippers/AdrenalineBarBorder.png
Items/Placeables/Furniture/Fountains/SulphurousFountainItem.png
Items/Dyes/WulfrumDye.png
Items/Placeables/Furniture/Fountains/SunkenSeaFountain.png
Projectiles/Summon/SmallAresArms/ExoskeletonPanel.png
Items/Placeables/Furniture/Monoliths/AstralProjector.png
Items/Fishing/EnchantedStarfish.png
Items/Placeables/Furniture/Monoliths/BlueDistortedMonolith.png
Items/Placeables/Furniture/Monoliths/BossRushMonolith.png
Items/Fishing/FishofEleum.png
Projectiles/Summon/SmallAresArms/ExoskeletonPanelGauss.png
Items/Placeables/Furniture/Monoliths/DeepSeaAnchor.png
Items/Fishing/FishofFlight.png
Items/Placeables/Furniture/Monoliths/DraconicIncense.png
Items/Placeables/Furniture/Monoliths/EldenDiorama.png
Projectiles/Typeless/SandCloakVeil.png
Items/Placeables/Furniture/Monoliths/ExoObelisk.png
Projectiles/Typeless/ScionsCurioMini.png
Projectiles/Summon/SmallAresArms/ExoskeletonPanelLaser.png
Projectiles/Typeless/Seashell.png
ExtraTextures/GreyscaleGradients/Swirls.png
Items/Placeables/Furniture/Monoliths/FrigidMonolith.png
Projectiles/Typeless/SepulcherSoul.png
Projectiles/Typeless/SerpentsBiteChain.png
Items/Placeables/Furniture/Monoliths/PlagueHumidifier.png
Projectiles/Typeless/SerpentsBiteHook.png
Projectiles/Typeless/ShadeNimbusRain.png
Items/Placeables/Furniture/Monoliths/PurpleDistortedMonolith.png
Projectiles/Summon/SmallAresArms/ExoskeletonPanelPlasma.png
UI/Rippers/AdrenalineBarBorderFull.png
Items/Placeables/Furniture/Paintings/CalamityCanvas.png
UI/Rippers/AdrenalineDisplay_Ectoheart.png
Projectiles/Typeless/SkyFlareFriendly.png
Projectiles/Typeless/SlurperBobber.png
Items/Placeables/Furniture/Paintings/ForgivenessPainting.png
Items/Placeables/Furniture/Paintings/ThankYouPainting.png
Items/Placeables/Furniture/Trophies/AnahitaTrophy.png
Projectiles/Summon/SmallAresArms/ExoskeletonPanelTesla.png
Items/Placeables/Furniture/Trophies/ApolloTrophy.png
Projectiles/Typeless/SpiritOriginBossBullseye.png
Items/Placeables/Furniture/Trophies/AquaticScourgeTrophy.png
Items/Fishing/GlimmeringGemfish.png
Projectiles/Typeless/SpiritOriginRegularBullseye.png
Items/Placeables/Furniture/Trophies/AresTrophy.png
Items/Placeables/Furniture/Trophies/ArtemisTrophy.png
Items/Fishing/Gorecodile.png
Items/Placeables/Furniture/Trophies/AstrumAureusTrophy.png
Items/Fishing/GrandMarquisBait.png
Items/Placeables/Furniture/Trophies/AstrumDeusTrophy.png
Items/Fishing/Spadefish.png
Items/Placeables/Furniture/Trophies/BrimstoneElementalTrophy.png
Items/Fishing/StuffedFish.png
Items/Fishing/SunbeamFish.png
Items/LabFinders/CyanSeekingMechanism.png
Items/LabFinders/GreenSeekingMechanism.png
Items/Placeables/Furniture/Trophies/CalamitasCloneTrophy.png
Items/LabFinders/LabSeekingMechanism.png
Items/Placeables/Furniture/Trophies/CataclysmTrophy.png
Items/LabFinders/OnyxSeekingMechanism.png
Items/Placeables/Furniture/Trophies/CatastropheTrophy.png
Items/Placeables/Furniture/Trophies/CeaselessVoidTrophy.png
Items/Placeables/Furniture/Trophies/CrabulonTrophy.png
Items/Placeables/Furniture/Trophies/CragmawMireTrophy.png
Items/LabFinders/RedSeekingMechanism.png
Items/Placeables/Furniture/Trophies/CryogenTrophy.png
Items/LabFinders/WhiteSeekingMechanism.png
Items/Placeables/Furniture/Trophies/DesertScourgeTrophy.png
Items/Placeables/Furniture/Trophies/DevourerofGodsTrophy.png
Projectiles/Typeless/StratusBlackHole.png
Items/Placeables/Furniture/Trophies/DragonfollyTrophy.png
Items/LabFinders/YellowSeekingMechanism.png
Items/Placeables/Furniture/Trophies/GiantClamTrophy.png
Items/LoreItems/LoreAbyss.png
Items/Placeables/Furniture/Trophies/GreatSandSharkTrophy.png
Items/LoreItems/LoreAquaticScourge.png
Items/Placeables/Furniture/Trophies/HiveMindTrophy.png
Items/LoreItems/LoreArchmage.png
Items/Placeables/Furniture/Trophies/LeviathanTrophy.png
Items/LoreItems/LoreAstralInfection.png
Projectiles/Summon/SmallAresArms/ExoskeletonPlasmaCannon.png
Items/Placeables/Furniture/Trophies/MaulerTrophy.png
Items/LoreItems/LoreAstrumAureus.png
Items/Placeables/Furniture/Trophies/NuclearTerrorTrophy.png
Items/LoreItems/LoreAstrumDeus.png
Items/Placeables/Furniture/Trophies/OldDukeTrophy.png
Items/LoreItems/LoreAwakening.png
Items/Placeables/Furniture/Trophies/PerforatorTrophy.png
Items/LoreItems/LoreAzafure.png
Items/LoreItems/LoreBloodMoon.png
Items/LoreItems/LoreBrainofCthulhu.png
Items/LoreItems/LoreBrimstoneElemental.png
UI/Rippers/AdrenalineDisplay_ElectrolyteGelPack.png
Items/LoreItems/LoreCalamitas.png
UI/Rippers/AdrenalineDisplay_StarlightFuelCell.png
Items/LoreItems/LoreCalamitasClone.png
Items/Placeables/Furniture/Trophies/PlaguebringerGoliathTrophy.png
Items/LoreItems/LoreCeaselessVoid.png
Items/Placeables/Furniture/Trophies/PolterghastTrophy.png
Items/LoreItems/LoreCorruption.png
Items/LoreItems/LoreCrabulon.png
Items/LoreItems/LoreCrimson.png
Projectiles/Typeless/SuicideBomberDemon.png
Items/LoreItems/LoreCynosure.png
Projectiles/Summon/SmallAresArms/ExoskeletonPlasmaCannonGlowmask.png
Items/LoreItems/LoreDesertScourge.png
Items/LoreItems/LoreDestroyer.png
Items/Placeables/Furniture/Trophies/ProfanedGuardianTrophy.png
Items/LoreItems/LoreDevourerofGods.png
Items/Placeables/Furniture/Trophies/ProvidenceTrophy.png
Items/LoreItems/LoreDragonfolly.png
Items/LoreItems/LoreDukeFishron.png
Items/LoreItems/LoreEaterofWorlds.png
Items/Placeables/Furniture/Trophies/RavagerTrophy.png
Items/LoreItems/LoreEmpressofLight.png
Items/LoreItems/LoreExoMechs.png
Items/LoreItems/LoreEyeofCthulhu.png
Items/Placeables/Furniture/Trophies/SignusTrophy.png
Items/LoreItems/LoreGolem.png
Items/LoreItems/LoreHiveMind.png
Items/Placeables/Furniture/Trophies/SlimeGodTrophy.png
Items/LoreItems/LoreKingSlime.png
Items/Placeables/Furniture/Trophies/SupremeCalamitasTrophy.png
Items/LoreItems/LoreLeviathanAnahita.png
Items/LoreItems/LoreMechs.png
Items/LoreItems/LoreOldDuke.png
Items/LoreItems/LorePerforators.png
Items/LoreItems/LorePlaguebringerGoliath.png
Items/LoreItems/LorePlantera.png
Items/LoreItems/LorePolterghast.png
Items/Placeables/Furniture/Trophies/SupremeCataclysmTrophy.png
Items/LoreItems/LorePrelude.png
Items/Placeables/Furniture/Trophies/SupremeCatastropheTrophy.png
Items/LoreItems/LoreProfanedGuardians.png
Items/Placeables/Furniture/Trophies/ThanatosTrophy.png
Items/LoreItems/LoreProvidence.png
Projectiles/Typeless/SuicideBomberDemonFriendly.png
NPCs/AstrumAureus/AstrumAureusRecharge.png
Items/Placeables/Furniture/Trophies/WeaverTrophy.png
Items/Placeables/Furniture/Trophies/YharonTrophy.png
Items/Placeables/FurnitureNavystone/FurnitureAncientNavystone/AncientNavystoneBathtub.png
Items/Placeables/FurnitureNavystone/FurnitureAncientNavystone/AncientNavystoneBed.png
Items/Placeables/FurnitureNavystone/FurnitureAncientNavystone/AncientNavystoneBench.png
Projectiles/Summon/SmallAresArms/ExoskeletonTeslaCannon.png
UI/DraedonLogs/DraedonsLogDoGArmor.png
Projectiles/Typeless/SuicideBomberDemonGlowmask.png
UI/Rippers/AdrenalineFullAnimation.png
UI/Rippers/DraedonAdrenalineBar.png
Projectiles/Pets/YharonSonPet.png
Projectiles/Ranged/AcidRocket.png
Items/Placeables/FurnitureNavystone/FurnitureAncientNavystone/AncientNavystoneBookcase.png
Items/LoreItems/LoreQueenBee.png
Items/LoreItems/LoreQueenSlime.png
Items/Placeables/FurnitureNavystone/FurnitureAncientNavystone/AncientNavystoneCandelabra.png
Items/LoreItems/LoreRavager.png
Items/Placeables/FurnitureNavystone/FurnitureAncientNavystone/AncientNavystoneCandle.png
Items/LoreItems/LoreRequiem.png
Items/Placeables/FurnitureNavystone/FurnitureAncientNavystone/AncientNavystoneChair.png
Items/LoreItems/LoreSignus.png
Items/LoreItems/LoreSkeletron.png
Items/LoreItems/LoreSkeletronPrime.png
Items/Placeables/FurnitureNavystone/FurnitureAncientNavystone/AncientNavystoneChandelier.png
Projectiles/Ranged/AdamAcceleratorBeam.png
Items/LoreItems/LoreSlimeGod.png
Items/Placeables/FurnitureNavystone/FurnitureAncientNavystone/AncientNavystoneChest.png
Projectiles/Ranged/AMRShot.png
Items/LoreItems/LoreStormWeaver.png
Items/Placeables/FurnitureNavystone/FurnitureAncientNavystone/AncientNavystoneClock.png
Projectiles/Ranged/AnimosityBullet.png
Items/LoreItems/LoreSulphurSea.png
Items/Placeables/FurnitureNavystone/FurnitureAncientNavystone/AncientNavystoneDoor.png
Items/Placeables/FurnitureNavystone/FurnitureAncientNavystone/AncientNavystoneDresser.png
Items/Placeables/FurnitureNavystone/FurnitureAncientNavystone/AncientNavystoneLamp.png
Items/Placeables/FurnitureNavystone/FurnitureAncientNavystone/AncientNavystoneLantern.png
Projectiles/Summon/SmallAresArms/ExoskeletonTeslaCannonGlowmask.png
Items/Placeables/FurnitureNavystone/FurnitureAncientNavystone/AncientNavystonePiano.png
Items/Placeables/FurnitureNavystone/FurnitureAncientNavystone/AncientNavystonePlatform.png
Items/Placeables/FurnitureNavystone/FurnitureAncientNavystone/AncientNavystoneSink.png
Projectiles/Summon/SmallAresArms/MinionGaussNuke.png
Items/Placeables/FurnitureNavystone/FurnitureAncientNavystone/AncientNavystoneTable.png
Items/Placeables/FurnitureNavystone/FurnitureAncientNavystone/AncientNavystoneWorkBench.png
Items/LoreItems/LoreTwins.png
Items/Placeables/FurnitureNavystone/FurnitureAncientNavystone/AncientSmoothNavystone.png
Items/LoreItems/LoreUnderworld.png
Items/Placeables/FurnitureNavystone/FurnitureAncientNavystone/EutrophicShelf.png
Items/LoreItems/LoreWallofFlesh.png
Items/LoreItems/LoreYharon.png
Items/Materials/AerialiteBar.png
Items/Materials/AncientBoneDust.png
Items/Materials/AnodizedWulfrumMetal.png
Items/Materials/ArmoredShell.png
Items/Placeables/FurnitureWulfrum/FurnitureAnodizedWulfrum/AnodizedWulfrumBathtub.png
Items/Materials/AscendantSpiritEssence.png
Items/Placeables/FurnitureWulfrum/FurnitureAnodizedWulfrum/AnodizedWulfrumBookcase.png
Items/Placeables/FurnitureWulfrum/FurnitureAnodizedWulfrum/AnodizedWulfrumChair.png
Items/Placeables/FurnitureWulfrum/FurnitureAnodizedWulfrum/AnodizedWulfrumChandelier.png
Items/Materials/AscendantSpiritEssenceGlow.png
Items/Placeables/FurnitureWulfrum/FurnitureAnodizedWulfrum/AnodizedWulfrumChest.png
Items/Placeables/FurnitureWulfrum/FurnitureAnodizedWulfrum/AnodizedWulfrumClock.png
Items/Placeables/FurnitureWulfrum/FurnitureAnodizedWulfrum/AnodizedWulfrumDeskLight.png
Items/Placeables/FurnitureWulfrum/FurnitureAnodizedWulfrum/AnodizedWulfrumDoor.png
Items/Placeables/FurnitureWulfrum/FurnitureAnodizedWulfrum/AnodizedWulfrumDresser.png
Items/Placeables/FurnitureWulfrum/FurnitureAnodizedWulfrum/AnodizedWulfrumJukebox.png
Items/Placeables/FurnitureWulfrum/FurnitureAnodizedWulfrum/AnodizedWulfrumLamp.png
Items/Placeables/FurnitureWulfrum/FurnitureAnodizedWulfrum/AnodizedWulfrumLantern.png
Items/Placeables/FurnitureWulfrum/FurnitureAnodizedWulfrum/AnodizedWulfrumSink.png
Items/Placeables/FurnitureWulfrum/FurnitureAnodizedWulfrum/AnodizedWulfrumSleepingPod.png
Items/Placeables/FurnitureWulfrum/FurnitureAnodizedWulfrum/AnodizedWulfrumSofa.png
Items/Placeables/FurnitureWulfrum/FurnitureAnodizedWulfrum/AnodizedWulfrumTable.png
Items/Placeables/FurnitureWulfrum/FurnitureAnodizedWulfrum/AnodizedWulfrumToilet.png
Items/Placeables/FurnitureWulfrum/FurnitureAnodizedWulfrum/AnodizedWulfrumWorkBench.png
Items/Placeables/Walls/DraedonStructures/HazardChevronWall.png
Items/Placeables/Walls/DraedonStructures/LaboratoryPanelWall.png
Items/Placeables/Walls/DraedonStructures/LaboratoryPlateBeam.png
NPCs/Providence/Glowmasks/ProvidenceGlow.png
Items/Placeables/Walls/DraedonStructures/LaboratoryPlatePillar.png
Items/Placeables/Walls/DraedonStructures/LaboratoryPlatingWall.png
Items/Placeables/Walls/DraedonStructures/RustedPlateBeam.png
Items/Placeables/Walls/DraedonStructures/RustedPlatePillar.png
Items/Placeables/Walls/DraedonStructures/RustedPlatingWall.png
NPCs/Providence/ProvidenceAlt.png
Projectiles/Ranged/AquaBlast.png
Projectiles/Ranged/Aquashard.png
Projectiles/Ranged/AquashardSplit.png
Projectiles/Ranged/AstralRound.png
Projectiles/Ranged/AstralSandgun.png
Projectiles/Ranged/AstrealArrow.png
Projectiles/Typeless/SuicideBomberDemonGlowmaskFriendly.png
Projectiles/Ranged/AuricBullet.png
Projectiles/Ranged/BallistaGreatArrow.png
Projectiles/Ranged/BarinadeArrow.png
Projectiles/Ranged/BeeRPG.png
UI/Rippers/DraedonAdrenalineFullAnimation.png
UI/Rippers/RageBar.png
UI/Rippers/RageBarBorder.png
UI/Rippers/RageDisplay_InfernalBlood.png
UI/Rippers/RageDisplay_MushroomPlasmaRoot.png
UI/Rippers/RageDisplay_RedLightningContainer.png
Projectiles/Summon/SmallAresArms/MinionPlasmaGas.png
Projectiles/Summon/Umbrella/MagicArrow.png
Projectiles/Summon/Umbrella/MagicAxe.png
Projectiles/Typeless/SuicideBomberDemonOrb.png
NPCs/Providence/Glowmasks/ProvidenceAltGlowNight.png
Items/Materials/AshesofAnnihilation.png
Items/Materials/AshesofCalamity.png
Items/Materials/AstralBar.png
Projectiles/Typeless/SuicideBomberDemonOrbFriendly.png
Items/Materials/AuricBar.png
Items/Materials/AuricBar_Glow.png
Items/Materials/BlightedGel.png
Items/Materials/BlightedGelRed.png
Items/Materials/BloodOrb.png
Projectiles/Summon/Umbrella/MagicBird.png
Items/Materials/Bloodstone.png
Projectiles/Summon/Umbrella/MagicBullet.png
Items/Materials/BloodstoneCore.png
Projectiles/Summon/Umbrella/MagicBulletBig.png
Items/Materials/CoreofCalamity.png
Projectiles/Summon/Umbrella/MagicBunny.png
Items/Materials/CoreofCalamityGlow.png
Projectiles/Summon/Umbrella/MagicHammer.png
Items/Materials/CorrodedFossil.png
Projectiles/Summon/Umbrella/MagicHat.png
Projectiles/Summon/Umbrella/MagicHatInvis.png
Projectiles/Summon/Umbrella/MagicRifle.png
Projectiles/Summon/Umbrella/MagicUmbrella.png
Projectiles/Summon/Umbrella/TreeAstral.png
Projectiles/Summon/Umbrella/TreeCorruption.png
Items/Materials/CosmiliteBar.png
Items/Materials/CryonicBar.png
NPCs/AstrumDeus/AstrumDeusBodyAltGlow.png
NPCs/AstrumDeus/AstrumDeusBodyAltGlow2.png
NPCs/AstrumDeus/AstrumDeusBodyAltGlowFlash.png
NPCs/AstrumDeus/AstrumDeusBodyAltSpectral.png
Projectiles/Ranged/BlightFlames.png
Projectiles/Ranged/BlissfulBombardierSplitProjectile.png
Projectiles/Ranged/BloodClotFriendly.png
UI/Rippers/RageFullAnimation.png
Projectiles/Ranged/BloodfireBulletProj.png
UI/SulphurousWaterMeter/SulphWaterBar.png
UI/SulphurousWaterMeter/SulphWaterMeter.png
Projectiles/Summon/Umbrella/TreeCrimson.png
NPCs/AstrumDeus/AstrumDeusBodyGlow.png
UI/UnstableCastersGauntlet/VisMeter.png
Projectiles/Ranged/BloodflareSoul.png
Projectiles/Ranged/BoltArrow.png
NPCs/AstrumDeus/AstrumDeusBodyGlow2.png
Projectiles/Ranged/BrimstoneBallFriendly.png
Projectiles/Ranged/BubonicRoundProj.png
UI/UnstableCastersGauntlet/VisMeterBorder.png
Utilities/Daybreak/README.txt
Projectiles/Summon/Umbrella/TreeForest.png
NPCs/AstrumDeus/AstrumDeusBodyGlow3.png
NPCs/AstrumDeus/AstrumDeusBodyGlow4.png
NPCs/AstrumDeus/AstrumDeusBodyGlowFlash.png
NPCs/AstrumDeus/AstrumDeusBodyGlowFlash2.png
NPCs/AstrumDeus/AstrumDeusHead.png
NPCs/AstrumDeus/AstrumDeusHeadGlow.png
NPCs/AstrumDeus/AstrumDeusHeadGlow2.png
Projectiles/Ranged/BuzzkillHoldout.png
NPCs/AstrumDeus/AstrumDeusHeadGlow3.png
Projectiles/Ranged/BuzzkillSaw.png
NPCs/AstrumDeus/AstrumDeusHeadGlow4.png
NPCs/AstrumDeus/AstrumDeusHeadGlowFlash2.png
NPCs/AstrumDeus/AstrumDeusHead_Head_Boss.png
NPCs/AstrumDeus/AstrumDeusTail.png
Projectiles/Ranged/BuzzkillSawLargeSlash.png
Projectiles/Ranged/BuzzkillSawSmallSlash.png
Projectiles/Ranged/CardClub.png
Projectiles/Ranged/CardClubSplit.png
Projectiles/Ranged/CardDiamond.png
Projectiles/Ranged/CardHeart.png
Projectiles/Ranged/CardSpade.png
Projectiles/Ranged/ChickenCannonHeld.png
Projectiles/Ranged/ChickenRocket.png
Projectiles/Ranged/ChromaticEruptionHoldout.png
Projectiles/Ranged/ChromaticEruptionHoldoutGlow.png
Projectiles/Ranged/ClamorRifleProj.png
Projectiles/Ranged/CondemnationArrow.png
Projectiles/Ranged/ContagionArrow.png
Projectiles/Ranged/ContagionBall.png
Projectiles/Ranged/CorinthPrimeAirburstGrenade.png
Projectiles/Ranged/CorrodedShell.png
Projectiles/Ranged/DaemonsFlameArrow.png
Projectiles/Ranged/DaemonsFlameBow.png
Projectiles/Ranged/DaemonsFlameBowGlow.png
Projectiles/Ranged/DragonsBreathMag.png
Projectiles/Summon/Umbrella/TreeHallow.png
NPCs/AstrumDeus/AstrumDeusTailGlow.png
Projectiles/Ranged/DrataliornusFlame.png
ExtraTextures/GreyscaleGradients/TechyNoise.png
NPCs/AstrumDeus/AstrumDeusTailGlow2.png
Projectiles/Ranged/DrizzlefishFire.png
NPCs/AstrumDeus/AstrumDeusTailGlowFlash.png
Projectiles/Ranged/DrizzlefishFire2.png
Projectiles/Ranged/DryadsTearMain.png
Projectiles/Ranged/DryadsTearSplit.png
Projectiles/Ranged/EmesisGore.png
ExtraTextures/GreyscaleGradients/TestTexture.png
Projectiles/Ranged/ExoCrystalArrow.png
Projectiles/Ranged/FishronRPG.png
ExtraTextures/GreyscaleGradients/TestTextureTall.png
Projectiles/Ranged/FlareBat.png
Projectiles/Ranged/FlashRoundProj.png
Projectiles/Ranged/FlurrystormCannonShooting.png
Projectiles/Ranged/FlurrystormIceChunk.png
Projectiles/Ranged/FlurrystormIceShard.png
Projectiles/Ranged/FossilShard.png
Projectiles/Ranged/FreedomStarBeam.png
NPCs/AstrumDeus/AstrumDeus_BossChecklist.png
Projectiles/Ranged/FreedomStarHoldout.png
Projectiles/Ranged/FungiOrb.png
Projectiles/Ranged/GemTechGreenFlechette.png
Tiles/SunkenSea/SeaPrism_Blue.png
Projectiles/Ranged/GodSlayerSlugBlue.png
Projectiles/Ranged/GodSlayerSlugPurple.png
Projectiles/Ranged/HailstormBulletProj.png
Projectiles/Ranged/HallowPointRoundProj.png
Projectiles/Ranged/HandheldTankShell.png
NPCs/BrimstoneElemental/Brimling.png
Projectiles/Ranged/HeavenlyGaleProj.png
NPCs/VanillaNPCAIOverrides/Bosses/BrainOfCthulhu/FalseBrain.png
Projectiles/Summon/Umbrella/TreeJungle.png
Projectiles/Ranged/HeavenlyGaleProjGlow.png
Projectiles/Ranged/HellbornProj.png
Projectiles/Ranged/HellbornShell.png
Projectiles/Ranged/HiveMissile.png
Projectiles/Ranged/HiveNuke.png
Projectiles/Ranged/HolyFireBulletProj.png
Projectiles/Ranged/HydraHeadChain.png
Projectiles/Ranged/HyperiusBulletProj.png
NPCs/VanillaNPCAIOverrides/Bosses/BrainOfCthulhu/ReferenceBrainOfCthulhu.png
Projectiles/Summon/Umbrella/TreeOcean.png
Particles/FadeStreak.png
Particles/FakeDust.png
Particles/FakeDustBig.png
Walls/DraedonStructures/HazardChevronWall.png
Projectiles/Summon/Umbrella/TreeSnow.png
Projectiles/Ranged/KingsbaneWindUp.png
Projectiles/Ranged/LeafArrow.png
Projectiles/Summon/Umbrella/TreeSulphurousSea.png
Projectiles/Ranged/LeviatitanMeteor.png
NPCs/Providence/Glowmasks/ProvidenceGlow2.png
Walls/DraedonStructures/LaboratoryPanelWall.png
Projectiles/Ranged/LunarBolt.png
Sounds/Custom/AbilitySounds/AdrenalineActivate.ogg
Particles/FancyStars.png
Sounds/Custom/AbilitySounds/AngelicAllianceActivation.ogg
Sounds/Custom/AbilitySounds/BloodflareRangerActivation.ogg
Sounds/Custom/AbilitySounds/BloodflareRangerRecharge.ogg
Sounds/Custom/AbilitySounds/BrimflameAbility.ogg
Sounds/Custom/AbilitySounds/BrimflameRecharge.ogg
Sounds/Custom/AbilitySounds/ChaosStateOver.ogg
Sounds/Custom/AbilitySounds/DarklightEnergyCharged.ogg
Sounds/Custom/AbilitySounds/DemonshadeEnrage.ogg
Sounds/Custom/AbilitySounds/DesertProwlerCDReset.ogg
Walls/DraedonStructures/LaboratoryPlateBeam.png
Sounds/Custom/AbilitySounds/DesertProwlerSmokeBomb.ogg
Sounds/Custom/AbilitySounds/DesertProwlerSmokeBombEnd.ogg
Sounds/Custom/AbilitySounds/DesertProwlerSmokeBombReload.ogg
Sounds/Custom/AbilitySounds/FullAdrenaline.ogg
Sounds/Custom/AbilitySounds/FullRage.ogg
NPCs/AstrumAureus/AstrumAureusStomp.png
Sounds/Custom/AbilitySounds/NanomachinesActivate.ogg
Sounds/Custom/AbilitySounds/OmegaBlueAbility.ogg
Projectiles/Typeless/TeslaAura.png
Sounds/Custom/AbilitySounds/OmegaBlueRecharge.ogg
Projectiles/Typeless/VerstaltiteBobber.png
Sounds/Custom/AbilitySounds/PlagueReaperAbility.ogg
Sounds/Custom/AbilitySounds/PlagueReaperRecharge.ogg
Projectiles/Typeless/VoidFieldGenerator.png
Sounds/Custom/AbilitySounds/PotionSicknessOver.ogg
Projectiles/Typeless/VoidFieldGenerator_Glow.png
Projectiles/Typeless/WhitePearl.png
Sounds/Custom/AbilitySounds/RageActivate.ogg
Projectiles/Typeless/WulfrumBobber.png
Particles/Fire.png
Sounds/Custom/AbilitySounds/RageEnd.ogg
Projectiles/Typeless/WulfrumDiggingTurtle_Gear.png
Projectiles/Typeless/WulfrumDiggingTurtle_SmallGear.png
Sounds/Custom/AbilitySounds/SilvaActivation.ogg
Particles/FireTypeParticle.png
Projectiles/Typeless/WulfrumHook.png
Sounds/Custom/AbilitySounds/SilvaDispel.ogg
Sounds/Custom/AbilitySounds/WulfrumBastionActivate.ogg
Sounds/Custom/AbilitySounds/WulfrumBastionBreak.ogg
Sounds/Custom/AbilitySounds/WulfrumBastionBreakSafely.ogg
Sounds/Custom/AbilitySounds/WulfrumBastionRecharge.ogg
Sounds/Custom/AstrumAureus/AstrumAureusSpawn.ogg
Sounds/Custom/AstrumAureus/AureusJump.ogg
Sounds/Custom/AstrumAureus/AureusShoot.ogg
Sounds/Custom/AstrumAureus/AureusShootCrystal.ogg
Walls/DraedonStructures/LaboratoryPlatePillar.png
Sounds/Custom/AstrumAureus/AureusTeleport.ogg
Sounds/Custom/AstrumAureus/LegStomp.ogg
Sounds/Custom/AstrumDeus/AstrumDeusGodRay.ogg
Projectiles/Ranged/LuxorsGiftRanged.png
Projectiles/Ranged/M1GarandBulletCasing.png
Projectiles/Ranged/M1GarandEmptyClip.png
NPCs/BrimstoneElemental/BrimstoneElemental.png
NPCs/BrimstoneElemental/BrimstoneElemental_Head_Boss.png
Projectiles/Ranged/M1GarandHoldout.png
Projectiles/Ranged/M1GarandHoldoutGlow.png
Projectiles/Ranged/M1GarandMuzzleFlash.png
Projectiles/Ranged/M1GarandPingText.png
Projectiles/Ranged/MagnaShot.png
Sounds/Custom/AstrumDeus/AstrumDeusLaser.ogg
Projectiles/Ranged/MagnomalyRocket.png
Projectiles/Ranged/MechanicalBarracuda.png
Projectiles/Ranged/MeowCreature.png
Projectiles/Ranged/MineralMortarProjectile.png
Projectiles/Ranged/MiniatureFolly.png
Projectiles/Ranged/MiniSharkron.png
Projectiles/Ranged/MistArrow.png
Projectiles/Ranged/MistArrowFrostMist.png
Walls/DraedonStructures/LaboratoryPlatingWall.png
Sounds/Custom/AbyssDrown.ogg
Projectiles/Ranged/MistArrowFrostMist2.png
Projectiles/Ranged/MistArrowFrostMist3.png
Sounds/Custom/AbyssGravelMine1.ogg
Projectiles/Ranged/NeedlerProj.png
Sounds/Custom/AbyssGravelMine2.ogg
Sounds/Custom/AbyssGravelMine3.ogg
Projectiles/Ranged/NorfleetGhost.png
Sounds/Custom/AdrenalineMajorLoss.ogg
Projectiles/Ranged/NorfleetGhostGlowmask.png
Sounds/Custom/AdrenalineMajorLossGFB.ogg
Sounds/Custom/AndromedaCripple.ogg
Sounds/Custom/ArianeShot.ogg
Sounds/Custom/AstralBeaconOrbPulse.ogg
NPCs/Providence/ProvidenceAltNight.png
Sounds/Custom/AstralBeaconUse.ogg
Sounds/Custom/AstralStarFall.ogg
Sounds/Custom/AtlasIdle1.ogg
Sounds/Custom/AtlasIdle2.ogg
Sounds/Custom/AtlasSadAggro.ogg
Sounds/Custom/AtlasSadUnaggro.ogg
Sounds/Custom/AtlasSwing.ogg
Sounds/Custom/AuricMine1.ogg
Sounds/Custom/AuricMine2.ogg
Sounds/Custom/AuricMine3.ogg
Sounds/Custom/BloodPactCrit.ogg
Sounds/Custom/AstrumDeus/AstrumDeusMine.ogg
Sounds/Custom/BoomBoomKawaii.ogg
Sounds/Custom/AstrumDeus/AstrumDeusSpawn.ogg
Sounds/Custom/BubblyBurst.ogg
Sounds/Custom/BubblyPop.ogg
Sounds/Custom/BuzzsawCharge.ogg
Sounds/Custom/BuzzsawIdle.ogg
Sounds/Custom/CeaselessVoidDeathBuild.ogg
Sounds/Custom/CeramicImpact1.ogg
Sounds/Custom/CeramicImpact2.ogg
Sounds/Custom/ChainLightning1.ogg
Projectiles/Ranged/NovaChargedShot.png
Sounds/Custom/AstrumDeus/AstrumDeusSplit.ogg
Projectiles/Ranged/NovaShot.png
Projectiles/Ranged/NukeOfBliss.png
Projectiles/Ranged/OntoligicalDespoilerGhost.png
Sounds/Custom/AstrumDeus/DeusMineExplode.ogg
Sounds/Custom/BEES/bees1.ogg
Sounds/Custom/BEES/bees10.ogg
Sounds/Custom/BEES/bees11.ogg
Sounds/Custom/ChainLightning2.ogg
Sounds/Custom/ChainLightning3.ogg
Projectiles/Ranged/OntologicalDespoilerFlame.png
Sounds/Custom/BEES/bees12.ogg
Sounds/Custom/ChainLightning4.ogg
Sounds/Custom/BEES/bees2.ogg
Sounds/Custom/BEES/bees3.ogg
Sounds/Custom/BEES/bees4.ogg
Walls/DraedonStructures/RustedPlateBeam.png
Sounds/Custom/ChainsawEnd.ogg
Sounds/Custom/BEES/bees5.ogg
Projectiles/Ranged/OntologicalDespoilerFlame2.png
Sounds/Custom/BEES/bees6.ogg
Sounds/Custom/BEES/bees7.ogg
Sounds/Custom/BEES/bees8.ogg
Sounds/Custom/ChainsawStart.ogg
Sounds/Custom/BEES/bees9.ogg
Sounds/Custom/BEES/Names.txt
Sounds/Custom/CodebreakerBeam.ogg
Sounds/Custom/BossRush/BossRushSummon1.ogg
Sounds/Custom/CorvinaScream.ogg
Sounds/Custom/BossRush/BossRushSummon2.ogg
Sounds/Custom/CrateBreak1.ogg
Sounds/Custom/BossRush/BossRushTeleport.ogg
Sounds/Custom/CrateBreak2.ogg
Projectiles/Ranged/OntologicalDespoilerFlash.png
Sounds/Custom/BossRush/BossRushTerminusActivate.ogg
Sounds/Custom/BossRush/BossRushTerminusCharge.ogg
Sounds/Custom/BossRush/BossRushTerminusDeactivate.ogg
Projectiles/Ranged/OntologicalDespoilerGrenade.png
Sounds/Custom/CrateBreak3.ogg
Sounds/Custom/BossRush/BossRushTier2Transition.ogg
Sounds/Custom/Crow1.ogg
Sounds/Custom/Crow2.ogg
Sounds/Custom/BossRush/BossRushTier3Transition.ogg
Sounds/Custom/Crow3.ogg
Sounds/Custom/BossRush/BossRushTier4Transition.ogg
Sounds/Custom/CryogenShieldRegenerate.ogg
Sounds/Custom/CuteSqueak.ogg
Sounds/Custom/BossRush/BossRushTier5Transition.ogg
Sounds/Custom/DefenseDamage.ogg
Sounds/Custom/BossRush/BossRushVictory.ogg
Sounds/Custom/DevilMaskBreak.ogg
Sounds/Custom/BrainOfCthulhu/BoC_Rev_BloodBomb.ogg
Sounds/Custom/DevourerAttack.ogg
Projectiles/Ranged/OntologicalDespoilerHoldout.png
Sounds/Custom/DevourerRiftBuilding.ogg
Sounds/Custom/BrainOfCthulhu/BoC_Rev_BloodShot.ogg
Sounds/Custom/DevourerRiftOpen.ogg
Sounds/Custom/DevourerSpawn.ogg
Sounds/Custom/DoGFireball.ogg
Walls/DraedonStructures/RustedPlatePillar.png
Sounds/Custom/DoGLaserWallBigAttack.ogg
Sounds/Custom/DoGLaserWallBigAttack2.ogg
Sounds/Custom/BrainOfCthulhu/BoC_Rev_Death_Roar.ogg
Sounds/Custom/DoGLaserWallLightAttack.ogg
Sounds/Custom/BrainOfCthulhu/BoC_Rev_Explosion1.ogg
Sounds/Custom/DoGLaserWallSpawn.ogg
Projectiles/Ranged/OntologicalDespoilerHoldout2.png
Sounds/Custom/DraedonLaugh.ogg
Sounds/Custom/DraedonTeleport.ogg
NPCs/Bumblebirb/Birb.png
Projectiles/Ranged/OntologicalDespoilerShot.png
Sounds/Custom/ElsterShot1.ogg
Sounds/Custom/ElsterShot2.ogg
Projectiles/Ranged/OntologicalDespoilerShot2.png
Sounds/Custom/ElsterShot3.ogg
Projectiles/Ranged/OpalChargedStrike.png
Sounds/Custom/ElsterShot4.ogg
Projectiles/Ranged/OpalStrike.png
Sounds/Custom/FlamethrowerTurret.ogg
Sounds/Custom/BrainOfCthulhu/BoC_Rev_Explosion2.ogg
Sounds/Custom/GildedAxolotlAlert.ogg
Sounds/Custom/GildedAxolotlNeuronActivation.ogg
Sounds/Custom/GildedAxolotlVocalStim1.ogg
Sounds/Custom/BrainOfCthulhu/BoC_Rev_Growl1.ogg
Sounds/Custom/GildedAxolotlVocalStim2.ogg
Sounds/Custom/BrainOfCthulhu/BoC_Rev_Growl2.ogg
Sounds/Custom/GravistarCharge.ogg
Sounds/Custom/GravistarSlam.ogg
Sounds/Custom/GreatSandSharkRoar.ogg
Sounds/Custom/BrainOfCthulhu/BoC_Rev_Laugh.ogg
Sounds/Custom/BrainOfCthulhu/BoC_Rev_Roar.ogg
Projectiles/Ranged/PhotovisceratorHoldout.png
Sounds/Custom/GungeonCreditMusic.ogg
Sounds/Custom/HeavenlyGaleLightningStrike.ogg
Sounds/Custom/BrainOfCthulhu/BoC_Rev_Shield_Down.ogg
Sounds/Custom/HiveMindRoar.ogg
Sounds/Custom/BrainOfCthulhu/BoC_Rev_Shield_Up.ogg
Sounds/Custom/HiveMindRoarFast.ogg
Projectiles/Ranged/PhotovisceratorHoldoutGlow.png
Sounds/Custom/IjiDies.ogg
Projectiles/Ranged/PlagueArrow.png
Sounds/Custom/Kickball.ogg
Sounds/Custom/KingSlimeJewelSpawn.ogg
Projectiles/Ranged/PlagueTaintedDrone.png
Sounds/Custom/LeviathanEmerge.ogg
Sounds/Custom/LeviathanRoarCharge.ogg
Sounds/Custom/LeviathanRoarMeteor.ogg
Projectiles/Ranged/PlagueTaintedDroneGlow.png
Projectiles/Ranged/PlagueTaintedProjectile.png
Sounds/Custom/LeviathanRumble.ogg
Sounds/Custom/LightningStrike.ogg
Projectiles/Ranged/PolarStar.png
Sounds/Custom/LightningTelegraph.ogg
Walls/DraedonStructures/RustedPlatingWall.png
Projectiles/Ranged/PrecisionBolt.png
Buffs/Summon/Whips/SentinalLash.png
Gores/Abyss/PirateCrate/PirateCrateL1.png
Gores/Abyss/PirateCrate/PirateCrateL2.png
Projectiles/Ranged/PrismComet.png
Gores/Abyss/PirateCrate/PirateCrateL3.png
Gores/Abyss/PirateCrate/PirateCrateM1.png
Gores/Abyss/PirateCrate/PirateCrateM2.png
Gores/Abyss/PirateCrate/PirateCrateM3.png
Gores/Abyss/PirateCrate/PirateCrateR1.png
Gores/Abyss/PirateCrate/PirateCrateR2.png
Gores/Abyss/PirateCrate/PirateCrateR3.png
Gores/SunkenSea/BlindedAngler/BlindAnglerGore1.png
Sounds/Custom/LiliesOfFinalityTileHitSound.ogg
Sounds/Custom/BrainOfCthulhu/BoC_Rev_Short_Roar.ogg
Sounds/Custom/LoudSwingWoosh.ogg
Gores/SunkenSea/BlindedAngler/BlindAnglerGore2.png
Sounds/Custom/MagicalRockMine1.ogg
Gores/SunkenSea/BlindedAngler/BlindAnglerGore3.png
Sounds/Custom/MagicalRockMine2.ogg
Gores/SunkenSea/BlindedAngler/BlindAnglerGore4.png
Gores/SunkenSea/Clam/Clam1.png
Gores/SunkenSea/Clam/Clam2.png
ExtraTextures/GreyscaleGradients/Veins.png
Gores/SunkenSea/Clam/Clam3.png
Gores/SunkenSea/EutrophicRay/RayGore1.png
Gores/SunkenSea/EutrophicRay/RayGore2.png
NPCs/ExoMechs/Artemis/Artemis.png
Gores/SunkenSea/EutrophicRay/RayGore3.png
Gores/SunkenSea/EutrophicRay/RayGore4.png
Gores/SunkenSea/Prismback/PrismBackGore1.png
Sounds/Custom/BrainOfCthulhu/BoC_Rev_Stun_Hit1.ogg
Gores/SunkenSea/Prismback/PrismBackGore2.png
Sounds/Custom/BrainOfCthulhu/BoC_Rev_Stun_Hit2.ogg
Gores/SunkenSea/Prismback/PrismBackGore3.png
Sounds/Custom/BrainOfCthulhu/BoC_Rev_Stun_Hit3.ogg
Sounds/Custom/BrimstoneElemental/BrimstoneDartRing1.ogg
Gores/SunkenSea/Prismback/PrismBackGore4.png
Gores/SunkenSea/Prismback/PrismBackGore5.png
Sounds/Custom/BrimstoneElemental/BrimstoneDartRing2.ogg
Gores/SunkenSea/SeaFloaty/SeaFloatyGore1.png
Gores/SunkenSea/SeaFloaty/SeaFloatyGore2.png
Gores/SunkenSea/SeaFloaty/SeaFloatyGore3.png
Gores/SunkenSea/SeaMinnow/SeaMinnow.png
Sounds/Custom/BrimstoneElemental/BrimstoneDartRing3.ogg
Gores/SunkenSea/SeaMinnow/SeaMinnow2.png
Sounds/Custom/BrimstoneElemental/BrimstoneSpawn.ogg
Gores/SunkenSea/SeaSerpent/SeaSerpentGore1.png
Gores/SunkenSea/SeaSerpent/SeaSerpentGore2.png
Sounds/Custom/BrimstoneElemental/Hellfireball1.ogg
Gores/SunkenSea/SeaSerpent/SeaSerpentGore3.png
Sounds/Custom/BrimstoneElemental/Hellfireball2.ogg
Gores/SunkenSea/SeaSerpent/SeaSerpentGore4.png
Sounds/Custom/BrimstoneElemental/Hellfireball3.ogg
Gores/SunkenSea/SeaSerpent/SeaSerpentGore5.png
Gores/Trees/Umbrella/TreeAstralBottom.png
Gores/Trees/Umbrella/TreeAstralTop.png
Sounds/Custom/BrimstoneElemental/ShellProjectiles1.ogg
Sounds/Custom/BrimstoneElemental/ShellProjectiles2.ogg
Sounds/Custom/BrimstoneElemental/ShellProjectiles3.ogg
Sounds/Custom/BrimstoneElemental/ShellTransform.ogg
Sounds/Custom/BrimstoneElemental/Teleport.ogg
Sounds/Custom/CalamitasClone/BrimstoneFlamethrowerCast.ogg
Sounds/Custom/CalamitasClone/BrimstoneFlamethrowerLoop.ogg
Gores/Trees/Umbrella/TreeCorruptionBottom.png
Sounds/Custom/CalamitasClone/BulletHellEnd.ogg
Sounds/Custom/CalamitasClone/BulletHellEnding.ogg
Sounds/Custom/CalamitasClone/CalCloneDash1.ogg
Sounds/Custom/CalamitasClone/CalCloneDash2.ogg
Sounds/Custom/CalamitasClone/CalCloneDash3.ogg
Sounds/Custom/CalamitasClone/CalClone_BigFireballBit1.ogg
NPCs/Bumblebirb/BirbGlow.png
Sounds/Custom/CalamitasClone/CalClone_BigFireballBit2.ogg
NPCs/Bumblebirb/Birb_Head_Boss.png
Sounds/Custom/CalamitasClone/CalClone_BigFireballBit3.ogg
Sounds/Custom/CalamitasClone/CalClone_BigFireballBit4.ogg
Sounds/Custom/CalamitasClone/CalClone_Explosion1.ogg
NPCs/AstrumAureus/AstrumAureusStompGlow.png
Sounds/Custom/CalamitasClone/CalClone_Explosion2.ogg
Sounds/Custom/CalamitasClone/CalClone_Explosion3.ogg
Sounds/Custom/CalamitasClone/CataclysmDeath.ogg
Sounds/Custom/CalamitasClone/CataclysmHit1.ogg
Sounds/Custom/CalamitasClone/CataclysmHit2.ogg
Sounds/Custom/CalamitasClone/CataclysmHit3.ogg
Sounds/Custom/Codebreaker/AdvancedDisplayInstall.ogg
Sounds/Custom/Codebreaker/AresIconHover.ogg
Sounds/Custom/Codebreaker/ArtemisApolloIconHover.ogg
Gores/Trees/Umbrella/TreeCorruptionTop.png
Sounds/Custom/Codebreaker/AuricQuantumCoolingCellInstallNew.ogg
NPCs/Providence/Glowmasks/ProvidenceAttackAltGlow.png
Sounds/Custom/Codebreaker/BloodForHekate.ogg
Sounds/Custom/Codebreaker/DecryptionComputerInstall.ogg
Sounds/Custom/Codebreaker/DialogOptionHover.ogg
Sounds/Custom/Codebreaker/DraedonTalk1.ogg
Sounds/Custom/Codebreaker/DraedonTalk2.ogg
Sounds/Custom/Codebreaker/DraedonTalk3.ogg
Sounds/Custom/Codebreaker/ExoMechsIconSelect.ogg
Sounds/Custom/Codebreaker/LongRangeSensorArrayInstall.ogg
Sounds/Custom/Codebreaker/ThanatosIconHover.ogg
Sounds/Custom/Codebreaker/VoltageRegulationSystemInstall.ogg
Sounds/Custom/Crabulon/CrabJump.ogg
Sounds/Custom/Crabulon/CrabSlam1.ogg
Sounds/Custom/Crabulon/CrabSlam2.ogg
Sounds/Custom/DesertScourge/DesertScourgeRoar.ogg
NPCs/Bumblebirb/BumbleFolly.png
Sounds/Custom/DesertScourge/DesertScourgeSandBlast.ogg
Sounds/Custom/MagicalRockMine3.ogg
Gores/Trees/Umbrella/TreeCrimsonBottom.png
Sounds/Custom/DesertScourge/DesertScourgeSummon.ogg
Sounds/Custom/DifficultySelection/Death_Mode_Select.ogg
Sounds/Custom/DifficultySelection/Legendary_Mode_Select.ogg
Particles/BloomLineAngled.png
Gores/Trees/Umbrella/TreeCrimsonTop.png
Particles/BloomLineCap.png
Sounds/Custom/MaulerRoar.ogg
Sounds/Custom/DifficultySelection/Malice_Mode_Select.ogg
Sounds/Custom/MeatySlash.ogg
Sounds/Custom/DifficultySelection/Revengeance_Mode_Select.ogg
Gores/Trees/Umbrella/TreeForestBottom.png
Sounds/Custom/ExoMechs/ApolloArtemisTargetSelection.ogg
Sounds/Custom/ExoMechs/ApolloMissileLaunch.ogg
Sounds/Custom/ExoMechs/AresCircleLaserEnd.ogg
Sounds/Custom/ExoMechs/AresCircleLaserLoop.ogg
Sounds/Custom/ExoMechs/AresCircleLaserStart.ogg
Sounds/Custom/ExoMechs/AresEnraged.ogg
Sounds/Custom/ExoMechs/AresGaussNukeArmCharge.ogg
Sounds/Custom/ExoMechs/AresGaussNukeExplosion.ogg
Gores/Trees/Umbrella/TreeForestTop.png
Sounds/Custom/ExoMechs/AresLaserArmCharge.ogg
Gores/Trees/Umbrella/TreeHallowBottom.png
Sounds/Custom/MetalPipeFalling.ogg
Gores/Trees/Umbrella/TreeHallowTop.png
Sounds/Custom/MicrowaveBeep.ogg
Sounds/Custom/MMMMMMMMMMMMM.ogg
Sounds/Custom/MoonLordLaserCharge.ogg
Sounds/Custom/MossMine.ogg
Sounds/Custom/NuclearTerrorSpawn.ogg
NPCs/CalClone/CalamitasClone.png
Gores/Trees/Umbrella/TreeJungleBottom.png
Sounds/Custom/OldDukeDash.ogg
Sounds/Custom/OldDukeDashP3.ogg
Sounds/Custom/OldDukeHuff.ogg
Gores/Trees/Umbrella/TreeJungleTop.png
Sounds/Custom/OldDukeRoar.ogg
Sounds/Custom/OldDukeVomit.ogg
Gores/Trees/Umbrella/TreeOceanBottom.png
Sounds/Custom/OldDukeVortex.ogg
Sounds/Custom/OldDukeVortexSpawn.ogg
Gores/Trees/Umbrella/TreeOceanTop.png
Sounds/Custom/OrbHeal1.ogg
Sounds/Custom/OrbHeal2.ogg
Sounds/Custom/OrbHeal3.ogg
Sounds/Custom/OrbHeal4.ogg
Sounds/Custom/OrbHeal5.ogg
UI/DraedonLogs/DraedonsLogEutrophicRayGhostBell.png
Sounds/Custom/ORDER.ogg
Sounds/Custom/PistolShrimpBubbleBurst.ogg
Sounds/Custom/PlagueUnleash.ogg
Sounds/Custom/PlantyMushMine1.ogg
Sounds/Custom/PlantyMushMine2.ogg
Sounds/Custom/PlantyMushMine3.ogg
Sounds/Custom/PlatingMine1.ogg
Sounds/Custom/PlatingMine2.ogg
Sounds/Custom/PlatingMine3.ogg
Sounds/Custom/ExoMechs/AresLaserArmShoot.ogg
Sounds/Custom/ExoMechs/AresPlasmaArmCharge.ogg
Sounds/Custom/ExoMechs/AresTeslaArmCharge.ogg
Sounds/Custom/ExoMechs/ArtemisApolloDash.ogg
Sounds/Custom/ExoMechs/ArtemisApolloDashTelegraph.ogg
Sounds/Custom/ExoMechs/ArtemisShotgunLaser.ogg
Sounds/Custom/ExoMechs/ArtemisSpinLaserbeam.ogg
Sounds/Custom/ExoMechs/ExoLaserShoot.ogg
NPCs/CalClone/CalamitasCloneGlow.png
Sounds/Custom/ExoMechs/ExoPlasmaExplosion1.ogg
Projectiles/Ranged/PrismExplosionLarge.png
NPCs/CalClone/CalamitasClone_Head_Boss.png
Sounds/Custom/ExoMechs/ExoPlasmaExplosion2.ogg
Sounds/Custom/ExoMechs/ExoPlasmaShoot.ogg
Sounds/Custom/ExoMechs/ExoTwinsEject.ogg
Sounds/Custom/ExoMechs/TeslaShoot1.ogg
Sounds/Custom/ExoMechs/TeslaShoot2.ogg
Sounds/Custom/ExoMechs/ThanatosVent.ogg
Gores/Trees/Umbrella/TreeSnowBottom.png
Sounds/Custom/ExoMechs/THanosGFBeam.ogg
Sounds/Custom/ExoMechs/THanosLaser.ogg
Sounds/Custom/GFB/GrandDad.ogg
Sounds/Custom/GFB/HeComes.ogg
Sounds/Custom/GFB/Jesus.ogg
Sounds/Custom/GFB/LeonDeathNoiseRE4.ogg
Sounds/Custom/GFB/SevenTrebleClefSouls.ogg
Gores/Trees/Umbrella/TreeSnowTop.png
Gores/Trees/Umbrella/TreeSulphurousSeaBottom.png
Sounds/Custom/GFB/YouAreNotSafe.ogg
Sounds/Custom/Perforator/PerfHiveIchorShoot.ogg
Sounds/Custom/Perforator/PerfHiveShoot1.ogg
Sounds/Custom/Perforator/PerfHiveShoot2.ogg
Sounds/Custom/Perforator/PerfHiveShoot3.ogg
Gores/Trees/Umbrella/TreeSulphurousSeaTop.png
Sounds/Custom/Perforator/PerfHiveSpawn.ogg
Graphics/Primitives/3DRendering/!readme.txt
Sounds/Custom/Perforator/PerfHiveWormSpawn.ogg
Items/Accessories/Vanity/AbandonedWulfrumHelmet.png
Sounds/Custom/PlagueSounds/PBGAttackSwitch1.ogg
Sounds/Custom/PlagueSounds/PBGAttackSwitch2.ogg
Sounds/Custom/PlagueSounds/PBGAttackSwitchShort.ogg
Sounds/Custom/PlagueSounds/PBGBarrageLaunch.ogg
Sounds/Custom/PlagueSounds/PBGDash.ogg
Sounds/Custom/PlagueSounds/PBGNukeWarning.ogg
Sounds/Custom/PlagueSounds/PlagueBoom1.ogg
Sounds/Custom/PlagueSounds/PlagueBoom2.ogg
Sounds/Custom/PlagueSounds/PlagueBoom3.ogg
Sounds/Custom/PrimordialWyrmCharge.ogg
Sounds/Custom/PlagueSounds/PlagueBoom4.ogg
Items/Accessories/Vanity/AbandonedWulfrumHelmetTrans_Head.png
Sounds/Custom/PumpkinEmerge1.ogg
Projectiles/Ranged/PrismExplosionSmall.png
Projectiles/Ranged/PrismMine.png
Sounds/Custom/PumpkinEmerge2.ogg
Sounds/Custom/Polterghast/PolterghastP2Transition.ogg
Projectiles/Ranged/PrismMineArc.png
Sounds/Custom/PumpkinEmerge3.ogg
NPCs/CalClone/Cataclysm.png
Sounds/Custom/PumpkinExplode1.ogg
Items/Accessories/Vanity/AbandonedWulfrumHelmet_Body.png
Sounds/Custom/Polterghast/PolterghastP3Transition.ogg
Sounds/Custom/PumpkinExplode2.ogg
Sounds/Custom/PumpkinExplodeGFB1.ogg
Sounds/Custom/PumpkinExplodeGFB2.ogg
Sounds/Custom/PumpkinIdle1.ogg
Sounds/Custom/Polterghast/PolterghastPhantomSpawn.ogg
Sounds/Custom/PumpkinIdle2.ogg
Sounds/Custom/PumpkinIdle3.ogg
Sounds/Custom/Polterghast/PolterghastSpawn.ogg
Sounds/Custom/ProfanedGuardians/GuardianDash.ogg
Sounds/Custom/ProfanedGuardians/GuardianHeal.ogg
Sounds/Custom/ProfanedGuardians/GuardianRay.ogg
Items/Accessories/Vanity/AbandonedWulfrumHelmet_Head.png
Sounds/Custom/ProfanedGuardians/GuardianRockShieldActivate.ogg
Sounds/Custom/ProfanedGuardians/GuardianShieldDeactivate.ogg
Sounds/Custom/PumpkinIdle4.ogg
Sounds/Custom/ProfanedGuardians/GuardianSpawn.ogg
Sounds/Custom/Providence/ProvidenceBurn.ogg
Sounds/Custom/PumpkinJump.ogg
Sounds/Custom/Providence/ProvidenceBurnLoop.ogg
Sounds/Custom/PumpkinRareIdle.ogg
Sounds/Custom/PumpkinScream1.ogg
Sounds/Custom/Providence/ProvidenceDeathAnimation.ogg
Sounds/Custom/PumpkinScream2.ogg
Sounds/Custom/Providence/ProvidenceHolyBlastImpact.ogg
NPCs/CalClone/CataclysmGlow.png
Sounds/Custom/Providence/ProvidenceHolyBlastShoot.ogg
Sounds/Custom/Providence/ProvidenceHolyRay.ogg
NPCs/CalClone/Cataclysm_Head_Boss.png
Sounds/Custom/RaidersTalismanStealthHit.ogg
Sounds/Custom/Providence/ProvidenceSizzle.ogg
Items/Accessories/Vanity/AbandonedWulfrumHelmet_Legs.png
Sounds/Custom/ReaperEnragedRoar.ogg
Sounds/Custom/Providence/ProvidenceSpawn.ogg
Projectiles/Ranged/PrismMineGlowmask.png
Sounds/Custom/ReaperSearchRoar.ogg
Sounds/Custom/Ravager/GasterBlasterCharge.ogg
Projectiles/Ranged/PumplerGrenade.png
Sounds/Custom/RedJewelFire.ogg
Sounds/Custom/Ravager/GasterBlasterFire.ogg
Sounds/Custom/RedJewelModeShift.ogg
Sounds/Custom/RimehoundGrowl.ogg
Sounds/Custom/RogueStealth.ogg
Projectiles/Ranged/PumplerHoldout.png
Projectiles/Ranged/RealmRavagerBullet.png
Projectiles/Ranged/RicoshotCoin.png
Projectiles/Ranged/RubicoPrimeMag.png
Projectiles/Ranged/ScorchedEarthClusterBomb.png
Items/Accessories/Vanity/BigE_Body.png
Projectiles/Ranged/ScorchedEarthRocket.png
Projectiles/Ranged/ScorpioHoldout_Glow.png
Sounds/Custom/Ravager/RavagerJump1.ogg
Projectiles/Ranged/ScorpioLargeRocket.png
Sounds/Custom/RoverDriveActivate.ogg
Projectiles/Ranged/ScorpioLargeRocket_Glow.png
Sounds/Custom/RoverDriveBreak.ogg
Projectiles/Ranged/ScorpioRocket.png
Items/Accessories/Vanity/BigE_Head.png
Sounds/Custom/Ravager/RavagerJump2.ogg
Projectiles/Ranged/ScorpioRocket_Glow.png
Sounds/Custom/RoverDriveHit.ogg
Sounds/Custom/Ravager/RavagerMissileExplosion.ogg
Sounds/Custom/Ravager/RavagerMissileLaunch.ogg
Sounds/Custom/SCalAltarSummon.ogg
Sounds/Custom/Ravager/RavagerPillarSummon.ogg
Sounds/Custom/Ravager/RavagerPunch1.ogg
Sounds/Custom/Ravager/RavagerPunch2.ogg
Sounds/Custom/Ravager/RavagerStomp1.ogg
NPCs/CalClone/Catastrophe.png
Sounds/Custom/Ravager/RavagerStomp2.ogg
Sounds/Custom/SCalSounds/BrimstoneBigShoot.ogg
Sounds/Custom/Scare.ogg
Items/Accessories/Vanity/BigE_Legs.png
Sounds/Custom/SCalSounds/BrimstoneFireblastImpact.ogg
Sounds/Custom/ScissorGuillotineSnap.ogg
Sounds/Custom/SCalSounds/BrimstoneGigablastImpact.ogg
Sounds/Custom/ScornJump.ogg
Sounds/Custom/SCalSounds/BrimstoneHellblastSound.ogg
Sounds/Custom/SharkoonBoom.ogg
Sounds/Custom/ShoreskipperGrunt1.ogg
Sounds/Custom/SCalSounds/BrimstoneMonsterDrone.ogg
Sounds/Custom/ShoreskipperGrunt2.ogg
Sounds/Custom/ShoreskipperSighting.ogg
ExtraTextures/GreyscaleGradients/VoidGashes.png
Sounds/Custom/SlimeGodBigShot1.ogg
Sounds/Custom/SlimeGodBigShot2.ogg
Sounds/Custom/SlimeGodExit.ogg
Sounds/Custom/SlimeGodPossession.ogg
Sounds/Custom/SlimeGodShot1.ogg
Sounds/Custom/SlimeGodShot2.ogg
Sounds/Custom/StormlionAltIdle1.ogg
Sounds/Custom/StormlionAltIdle2.ogg
Sounds/Custom/StormlionAltShoot.ogg
Sounds/Custom/StormlionIdle.ogg
Sounds/Custom/Stylish.ogg
Sounds/Custom/SubsumingVortexExplosion.ogg
Sounds/Custom/SupremeCalamitasSpawn.ogg
Sounds/Custom/SwiftSlice.ogg
Sounds/Custom/TickingTimer.ogg
Sounds/Custom/TreeFalling.ogg
Sounds/Custom/Ultrabling.ogg
Sounds/Custom/UltrablingHit.ogg
Sounds/Custom/ur.ogg
NPCs/Providence/Glowmasks/ProvidenceGlowNight.png
Items/Accessories/Vanity/Charlotte_Body.png
Sounds/Custom/VoidstoneMine1.ogg
Projectiles/Boss/BrainOfCthulhu/BloodBomb.png
Sounds/Custom/VoidstoneMine2.ogg
Projectiles/Boss/BrainOfCthulhu/BloodBomb2.png
Sounds/Custom/VoidstoneMine3.ogg
Sounds/Custom/WeaponEnchant.ogg
Sounds/Custom/WeaponExhume.ogg
Sounds/Custom/WeaverArmorShed.ogg
Sounds/Custom/WetSlap1.ogg
Sounds/Custom/WetSlap2.ogg
Sounds/Custom/WetSlap3.ogg
Projectiles/Ranged/SeaDragonRocket.png
Projectiles/Boss/BrainOfCthulhu/CrimsonEye.png
Projectiles/Ranged/SeasSearingBubble.png
Projectiles/Ranged/SepticChain.png
Projectiles/Boss/BrainOfCthulhu/CrimsonEyePupil.png
Projectiles/Ranged/SepticSkewerHarpoon.png
Projectiles/Melee/MaceFlails/BallOFuguProj.png
Projectiles/Ranged/SevensStrikerCherry.png
Projectiles/Melee/MaceFlails/BallOFuguProjChain.png
Projectiles/Ranged/SevensStrikerCherrySplit.png
Projectiles/Melee/MaceFlails/RemsRevengeProj.png
Projectiles/Ranged/SevensStrikerGrape.png
Projectiles/Melee/MaceFlails/RemsRevengeProjChain.png
Projectiles/Melee/MaceFlails/TumbleweedFlail.png
Projectiles/Melee/MaceFlails/TumbleweedFlailChain.png
Projectiles/Melee/MaceFlails/YateveoBloomMace.png
Items/Accessories/Vanity/Charlotte_Head.png
NPCs/CalClone/CatastropheGlow.png
Items/Accessories/Vanity/Charlotte_Legs.png
Items/Accessories/Vanity/Dandy_Body.png
NPCs/CalClone/Catastrophe_Head_Boss.png
NPCs/CalClone/SoulSeeker.png
Items/Accessories/Vanity/Dandy_Head.png
NPCs/CalClone/SoulSeekerGlow.png
Items/Accessories/Vanity/Dandy_Legs.png
Items/Accessories/Vanity/GhostBracelet.png
Items/Accessories/Vanity/GlimmeringRibbon.png
Projectiles/Ranged/SevensStrikerHoldout.png
Sounds/Custom/WetSlap4.ogg
Sounds/Custom/WulfrumDroidChirp1.ogg
Sounds/Custom/WulfrumDroidChirp2.ogg
NPCs/AstrumAureus/AstrumAureusWalk.png
Sounds/Custom/WulfrumDroidChirp3.ogg
Sounds/Custom/WulfrumDroidChirp4.ogg
Items/Accessories/Vanity/HapuFruit.png
Sounds/Custom/WulfrumDroidFire.ogg
Sounds/Custom/WulfrumDroidHurry1.ogg
Projectiles/Ranged/SevensStrikerOrange.png
Sounds/Custom/WulfrumDroidHurry2.ogg
Projectiles/Ranged/SevensStrikerPlatinumCoin.png
Sounds/Custom/WulfrumDroidRepair.ogg
Projectiles/Ranged/Shell.png
Projectiles/Ranged/ShockblastRound.png
Sounds/Custom/WulfrumDroidSpawnBeep.ogg
Projectiles/Ranged/SicknessRound.png
Sounds/Custom/WulfrumExtraDrop.ogg
Projectiles/Ranged/SicknessRound2.png
Sounds/Custom/WulfrumHookDisengage.ogg
Sounds/Custom/WulfrumHookGrapple.ogg
Sounds/Custom/WulfrumHookShoot.ogg
Sounds/Custom/WulfrumMachineBreak.ogg
Projectiles/Ranged/SlagfireDouserHoldout.png
Sounds/Custom/WulfrumSawCutting.ogg
Projectiles/Ranged/SlagfireDouserPistil.png
Projectiles/Ranged/SlagRound.png
Projectiles/Ranged/SpectralFlare.png
Sounds/Custom/WulfrumSawIdle.ogg
Projectiles/Ranged/SpeedBlasterShot.png
Sounds/Custom/WyrmScream.ogg
Projectiles/Ranged/SporeBomb.png
Projectiles/Ranged/SputterComet.png
Projectiles/Ranged/SputterCometBig.png
Projectiles/Ranged/SpykerProj.png
Projectiles/Ranged/StarmadaBack.png
Sounds/Item/AmidiasTrident_Raise.ogg
Projectiles/Ranged/StarmadaBackGlow.png
Sounds/Item/AmidiasTrident_Spin.ogg
Sounds/Item/AmidiasTrident_Stab1.ogg
Projectiles/Ranged/StarmadaFront.png
Sounds/Item/AmidiasTrident_Stab2.ogg
Sounds/Item/AmphibiansGuitarSummon.ogg
Projectiles/Ranged/StarmadaFrontGlow.png
Sounds/Item/AnomalysNanogunMPFBExplosion.ogg
Sounds/Item/AnomalysNanogunMPFBShot.ogg
Sounds/Item/AnomalysNanogunPlasmaCharge.ogg
Sounds/Item/AnomalysNanogunPlasmaShot.ogg
Items/Accessories/Vanity/Heart_Back.png
Sounds/Item/ApoctosisShoot.ogg
Sounds/Item/ArcFlash.ogg
Sounds/Item/ArcNovaDiffuserBigShot.ogg
NPCs/CeaselessVoid/CeaselessVoid.png
NPCs/Providence/Glowmasks/ProvidenceAttackAltGlow2.png
Items/Accessories/Vanity/Heart_Body.png
Sounds/Item/ArcNovaDiffuserChargeImpact.ogg
Sounds/Item/ArcNovaDiffuserChargeLoop.ogg
ExtraTextures/GreyscaleGradients/VoronoiShapes.png
Sounds/Item/ArcNovaDiffuserChargeLV1.ogg
Projectiles/Ranged/StarmageddonHeld.png
Items/Accessories/Vanity/Heart_Head.png
Sounds/Item/ArcNovaDiffuserChargeLV2.ogg
Sounds/Item/ArcNovaDiffuserChargeStart.ogg
Sounds/Item/ArcNovaDiffuserCompleteCharge.ogg
Sounds/Item/ArcNovaDiffuserSmallShot.ogg
NPCs/CeaselessVoid/CeaselessVoidGlow.png
Sounds/Item/ArsenalOffCooldown.ogg
Sounds/Item/ArtAttackCast.ogg
NPCs/CeaselessVoid/CeaselessVoid_Head_Boss.png
Sounds/Item/AscendantActivate.ogg
Items/Accessories/Vanity/SharkyPlush.png
Items/Accessories/Vanity/Heart_Legs.png
Items/Accessories/Vanity/LittleE.png
Items/Accessories/Vanity/LucisSight.png
Projectiles/Ranged/StarmageddonHeldGlow.png
NPCs/CeaselessVoid/DarkEnergy.png
Projectiles/Ranged/StarmageddonStar.png
Projectiles/Ranged/StarmageddonStar2.png
Projectiles/Ranged/SuperradiantBolt.png
Projectiles/Ranged/SuperradiantSaw.png
Items/Accessories/Vanity/LucisSight_Face.png
Items/Accessories/Vanity/Shark_Body.png
NPCs/CeaselessVoid/DarkEnergyGlow.png
NPCs/Crabulon/CrabShroom.png
NPCs/Crabulon/CrabShroomGlow.png
Projectiles/Ranged/SuperradiantSawLargeSlash.png
Projectiles/Ranged/SuperradiantSawOutline.png
Items/Accessories/Vanity/Mishiro_Back.png
Projectiles/Ranged/SuperradiantSawSmallSlash.png
Items/Accessories/Vanity/Shark_Head.png
Items/Accessories/Vanity/Mishiro_Body.png
Items/Accessories/Vanity/Shark_Legs.png
Items/Accessories/Vanity/TheComb.png
Items/Accessories/Vanity/Mishiro_Head.png
NPCs/Providence/ProvidenceAttack.png
Items/Accessories/Vanity/Mishiro_Legs.png
Items/Accessories/Vanity/OracleHeadphones.png
Items/Accessories/Vanity/Popo.png
Items/Accessories/Vanity/Xyk2_Body.png
Items/Accessories/Vanity/PopoNoseless_Head.png
Projectiles/Ranged/SuperradiantSlaughtererHoldout.png
Items/Accessories/Vanity/Xyk2_Head.png
Projectiles/Ranged/SuperradiantSlaughtererHoldoutGlow.png
Projectiles/Ranged/SuperradiantSlaughtererHoldoutMiniSaw.png
Items/Accessories/Vanity/Xyk2_Legs.png
Items/Accessories/Vanity/XyksBlessingBlue.png
Items/Accessories/Vanity/XyksBlessingOrange.png
Items/Accessories/Vanity/Xyk_Body.png
Projectiles/Ranged/SurgeDriverHoldout.png
Items/Accessories/Vanity/Xyk_Head.png
Items/Accessories/Vanity/Xyk_Legs.png
Items/Accessories/Wings/AureateBooster.png
Projectiles/Ranged/TelluricGlareArrow.png
Items/Accessories/Vanity/Popo_Body.png
Items/Accessories/Vanity/Popo_Head.png
NPCs/AstrumAureus/AstrumAureusWalkGlow.png
Projectiles/Ranged/TheMaelstromShark.png
Projectiles/Ranged/ThePackMinissile.png
Items/Accessories/Vanity/Popo_Legs.png
Projectiles/Ranged/ThePackMissile.png
Projectiles/Ranged/TitaniumRailgunScope.png
Projectiles/Ranged/ToxicArrow.png
Projectiles/Ranged/TyphoonArrow.png
Projectiles/Ranged/UltimaBolt.png
Projectiles/Ranged/UniversalGenesisStar.png
NPCs/Crabulon/Crabulon.png
Projectiles/Ranged/UniversalGenesisStarcaller.png
Projectiles/Ranged/Voidragon.png
NPCs/AstrumAureus/AstrumAureus_BossChecklist.png
Items/Accessories/Wings/ElysianWingsGlow.png
NPCs/AstrumAureus/AstrumAureus_Head_Boss.png
Projectiles/Ranged/WaterSpout.png
ExtraTextures/GreyscaleGradients/VoronoiShapes2.png
Items/Accessories/Wings/ElysianWings_Wings.png
NPCs/AstrumAureus/AureusSpawn.png
Projectiles/Ranged/WildfireBloomHoldout.png
Projectiles/Rogue/AbyssalMirrorProjectile.png
Projectiles/Rogue/AshenStalactiteDebris.png
Projectiles/Rogue/AshenStalagmiteProj.png
Projectiles/Rogue/AuroradicalStar.png
Items/Accessories/Wings/ElysianWings_WingsGlow.png
Projectiles/Rogue/BallisticPoisonBombProj.png
Projectiles/Rogue/BallisticPoisonBombSpike.png
Items/Accessories/Wings/ExodusWings.png
Items/Accessories/Wings/AureateBooster_Wings.png
Items/Accessories/Wings/ElysianWings.png
Items/Accessories/Wings/SilvaWings.png
Projectiles/Rogue/BallisticPoisonCloud.png
Items/Accessories/Wings/ExodusWings_Wings.png
NPCs/AstrumAureus/AureusSpawnGlow.png
Items/Accessories/Wings/HadalMantle.png
NPCs/AstrumDeus/AstrumDeusBody.png
Items/Accessories/Wings/HadalMantle_Wings.png
Items/Accessories/Wings/HadarianWings.png
Items/Accessories/Wings/SilvaWings_Wings.png
Items/Accessories/Wings/SkylineWings.png
Items/Accessories/Wings/HadarianWings_Wings.png
Items/Accessories/Wings/MOAB.png
NPCs/Cryogen/Cryogen_BossChecklist.png
Projectiles/Rogue/BarrelShrapnel.png
NPCs/Cryogen/Cryogen_Phase1.png
Items/Accessories/Wings/MOAB_Wings.png
NPCs/Cryogen/Cryogen_Phase1_Head_Boss.png
Items/Accessories/Wings/MoonWalkers.png
NPCs/Cryogen/Cryogen_Phase2.png
NPCs/Cryogen/Cryogen_Phase3.png
Items/Accessories/Wings/SkylineWings_Wings.png
NPCs/Cryogen/Cryogen_Phase4.png
Items/Accessories/Wings/MoonWalkers_Shoes.png
Items/Accessories/Wings/SoulofCryogen.png
NPCs/Cryogen/Cryogen_Phase5.png
NPCs/Cryogen/Cryogen_Phase6.png
NPCs/Cryogen/Pyrogen_Head_Boss.png
Items/Accessories/Wings/SoulofCryogen_Wings.png
NPCs/Deconstructors/DeconstructorMK1Body.png
NPCs/Deconstructors/DeconstructorMK1BodyAlt1.png
NPCs/Deconstructors/DeconstructorMK1BodyAlt1Glow.png
NPCs/Deconstructors/DeconstructorMK1BodyAlt2.png
Items/Accessories/Wings/MoonWalkers_Wings.png
Items/Accessories/Wings/StarlightWings.png
NPCs/Deconstructors/DeconstructorMK1BodyAlt2Glow.png
Items/Accessories/Wings/SeraphTracers.png
Items/Accessories/Wings/StarlightWings_Wings.png
Items/Accessories/Wings/TarragonWings.png
Items/Accessories/Wings/SeraphTracers_Wings.png
NPCs/Deconstructors/DeconstructorMK1BodyGlow.png
Particles/MediumMist.png
NPCs/Deconstructors/DeconstructorMK1Head.png
NPCs/Deconstructors/DeconstructorMK1Tail.png
Particles/MediumSmoke.png
Particles/MicroBloom.png
Particles/MiniFlower.png
Particles/MiniSmoke.png
Particles/NanoParticleBig.png
Items/Accessories/Wings/TarragonWings_Wings.png
Particles/NanoParticleSmall.png
Items/Accessories/Wings/VoidStriders.png
Particles/PearlParticle.png
NPCs/Crabulon/CrabulonAlt.png
Particles/PearlParticleGlow.png
Particles/PlagueHumidifierMist.png
NPCs/Providence/Glowmasks/ProvidenceAttackAltGlowNight.png
Items/Accessories/Wings/VoidStriders_Wings.png
Items/Accessories/Wings/WingsofRebirth.png
NPCs/DesertScourge/DesertNuisanceBody.png
Items/Accessories/Wings/WingsofRebirth_Wings.png
Particles/DustyCircleHardEdge.png
NPCs/DesertScourge/DesertNuisanceBody2.png
Particles/ElectricSpark.png
Particles/EmoteExpressions.png
NPCs/DesertScourge/DesertNuisanceBody3.png
NPCs/DesertScourge/DesertNuisanceBody4.png
NPCs/Crabulon/CrabulonAltGlow.png
Particles/RoundedStar.png
Particles/SandyDust.png
Particles/SeaFoam.png
Particles/SeaPrisms.png
Projectiles/Rogue/BlueFlamePillar.png
Projectiles/Rogue/BlunderBoosterLightning.png
Projectiles/Rogue/BlunderBoosterLightning2.png
Projectiles/Rogue/BouncingEyeballProjectileStealthStrike.png
Projectiles/Rogue/BrickFragment.png
Projectiles/Rogue/BurningStrifeProj.png
Projectiles/Rogue/ButcherKnife.png
Projectiles/Rogue/CarvingFork.png
Items/Accessories/Wings/WingsofRebirth_Wings_Real.png
Projectiles/Rogue/CelestusMiniScythe.png
Particles/SmallSmoke.png
Particles/SemiCircularSmear.png
Projectiles/Rogue/CelestusProj.png
NPCs/DesertScourge/DesertNuisanceBodyYoung.png
Projectiles/Rogue/CelestusProjGlow.png
NPCs/DesertScourge/DesertNuisanceBodyYoung2.png
Projectiles/Rogue/Corrocloud1.png
Particles/SemiCircularSmearSwipe.png
Projectiles/Rogue/Corrocloud2.png
NPCs/DesertScourge/DesertNuisanceBodyYoung3.png
Projectiles/Rogue/Corrocloud3.png
Projectiles/Rogue/CraniumSmasherExplosive.png
Projectiles/Rogue/CraniumSmasherGlow.png
Projectiles/Rogue/Crushax.png
Projectiles/Rogue/CrystalPiercerShard.png
Projectiles/Rogue/DeepSeaDumbbellWeight.png
Projectiles/Rogue/DeepWounderWater.png
Projectiles/Rogue/DesecratedBubble.png
Particles/SemiCircularSmearVertical.png
Projectiles/Rogue/DestructionBolt.png
NPCs/DesertScourge/DesertNuisanceBodyYoung4.png
Projectiles/Rogue/DestructionBoltGhost.png
Projectiles/Rogue/DragonShit.png
Projectiles/Rogue/DuststormCloud.png
Projectiles/Rogue/DynamicPursuerElectricity.png
Projectiles/Rogue/DynamicPursuerProjectile.png
NPCs/DesertScourge/DesertNuisanceHead.png
ExtraTextures/GreyscaleGradients/VoronoiShapes3.png
ExtraTextures/Lasers/AndromedaDeathrayBegin.png
ExtraTextures/Lasers/AndromedaDeathrayEnd.png
Tiles/SunkenSea/SeaPrism_GlintMask.png
NPCs/DesertScourge/DesertNuisanceHeadYoung.png
NPCs/DesertScourge/DesertNuisanceHeadYoung_Head_Boss.png
NPCs/Crabulon/CrabulonAttack.png
Projectiles/Rogue/DynamicPursuerProjectileGlowmask.png
Particles/SemiCircularSmearVertical2.png
Particles/SemiCircularSmearVerticalBlank.png
NPCs/DesertScourge/DesertNuisanceHead_Head_Boss.png
NPCs/DesertScourge/DesertNuisanceTail.png
NPCs/DesertScourge/DesertNuisanceTailYoung.png
NPCs/DesertScourge/DesertPestBody.png
NPCs/DesertScourge/DesertPestBody2.png
NPCs/DesertScourge/DesertPestBody3.png
NPCs/DesertScourge/DesertPestBody4.png
NPCs/DesertScourge/DesertPestHead.png
NPCs/DesertScourge/DesertPestTail.png
NPCs/ExoMechs/Artemis/ArtemisGlow.png
NPCs/ExoMechs/Artemis/ArtemisHead.png
ExtraTextures/Lasers/AndromedaDeathrayMid.png
ExtraTextures/Lasers/AresDeathBeamEnd.png
ExtraTextures/Lasers/AresDeathBeamMiddle.png
ExtraTextures/Lasers/AresLaserBeamEnd.png
ExtraTextures/Lasers/AresLaserBeamMiddle.png
ExtraTextures/Lasers/BirbAuraEndpoints.png
ExtraTextures/Lasers/BrimstoneRayEnd.png
ExtraTextures/Lasers/BrimstoneRayMid.png
ExtraTextures/Lasers/CragmawMireBeamBegin.png
ExtraTextures/Lasers/CragmawMireBeamEnd.png
ExtraTextures/Lasers/CragmawMireBeamMid.png
ExtraTextures/Lasers/EndoLaserBegin.png
ExtraTextures/Lasers/EndoLaserEnd.png
ExtraTextures/Lasers/EndoLaserMid.png
ExtraTextures/Lasers/FadeLaserEnd.png
NPCs/ExoMechs/Artemis/ArtemisPhase2Head.png
ExtraTextures/Lasers/FadeLaserMid.png
NPCs/Crabulon/CrabulonAttackGlow.png
ExtraTextures/Lasers/FadeLaserStart.png
ExtraTextures/Lasers/FancyBeamEnd.png
NPCs/DesertScourge/DesertScourgeBody.png
NPCs/ExoMechs/Thanatos/ThanatosBody1.png
NPCs/DesertScourge/DesertScourgeBody2.png
NPCs/DesertScourge/DesertScourgeBody3.png
UI/DraedonLogs/DraedonsLogGiantClam.png
NPCs/DesertScourge/DesertScourgeBody4.png
NPCs/ExoMechs/Thanatos/ThanatosBody1Glow.png
ExtraTextures/Lasers/FancyBeamMiddle.png
ExtraTextures/Lasers/FancyBeamStart.png
ExtraTextures/Lasers/GammaBeamBegin.png
ExtraTextures/Lasers/GammaBeamEnd.png
ExtraTextures/Lasers/GammaBeamMid.png
ExtraTextures/Lasers/MidnightSunBeamBegin.png
ExtraTextures/Lasers/MidnightSunBeamEnd.png
ExtraTextures/Lasers/MidnightSunBeamMid.png
ExtraTextures/Lasers/PrismaticRayEnd.png
ExtraTextures/Lasers/PrismaticRayMid.png
ExtraTextures/Lasers/PrismLaserEnd.png
ExtraTextures/Lasers/PrismLaserMid.png
ExtraTextures/Lasers/PrismLaserStart.png
ExtraTextures/Lasers/ProvidenceHolyRayEnd.png
ExtraTextures/Lasers/ProvidenceHolyRayEndNight.png
ExtraTextures/Lasers/ProvidenceHolyRayMid.png
ExtraTextures/Lasers/ProvidenceHolyRayMidNight.png
ExtraTextures/Lasers/ProvidenceHolyRayStart.png
ExtraTextures/Lasers/RedLightningTexture.png
NPCs/ExoMechs/Thanatos/ThanatosBody2.png
NPCs/DesertScourge/DesertScourgeHead.png
NPCs/DesertScourge/DesertScourgeHead_Head_Boss.png
NPCs/Providence/Glowmasks/ProvidenceAttackGlow.png
ExtraTextures/Lasers/SeraphimBeamLargeEnd.png
ExtraTextures/Lasers/SeraphimBeamLargeMiddle.png
NPCs/DesertScourge/DesertScourgeTail.png
ExtraTextures/Lasers/SparklingLaserBegin.png
NPCs/Crabulon/CrabulonGlow.png
NPCs/Crabulon/Crabulon_Head_Boss.png
NPCs/Crags/CalamityEye.png
NPCs/Crags/DespairStone.png
NPCs/DesertScourge/DesertScourge_BossChecklist.png
NPCs/Crags/HeatSpirit.png
NPCs/Crags/InfernalCongealment.png
NPCs/DevourerofGods/DevourerofGodsBody.png
NPCs/DevourerofGods/DevourerofGodsBody_Glow.png
NPCs/Crags/RenegadeWarlock.png
NPCs/Providence/ProvidenceAttackAlt.png
NPCs/Crags/Scryllar.png
NPCs/DevourerofGods/DevourerofGodsBody_P2.png
NPCs/Crags/ScryllarRage.png
NPCs/DevourerofGods/DevourerofGodsBody_P2_Glow_Cyan.png
NPCs/Crags/SoulSlurper.png
NPCs/Crags/SoulSlurperGlow.png
NPCs/DevourerofGods/DevourerofGodsBody_P2_Glow_Purple.png
NPCs/DevourerofGods/DevourerofGodsBody_P2_Head_Boss.png
NPCs/DevourerofGods/DevourerofGodsHead.png
NPCs/DevourerofGods/DevourerofGodsHead_Glow_Cyan.png
NPCs/ExoMechs/Thanatos/ThanatosBody2Glow.png
NPCs/Cryogen/CryogenShield.png
Particles/BloomLineFade.png
NPCs/DevourerofGods/DevourerofGodsHead_Glow_Purple.png
NPCs/DevourerofGods/DevourerofGodsHead_Head_Boss.png
NPCs/DevourerofGods/DevourerofGodsHead_P2_Glow_Purple.png
NPCs/DevourerofGods/DevourerofGodsHead_P2_Head_Boss.png
NPCs/DevourerofGods/DevourerofGodsHead_Jaw.png
NPCs/DevourerofGods/DevourerofGodsTail.png
NPCs/DevourerofGods/DevourerofGodsTail_Glow_Cyan.png
NPCs/DevourerofGods/DevourerofGodsTail_Glow_Purple.png
ExtraTextures/Lasers/SparklingLaserEnd.png
ExtraTextures/Lasers/SparklingLaserMid.png
NPCs/DevourerofGods/DevourerofGodsTail_Head_Boss.png
ExtraTextures/Lasers/StellarTorusBeamEnd.png
ExtraTextures/Lasers/StellarTorusBeamMiddle.png
ExtraTextures/Lasers/StellarTorusBeamStart.png
ExtraTextures/Lasers/TauCannonBeamEnd.png
NPCs/DevourerofGods/DevourerofGodsHead_Jawless_P2.png
ExtraTextures/Lasers/TauCannonBeamMiddle.png
ExtraTextures/Lasers/TauCannonBeamStart.png
ExtraTextures/Lasers/ThanatosBeamEnd.png
NPCs/DevourerofGods/DevourerofGodsHead_Jawless_P2_Glow_Cyan.png
NPCs/DevourerofGods/DevourerofGodsTail_P2.png
ExtraTextures/Lasers/ThanatosBeamMiddle.png
Particles/TrientCircularSmear.png
ExtraTextures/Lasers/TurretLaserEnd.png
Particles/UrchinSpikes.png
ExtraTextures/Lasers/TurretLaserMid.png
NPCs/DevourerofGods/DevourerofGodsTail_P2_Glow_Cyan.png
ExtraTextures/Lasers/TurretLaserStart.png
NPCs/DevourerofGods/DevourerofGodsHead_Jawless_P2_Glow_Purple.png
ExtraTextures/Lasers/UltimaRayEnd.png
ExtraTextures/Lasers/UltimaRayMid.png
NPCs/DevourerofGods/DevourerofGodsTail_P2_Glow_Purple.png
NPCs/DevourerofGods/DevourerofGodsHead_Jaw_Glow.png
NPCs/DevourerofGods/DevourerofGodsTail_P2_Head_Boss.png
Particles/VerticalSmear.png
ExtraTextures/Lasers/UltimaRayStart.png
NPCs/DevourerofGods/DevourerofGodsHead_Jaw_P2.png
NPCs/DevourerofGods/DevourerofGodsHead_Jaw_P2_Glow.png
NPCs/DevourerofGods/DevourerofGods_BossChecklist.png
NPCs/DevourerofGods/GodSlayerDashJaw.png
NPCs/DevourerofGods/DevourerofGodsHead_P2.png
ExtraTextures/Lasers/UniverseSplitterHugeBeamEnd.png
NPCs/DevourerofGods/DevourerofGodsHead_P2_Glow_Cyan.png
NPCs/DraedonLabThings/NanodroidDysfunctional_Glow.png
ExtraTextures/Lasers/UniverseSplitterHugeBeamMid.png
NPCs/DraedonLabThings/NanodroidPlagueGreen.png
NPCs/DraedonLabThings/Androomba.png
ExtraTextures/Lasers/UniverseSplitterSmallBeamBegin.png
ExtraTextures/Lasers/UniverseSplitterSmallBeamEnd.png
ExtraTextures/Lasers/UniverseSplitterSmallBeamMid.png
NPCs/DraedonLabThings/NanodroidPlagueGreen_Glow.png
UI/DraedonLogs/DraedonsLogIceBiome.png
NPCs/DraedonLabThings/Androomba_Glow.png
NPCs/DraedonLabThings/Nanodroid.png
NPCs/DraedonLabThings/NanodroidDysfunctional.png
NPCs/DraedonLabThings/NanodroidPlagueRed.png
NPCs/DraedonLabThings/NanodroidPlagueRed_Glow.png
NPCs/DraedonLabThings/Nanodroid_Glow.png
NPCs/DraedonLabThings/RepairUnitCritter.png
NPCs/DraedonLabThings/RepairUnitCritterGlowmask.png
NPCs/ExoMechs/AergiaNeuron.png
NPCs/ExoMechs/AergiaNeuron_Glow.png
Particles/VerticalSmearLarge.png
Particles/HigResThinCircle.png
Particles/HollowCircleHardEdge.png
NPCs/GreatSandShark/GreatSandShark.png
NPCs/GreatSandShark/GreatSandShark_Head_Boss.png
NPCs/HiveMind/DankCreeper.png
NPCs/HiveMind/DarkHeart.png
Particles/HollowCircleSoftEdge.png
NPCs/HiveMind/HiveBlob.png
Particles/IceTypeParticle.png
Particles/Jaws.png
Particles/KingSlimeEmeraldShards.png
NPCs/Providence/Glowmasks/ProvidenceAttackGlow2.png
Particles/KingSlimeRubyShards.png
Particles/KingSlimeSapphireShards.png
NPCs/Providence/ProvidenceAttackAltNight.png
Particles/GlowSpark.png
Particles/VerticalSmearRagged.png
Particles/VoidBeam.png
UI/DraedonLogs/DraedonsLogJungleBiome.png
Particles/VoidBeamGlow.png
Particles/WaterFlavored.png
Particles/WaterFoam.png
Particles/WaterGlob.png
Particles/WulfrumBastionParts.png
Particles/WulfrumDroidEmotes.png
Particles/WulfrumDroidSweatEmote.png
Particles/WulfrumHat.png
Particles/LargeBloom.png
NPCs/ExoMechs/Draedon.png
NPCs/HiveMind/HiveMind.png
Particles/XykWingBlue1.png
Particles/XykWingBlue2.png
Particles/XykWingBlue3.png
Particles/XykWingOrange1.png
Particles/XykWingOrange2.png
Particles/XykWingOrange3.png
Projectiles/FireProj.png
Projectiles/InvisibleProj.png
Projectiles/LaserProj.png
Projectiles/LightningProj.png
Projectiles/StarProj.png
Projectiles/StarTrail.png
Projectiles/TornadoProj.png
Schematics/Arsenal_Lab_Ice.csch
Schematics/Arsenal_Lab_Onyx.csch
Schematics/Arsenal_Lab_Plague.csch
Schematics/Arsenal_Lab_Planetoid.csch
Schematics/Arsenal_Lab_Sunken.csch
Schematics/Arsenal_Lab_Underworld.csch
Schematics/AstralBeacon.csch
Schematics/CragBridge.csch
Schematics/CragRuin1.csch
Schematics/CragRuin2.csch
Schematics/CragRuin3.csch
Schematics/CragRuin4.csch
Schematics/DungeonArchiveBlue.csch
Schematics/DungeonArchiveGreen.csch
NPCs/HiveMind/HiveMindP2.png
Schematics/DungeonArchivePink.csch
NPCs/HiveMind/HiveMindP2_Head_Boss.png
Schematics/DungeonArena.csch
Schematics/MechanicShed.csch
Schematics/ResearchOutpost.csch
Schematics/RustedWorkshop.csch
Schematics/Shimmer_Shrine.csch
Schematics/Shrine_Corruption.csch
Schematics/Shrine_Crimson.csch
NPCs/HiveMind/HiveMind_Head_Boss.png
Schematics/Shrine_Desert.csch
Schematics/Shrine_Granite.csch
Schematics/Shrine_Ice.csch
NPCs/HiveMind/HiveTumor.png
Schematics/Shrine_Marble.csch
Projectiles/Rogue/EclipseMirrorBurst.png
Projectiles/Rogue/EclipsesSmol.png
Projectiles/Rogue/EclipsesSmolGlow.png
Projectiles/Rogue/EclipseStealthBoom.png
Particles/LargeSpark.png
Particles/Light.png
Particles/LiliesOfFinalityHeartParticle.png
ExtraTextures/Miscellaneous/NuclearTorrent.png
Projectiles/Rogue/EclipseStealthBoomGlow.png
Projectiles/Rogue/FantasyTalismanProj.png
ExtraTextures/Trails/BasicTrail.png
Projectiles/Rogue/FinalDawnFireball.png
NPCs/ExoMechs/DraedonGlowmask.png
NPCs/ExoMechs/DraedonProjector.png
NPCs/ExoMechs/DraedonProjectorGlowmask.png
NPCs/Leviathan/Anahita.png
Schematics/Shrine_Mushroom.csch
NPCs/Providence/Glowmasks/ProvidenceAttackGlowNight.png
ExtraTextures/Trails/BladeTrailUVMap.png
NPCs/Leviathan/AnahitaLevi_BossChecklist.png
Schematics/Shrine_Roxcalibur_ShrineVariant.csch
Schematics/Shrine_Roxcalibur_TorchVariant.csch
Schematics/Shrine_Surface.csch
Schematics/SulphurousScrap1.csch
Schematics/SulphurousScrap2.csch
Schematics/SulphurousScrap3.csch
Schematics/SulphurousScrap4.csch
Schematics/SulphurousScrap5.csch
Schematics/SulphurousScrap6.csch
Schematics/SulphurousScrap7.csch
Schematics/VernalPass.csch
NPCs/Leviathan/AnahitasIceShield.png
ExtraTextures/Trails/DoubleTrail.png
NPCs/Providence/ProvidenceAttackNight.png
ExtraTextures/Trails/ScarletDevilStreak.png
NPCs/ExoMechs/ExoMechs_BossChecklist.png
NPCs/Leviathan/AnahitaStabbing.png
NPCs/Leviathan/Anahita_Head_Boss.png
ExtraTextures/Trails/SwordSlashTexture.png
NPCs/Leviathan/AquaticAberration.png
NPCs/ExoMechs/HologramDraedon.png
ExtraTextures/Trails/SylvestaffStreak.png
Tiles/SunkenSea/SeaPrism_Green.png
UI/DraedonLogs/DraedonsLogMurasamaPhaseslayer.png
ExtraTextures/Trails/ZapTrail.png
ExtraTextures/UI/CrystalTextGlow.png
ExtraTextures/UI/CrystalTextSparkle.png
ExtraTextures/UI/Glint.png
ExtraTextures/VanillaBossGlowmasks/DestroyerBodyGlow.png
ExtraTextures/VanillaBossGlowmasks/DestroyerHeadGlow.png
UI/DraedonLogs/DraedonsLogPage.png
NPCs/Providence/Glowmasks/ProvidenceDefenseAltGlow.png
ExtraTextures/VanillaBossGlowmasks/DestroyerTailGlow.png
NPCs/Providence/Providence_BossChecklist.png
ExtraTextures/VanillaBossGlowmasks/SkeletronPrimeHeadGlow.png
ExtraTextures/VanillaBossGlowmasks/WallOfFleshEyeTelegraphGlow.png
ExtraTextures/VanillaBuffs/BetsysCurse.png
ExtraTextures/VanillaBuffs/Celled.png
ExtraTextures/VanillaBuffs/DryadsBane.png
ExtraTextures/VanillaBuffs/Frostbite.png
ExtraTextures/VanillaBuffs/Hellfire.png
ExtraTextures/VanillaBuffs/LuckyGreater.png
ExtraTextures/VanillaBuffs/LuckyLesser.png
ExtraTextures/VanillaBuffs/Oiled.png
ForegroundDrawing/LoopingTextures/NuclearTorrentRaindrop.png
Gores/Abyss/AbyssPot1.png
Gores/Abyss/AbyssPot2.png
Gores/Abyss/AbyssPot3.png
Gores/Abyss/AbyssPot4.png
Gores/Abyss/AbyssPot5.png
Gores/Abyss/AbyssPot6.png
Gores/AcidRain/AcidEelGore.png
Gores/AcidRain/AcidEelGore2.png
Gores/AcidRain/AcidEelGore3.png
Gores/AcidRain/AnthozoanCrabGore.png
Gores/AcidRain/AnthozoanCrabGore2.png
Gores/AcidRain/AnthozoanCrabGore3.png
Gores/AcidRain/BabyFlakCrabGore.png
Gores/AcidRain/BelchingCoralGore.png
Gores/AcidRain/BelchingCoralGore2.png
Gores/AcidRain/CragmawMireP1Gore.png
Gores/AcidRain/CragmawMireP1Gore2.png
Gores/AcidRain/CragmawMireP1Gore3.png
Gores/AcidRain/CragmawMireP2Gore.png
Gores/AcidRain/CragmawMireP2Gore2.png
Gores/AcidRain/CragmawMireP2Gore3.png
Gores/AcidRain/FlakCrabGore1.png
Gores/AcidRain/FlakCrabGore2.png
Gores/AcidRain/FlakCrabGore3.png
Gores/AcidRain/GammaSlimeGore.png
Gores/AcidRain/GammaSlimeGore2.png
Gores/AcidRain/NuclearToadGore1.png
Gores/AcidRain/NuclearToadGore2.png
Gores/AcidRain/NuclearToadGore3.png
Gores/AcidRain/NuclearToadGore4.png
Gores/AcidRain/Orthocera.png
NPCs/Providence/Providence_DeathSilhouette.png
Gores/AcidRain/Orthocera2.png
NPCs/Providence/Providence_Head_Boss.png
Gores/AcidRain/OrthoceraGore.png
Gores/AcidRain/OrthoceraGore2.png
Gores/AcidRain/SkyfinGore.png
Gores/AcidRain/SkyfinGore2.png
Gores/AcidRain/SkyfinGore3.png
Gores/AcidRain/SulphurousSkaterGore.png
Gores/AcidRain/SulphurousSkaterGore2.png
Gores/AcidRain/SulphurousSkaterGore3.png
Gores/AcidRain/TrilobiteGore.png
Gores/AcidRain/TrilobiteGore2.png
NPCs/Providence/ProvSpawnDefense_Head_Boss.png
Gores/AcidRain/TrilobiteGore3.png
NPCs/Providence/ProvSpawnHealer_Head_Boss.png
Gores/Amidias/Amidias.png
NPCs/Providence/ProvSpawnOffense_Head_Boss.png
Gores/Amidias/Amidias2.png
Gores/Amidias/Amidias3.png
Gores/Amidias/Amidias4.png
Gores/AngryDog/AngryDog.png
Gores/AngryDog/AngryDog2.png
Gores/AngryDog/AngryDog3.png
Gores/AngryDog/AngryDog4.png
Gores/Apollo/Apollo1.png
NPCs/Ravager/FlamePillar.png
Gores/Apollo/Apollo2.png
Gores/Apollo/Apollo3.png
Gores/Apollo/Apollo4.png
NPCs/Ravager/FlamePillarGlow.png
Gores/Apollo/Apollo5.png
Gores/AquaticScourgeGores/AquaticParasite1.png
Gores/AquaticScourgeGores/AquaticParasite2.png
Gores/AquaticScourgeGores/AquaticSeekerBody.png
Gores/AquaticScourgeGores/AquaticSeekerHead.png
Gores/AquaticScourgeGores/AquaticSeekerTail.png
Gores/AquaticScourgeGores/AquaticUrchin.png
Gores/AquaticScourgeGores/AquaticUrchin2.png
Gores/AquaticScourgeGores/AquaticUrchin3.png
Gores/AquaticScourgeGores/ASBody.png
Gores/AquaticScourgeGores/ASBody2.png
Gores/AquaticScourgeGores/ASBody3.png
Gores/AquaticScourgeGores/ASBody4.png
Projectiles/Rogue/FinalDawnFireSlash.png
Gores/AquaticScourgeGores/ASBodyAlt.png
Gores/AquaticScourgeGores/ASBodyAlt2.png
Gores/AquaticScourgeGores/ASBodyAlt3.png
Gores/AquaticScourgeGores/ASHead.png
Gores/AquaticScourgeGores/ASTail.png
Gores/AquaticScourgeGores/ASTail2.png
Gores/Ares/AresArm_Gore1.png
Gores/Ares/AresArm_Gore2.png
Gores/Ares/AresArm_Gore3.png
Particles/FlameExplosion.png
Gores/Ares/AresBody1.png
Gores/Ares/AresBody2.png
Gores/Ares/AresBody3.png
Gores/Ares/AresBody4.png
Gores/Ares/AresBody5.png
Gores/Ares/AresBody6.png
Gores/Ares/AresBody7.png
Gores/Ares/AresGaussNuke1.png
Gores/Ares/AresGaussNuke2.png
Gores/Ares/AresGaussNuke3.png
Gores/Ares/AresHandBase1.png
Gores/Ares/AresHandBase2.png
Gores/Ares/AresHandBase3.png
Gores/Ares/AresLaserCannon1.png
Gores/Ares/AresLaserCannon2.png
Gores/Ares/AresPlasmaFlamethrower1.png
Gores/Ares/AresPlasmaFlamethrower2.png
Gores/Ares/AresTeslaCannon1.png
Gores/Ares/AresTeslaCannon2.png
Gores/Artemis/Artemis1.png
NPCs/Providence/ProvidenceDefense.png
Gores/Artemis/Artemis2.png
Gores/Artemis/Artemis3.png
Gores/Artemis/Artemis4.png
Gores/Artemis/Artemis5.png
Gores/Astralachnea/AstralachneaGore0.png
Gores/Astralachnea/AstralachneaGore1.png
Gores/Astralachnea/AstralachneaGore2.png
Gores/Astralachnea/AstralachneaGore3.png
Gores/Astralachnea/AstralachneaGore4.png
Gores/Astralachnea/AstralachneaGore5.png
Gores/AstrumAureus/Aureus1.png
Gores/AstrumAureus/Aureus10.png
Gores/AstrumAureus/Aureus11.png
Gores/AstrumAureus/Aureus2.png
Gores/AstrumAureus/Aureus3.png
Gores/AstrumAureus/Aureus4.png
Gores/AstrumAureus/Aureus5.png
NPCs/Ravager/RavagerBody.png
NPCs/Providence/Glowmasks/ProvidenceDefenseAltGlow2.png
Particles/BloomLineSkinny.png
Gores/AstrumAureus/Aureus6.png
Tiles/AstralBrickGlow.png
Tiles/AuricTeslaBar.png
Tiles/BloodOrangePlant.png
Tiles/CosmiliteBarTile.png
Tiles/CryonicBarTile.png
Gores/AstrumAureus/Aureus7.png
Gores/AstrumAureus/Aureus8.png
Gores/AstrumAureus/Aureus9.png
Gores/AstrumDeus/AstrumDeusAltBody1.png
Gores/AstrumDeus/AstrumDeusAltBody2.png
Gores/AstrumDeus/AstrumDeusBody1.png
Gores/AstrumDeus/AstrumDeusBody2.png
Gores/AstrumDeus/AstrumDeusHead1.png
Gores/AstrumDeus/AstrumDeusHead2.png
Gores/AstrumDeus/AstrumDeusHead3.png
Gores/AstrumDeus/AstrumDeusTail1.png
Gores/AstrumDeus/AstrumDeusTail2.png
Gores/Atlas/AtlasGore0.png
Gores/Atlas/AtlasGore1.png
Gores/Atlas/AtlasGore2.png
Gores/Atlas/AtlasGore3.png
Gores/Atlas/AtlasGore4.png
Gores/Atlas/AtlasGore5.png
Gores/Atlas/AtlasGore6.png
Gores/Bandit/Bandit.png
Gores/Bandit/Bandit2.png
Gores/Bandit/Bandit3.png
Gores/Bandit/Bandit4.png
Gores/Bloatfish/Bloatfish.png
Gores/Bloatfish/Bloatfish2.png
Gores/Bloatfish/Bloatfish3.png
Gores/Bohldohr/Bohldohr.png
Gores/Bohldohr/Bohldohr2.png
NPCs/Ravager/RavagerBodyGlow.png
NPCs/Ravager/RavagerBody_Head_Boss.png
NPCs/Ravager/RavagerChain.png
Gores/Bohldohr/Bohldohr3.png
Gores/BucketZombie/BucketZombie.png
Gores/BucketZombie/BucketZombie2.png
Gores/BucketZombie/BucketZombie3.png
NPCs/Ravager/RavagerClawLeft.png
Gores/BucketZombie/BucketZombie4.png
Gores/CalamitasGores/Calamitas.png
Gores/CalamitasGores/Calamitas2.png
Gores/CalamitasGores/Calamitas3.png
Gores/CalamitasGores/Calamitas4.png
Gores/CalamitasGores/Calamitas5.png
Gores/CalamitasGores/Calamitas6.png
Gores/CalamitasGores/Cataclysm.png
Gores/CalamitasGores/Cataclysm2.png
Gores/CalamitasGores/Cataclysm3.png
Gores/CalamitasGores/Cataclysm4.png
Gores/CalamitasGores/Cataclysm5.png
Gores/CalamitasGores/Catastrophe.png
Gores/CalamitasGores/Catastrophe2.png
Gores/CalamitasGores/Catastrophe3.png
Gores/CalamitasGores/Catastrophe4.png
Gores/CalamitasGores/Catastrophe5.png
Gores/CalamitasGores/LifeSeeker.png
Gores/CalamitasGores/LifeSeeker2.png
Gores/CalamitasGores/LifeSeeker3.png
NPCs/Ravager/RavagerClawRight.png
Gores/CalamitasGores/SoulSeeker.png
Gores/CalamitasGores/SoulSeeker2.png
Gores/CalamitasGores/SoulSeeker3.png
Gores/CalamitasGores/SoulSlurper.png
Gores/CalamitasGores/SoulSlurper2.png
Gores/CalamitasGores/SoulSlurper3.png
Gores/CalamitasGores/SoulSlurper4.png
NPCs/Ravager/RavagerHead.png
Gores/CalamityEye/CalamityEye.png
Gores/CalamityEye/CalamityEye2.png
Gores/CladCrab/CladCrab.png
Gores/CladCrab/CladCrab2.png
Gores/CladCrab/CladCrab3.png
Gores/CladCrab/CladCrab4.png
Gores/CultistAssassinGores/RenegadeWarlock.png
Gores/CultistAssassinGores/RenegadeWarlock2.png
NPCs/Ravager/RavagerHead2.png
Gores/CultistAssassinGores/RenegadeWarlock3.png
Gores/Cuttlefish/Cuttlefish.png
Gores/Cuttlefish/Cuttlefish2.png
Gores/Deconstructors/DeconstructorMK1_Body.png
NPCs/Ravager/RavagerLegLeft.png
Gores/Deconstructors/DeconstructorMK1_Body2.png
Gores/Deconstructors/DeconstructorMK1_BodyAlt2_1.png
Gores/Deconstructors/DeconstructorMK1_BodyAlt2_2.png
Gores/Deconstructors/DeconstructorMK1_BodyAlt_1.png
Gores/Deconstructors/DeconstructorMK1_BodyAlt_2.png
NPCs/Ravager/RavagerLegRight.png
Gores/Deconstructors/DeconstructorMK1_Head.png
Tiles/CryonicBrick.png
Gores/Deconstructors/DeconstructorMK1_Head2.png
Gores/Deconstructors/DeconstructorMK1_Tail.png
Gores/DespairStoneGores/DespairStone.png
Gores/DespairStoneGores/DespairStone2.png
Gores/DevilFish/Devilfish.png
Gores/DevilFish/Devilfish2.png
Gores/DevilFish/Devilfish3.png
Tiles/GiantPlanteraBulb.png
Gores/DevilFish/DevilfishAlt.png
Gores/DevilFish/DevilfishAlt2.png
Gores/DevilFish/DevilfishAlt3.png
Gores/Draedon/Chair1.png
Gores/Draedon/Chair2.png
Gores/Draedon/Chair3.png
Gores/Draedon/Chair4.png
Gores/Draedon/Draedon1.png
Gores/Draedon/Draedon2.png
Gores/Draedon/Draedon3.png
Gores/Draedon/Draedon4.png
Gores/DraedonLabCritters/RepairUnit1.png
Tiles/GiantPlanteraBulbGlow.png
Gores/DraedonLabCritters/RepairUnit2.png
Gores/DraedonLabCritters/RepairUnit3.png
Gores/EidiolistGores/Eidolist.png
Gores/EidiolistGores/Eidolist2.png
Gores/EidiolistGores/Eidolist3.png
Gores/EidiolistGores/Eidolist4.png
Gores/Foveanator/Foveanator1.png
Gores/Foveanator/Foveanator2.png
Gores/FrogFish/Frogfish.png
Gores/FrogFish/Frogfish2.png
Gores/FusionFeeder/FusionFeederGore0.png
Gores/FusionFeeder/FusionFeederGore1.png
Gores/FusionFeeder/FusionFeederGore2.png
Gores/FusionFeeder/FusionFeederGore3.png
Gores/FusionFeeder/FusionFeederGore4.png
Gores/FusionFeeder/FusionFeederGore5.png
Gores/GemCrawler Gems/CrawlerAmber.png
Gores/GemCrawler Gems/CrawlerAmber2.png
Gores/GemCrawler Gems/CrawlerAmethyst.png
NPCs/Ravager/Ravager_BossChecklist.png
Gores/GemCrawler Gems/CrawlerAmethyst2.png
Gores/GemCrawler Gems/CrawlerCrystal.png
Gores/GemCrawler Gems/CrawlerCrystal2.png
Gores/GemCrawler Gems/CrawlerDiamond.png
NPCs/Ravager/RockPillar.png
NPCs/Signus/CosmicLantern.png
Gores/GemCrawler Gems/CrawlerDiamond2.png
NPCs/Signus/CosmicLanternGlow.png
Gores/GemCrawler Gems/CrawlerEmerald.png
NPCs/Signus/CosmicMine.png
Gores/GemCrawler Gems/CrawlerEmerald2.png
Gores/GemCrawler Gems/CrawlerRuby.png
Gores/GemCrawler Gems/CrawlerRuby2.png
Gores/GemCrawler Gems/CrawlerSapphire.png
Gores/GemCrawler Gems/CrawlerSapphire2.png
Gores/GemCrawler Gems/CrawlerTopaz.png
Gores/GemCrawler Gems/CrawlerTopaz2.png
Gores/GemCrawler Universal/Crawler.png
Gores/GemCrawler Universal/Crawler2.png
Gores/GiantClam/GiantClam1.png
Projectiles/Rogue/FinalDawnFireSlash_Glow.png
Gores/GiantClam/GiantClam2.png
Projectiles/Rogue/FinalDawnFlame.png
Gores/GiantClam/GiantClam3.png
Gores/GiantClam/GiantClam4.png
Gores/GiantClam/GiantClam5.png
Gores/Hadarian/HadarianGore0.png
Gores/Hadarian/HadarianGore1.png
NPCs/Providence/Glowmasks/ProvidenceDefenseAltGlowNight.png
Tiles/MonsterBanner.png
Tiles/PerennialBar.png
Particles/GlowSpark2.png
Gores/Hadarian/HadarianGore2.png
NPCs/Signus/Signus.png
Gores/Hadarian/HadarianGore3.png
Gores/Hadarian/HadarianGore4.png
Particles/GlowSquareFading.png
Particles/GlowSquareParticle.png
Particles/GlowSquareParticleBig.png
Tiles/PerennialBrick.png
Tiles/PlacedRock.png
Tiles/RoxTile.png
Tiles/ScoriaBarPlaced.png
NPCs/Signus/SignusAlt.png
Particles/GlowSquareParticleThick.png
Tiles/ScoriaBrick.png
NPCs/Providence/ProvidenceDefenseAlt.png
Tiles/ScoriaBrickGlow.png
Tiles/ShadowspecBarTile.png
Gores/HarvestStaffGores/PumpkinGore1.png
Gores/HarvestStaffGores/PumpkinGore2.png
Gores/HarvestStaffGores/PumpkinGore3.png
Gores/HarvestStaffGores/PumpkinGore4.png
Gores/HarvestStaffGores/PumpkinGore5.png
Gores/HarvestStaffGores/PumpkinGore6.png
Gores/HauntedChum/ChumBone1.png
Gores/HauntedChum/ChumBone2.png
Gores/HauntedChum/HauntedChum.png
Gores/HauntedChum/HauntedChumMouth.png
Gores/HiveMindGores/DankCreeperGore.png
Gores/HiveMindGores/DankCreeperGore2.png
Gores/HiveMindGores/DankCreeperGore3.png
Gores/HiveMindGores/HiveMindGore1.png
Gores/HiveMindGores/HiveMindGore2.png
NPCs/Signus/SignusAlt2.png
Particles/GlowTriangle.png
Particles/HalfIceStar.png
Gores/HiveMindGores/HiveMindGore3.png
Particles/HalfLine.png
Particles/HalfStar.png
Particles/HealingPlus.png
Particles/HeartParticle.png
Gores/HiveMindGores/HiveMindGore4.png
Gores/HiveMindGores/HiveMindGore5.png
Gores/HiveMindGores/HiveMindGore6.png
Gores/HiveMindGores/HiveMindGore7.png
Gores/HiveMindGores/HiveMindP2Gore1.png
Gores/HiveMindGores/HiveMindP2Gore10.png
NPCs/Signus/SignusAlt2Glow.png
Tiles/Stohne.png
Gores/HiveMindGores/HiveMindP2Gore2.png
Gores/HiveMindGores/HiveMindP2Gore3.png
Tiles/UelibloomBar.png
Particles/ShatteredExplosion.png
NPCs/Leviathan/Leviathan.png
Tiles/UelibloomBrick.png
NPCs/Signus/SignusAltGlow.png
Tiles/UelibloomBrick_Leaves.png
Tiles/VernalSoil.png
Tiles/VernicFernGrass.png
NPCs/Signus/SignusGlow.png
NPCs/Signus/Signus_Head_Boss.png
Tiles/WulfrumPipes.png
Gores/HiveMindGores/HiveMindP2Gore4.png
Gores/HiveMindGores/HiveMindP2Gore5.png
NPCs/SlimeGod/CorruptSlimeSpawn.png
NPCs/SlimeGod/CorruptSlimeSpawn2.png
Gores/HiveMindGores/HiveMindP2Gore6.png
NPCs/SlimeGod/CrimsonSlimeSpawn.png
Gores/HiveMindGores/HiveMindP2Gore7.png
Gores/HiveMindGores/HiveMindP2Gore8.png
NPCs/SlimeGod/CrimsonSlimeSpawn2.png
Gores/HiveMindGores/HiveMindP2Gore9.png
Gores/IceClasper/IceClasper.png
Gores/IceClasper/IceClasper2.png
Gores/IceClasper/IceClasper3.png
Gores/ImpiousImmolator/ImpiousImmolator.png
Gores/ImpiousImmolator/ImpiousImmolator2.png
Gores/ImpiousImmolator/ImpiousImmolator3.png
Gores/IrradiatedSlime/IrradiatedSlime.png
Gores/IrradiatedSlime/IrradiatedSlime2.png
Walls/AbyssGravelWall.png
Gores/LecherousOrb/LecherousGore1.png
Gores/LecherousOrb/LecherousGore2.png
Gores/LecherousOrb/LecherousGore3.png
Particles/LineThick.png
Gores/LecherousOrb/LecherousGore4.png
NPCs/SlimeGod/CrimulanPaladin.png
NPCs/SlimeGod/CrimulanPaladin_Head_Boss.png
Walls/AcidwoodWall.png
UI/DraedonLogs/DraedonsLogPermafrost.png
Projectiles/Rogue/FinalDawnHorizontalSlash.png
Walls/AerialiteBrickWall.png
Gores/LeviathanGores/LeviGore.png
NPCs/SlimeGod/EbonianPaladin.png
NPCs/SlimeGod/EbonianPaladin_Head_Boss.png
Walls/AncientSmoothNavystoneWall.png
NPCs/SlimeGod/SlimeGodCore.png
NPCs/SlimeGod/SlimeGodCore_Head_Boss.png
NPCs/SlimeGod/SlimeGodEyes.png
Particles/HeavySmoke.png
Skies/AstralSky.png
Gores/LeviathanGores/LeviGore2.png
NPCs/SlimeGod/SplitCrimulanPaladin.png
NPCs/SlimeGod/SplitCrimulanPaladin_Head_Boss.png
Projectiles/Rogue/FinalDawnHorizontalSlash_Glow.png
Projectiles/Rogue/FinalDawnProjectile.png
Walls/AnodizedWulfrumTrimWall.png
Projectiles/Rogue/FinalDawnProjectile_Glow.png
NPCs/Providence/Glowmasks/ProvidenceDefenseGlow.png
Projectiles/Rogue/FinalDawnReticle.png
Projectiles/Rogue/FinalDawnReticleSymbol.png
Projectiles/Rogue/FinalDawnThrow.png
Projectiles/Rogue/FinalDawnThrow2.png
Projectiles/Rogue/FinalDawnThrow2_Glow.png
NPCs/SlimeGod/SplitEbonianPaladin.png
Gores/LeviathanGores/LeviGore3.png
Projectiles/Rogue/FinalDawnThrow_Glow.png
Projectiles/Rogue/Fork.png
Tiles/SunkenSea/SeaPrism_Purple.png
Projectiles/Rogue/FrostShardFriendly.png
Projectiles/Rogue/GildedDaggerProj.png
Projectiles/Rogue/GleamingDaggerProj.png
NPCs/SlimeGod/SplitEbonianPaladin_Head_Boss.png
NPCs/StormWeaver/StormWeaverBody.png
Gores/LeviathanGores/LeviGore4.png
NPCs/StormWeaver/StormWeaverBodyNaked.png
Gores/LuminousCorvina/LuminousCorvina.png
Gores/LuminousCorvina/LuminousCorvina2.png
Gores/LuminousCorvina/LuminousCorvina3.png
Gores/MantisShrimp/MantisShrimp.png
Gores/MantisShrimp/MantisShrimp2.png
NPCs/StormWeaver/StormWeaverHead.png
Gores/MantisShrimp/MantisShrimp3.png
Particles/MammothParticle.png
Gores/Melter/Melter.png
Gores/Melter/Melter2.png
Gores/Melter/Melter3.png
NPCs/StormWeaver/StormWeaverHeadNaked.png
Gores/MorayEel/MorayEel.png
Gores/MorayEel/MorayEel2.png
NPCs/StormWeaver/StormWeaverHeadNaked_Head_Boss.png
Projectiles/Rogue/GodsParanoiaDart.png
Gores/MorayEel/MorayEel3.png
NPCs/StormWeaver/StormWeaverHead_Head_Boss.png
Projectiles/Rogue/GrimreaverBat.png
Gores/Nova/NovaGore0.png
Gores/Nova/NovaGore1.png
Gores/Nova/NovaGore2.png
NPCs/Providence/ProvidenceDefenseAltNight.png
Gores/Nova/NovaGore3.png
NPCs/StormWeaver/StormWeaverTail.png
Gores/Nova/NovaGore4.png
Gores/Nova/NovaGore5.png
Gores/Nova/NovaGore6.png
Projectiles/Rogue/GrimreaverSkull.png
Projectiles/Rogue/HoneycombFragment.png
NPCs/StormWeaver/StormWeaverTailGlow.png
Projectiles/Rogue/HoneycombFragment2.png
Gores/Oarfish/OarfishBody.png
Projectiles/Rogue/HoneycombFragment3.png
Gores/Oarfish/OarfishHead.png
Projectiles/Rogue/HypothermiaChunk.png
NPCs/StormWeaver/StormWeaverTailNaked.png
Projectiles/Rogue/HypothermiaShard.png
Gores/Oarfish/OarfishTail.png
Gores/OldDuke/OldDukeGore.png
Gores/OldDuke/OldDukeGore2.png
Walls/ElumplateWall.png
Gores/OldDuke/OldDukeGore3.png
NPCs/StormWeaver/StormWeaver_BossChecklist.png
Gores/OldDuke/OldDukeGore4.png
Gores/OldDuke/OldDukeToothBallGore.png
Gores/OldDuke/OldDukeToothBallGore2.png
Gores/OldDuke/SulphurousSharkronGore.png
Projectiles/Rogue/HypothermiaShard2.png
Gores/OldDuke/SulphurousSharkronGore2.png
Gores/PlagueCharger/PlagueCharger.png
Gores/PlagueCharger/PlagueCharger2.png
Walls/AstralGrassWall.png
Gores/PlagueCharger/PlagueCharger3.png
Gores/PlagueCharger/PlagueCharger4.png
Projectiles/Rogue/HypothermiaShard3.png
Walls/AstralGrassWallLeaves.png
Particles/MantisPunch.png
Gores/Plagueshell/Plagueshell.png
Gores/Plagueshell/Plagueshell2.png
Gores/Plagueshell/Plagueshell3.png
Gores/ProfanedEnergy/ProfanedEnergyBody.png
Gores/ProfanedEnergy/ProfanedEnergyBody2.png
Particles/MediumLongThrust.png
Gores/ProfanedEnergy/ProfanedEnergyBody3.png
Gores/ProfanedGuardianBossGores/ProfanedGuardianBossA.png
NPCs/SulphurousSea/AnthozoanCrab.png
NPCs/SulphurousSea/AquaticUrchin.png
NPCs/SulphurousSea/BelchingCoral.png
Gores/ProfanedGuardianBossGores/ProfanedGuardianBossA2.png
Gores/ProfanedGuardianBossGores/ProfanedGuardianBossA3.png
Gores/ProfanedGuardianBossGores/ProfanedGuardianBossA4.png
NPCs/SulphurousSea/Gnasher.png
NPCs/SulphurousSea/MicrobialCluster.png
Gores/ProfanedGuardianBossGores/ProfanedGuardianBossH.png
Walls/AstralIceWall.png
NPCs/SulphurousSea/Sulflounder.png
Walls/OccultBrickWall.png
NPCs/SulphurousSea/Toxicatfish.png
Gores/ProfanedGuardianBossGores/ProfanedGuardianBossH2.png
NPCs/SunkenSea/BabyGhostBellGlow.png
NPCs/SunkenSea/BlindedAngler.png
NPCs/SunkenSea/BlindedAnglerGlow.png
Walls/OnyxplateWall.png
NPCs/SunkenSea/Clam.png
NPCs/SulphurousSea/Trasher.png
NPCs/SunkenSea/BabyGhostBell.png
NPCs/SunkenSea/EutrophicRay.png
NPCs/SunkenSea/SeaSerpent2.png
NPCs/SunkenSea/SeaSerpent3.png
NPCs/SunkenSea/SeaSerpent4.png
NPCs/SunkenSea/SeaSerpent5.png
NPCs/SunkenSea/EutrophicRayGlow.png
Walls/OtherworldlyStoneWall.png
NPCs/SupremeCalamitas/BrimstoneHeart.png
NPCs/SupremeCalamitas/ForcefieldTexture.png
NPCs/SupremeCalamitas/HoodedHeadIcon.png
NPCs/SupremeCalamitas/HoodlessHeadIcon.png
NPCs/SunkenSea/GhostBell.png
NPCs/SupremeCalamitas/SepulcherArm.png
NPCs/SupremeCalamitas/SepulcherBody.png
NPCs/SupremeCalamitas/SepulcherBodyAlt.png
NPCs/SupremeCalamitas/SepulcherBodyEnergyBall.png
NPCs/SunkenSea/GhostBellGlow.png
NPCs/SupremeCalamitas/SepulcherForearm.png
NPCs/SupremeCalamitas/SepulcherHand.png
NPCs/SupremeCalamitas/SepulcherHead.png
NPCs/SupremeCalamitas/SepulcherTail.png
Projectiles/Rogue/HypothermiaShard4.png
Projectiles/Rogue/InfernalKrisCinder.png
Projectiles/Rogue/InkBombProjectile.png
Projectiles/Rogue/InkCloud1.png
Projectiles/Rogue/InkCloud2.png
Projectiles/Rogue/InkCloud3.png
Projectiles/Rogue/JawsProjectile.png
Projectiles/Rogue/Knife.png
Projectiles/Rogue/LanceofDestiny.png
Skies/AstralSurfaceCloseGlow.png
Projectiles/Rogue/LeonidCometBig.png
Projectiles/Rogue/LeonidCometBigGlow.png
Projectiles/Rogue/LeonidCometSmall.png
Projectiles/Rogue/LeonidCometSmallGlow.png
Projectiles/Rogue/LeonidStar.png
Projectiles/Rogue/LeviathanTooth.png
Projectiles/Rogue/LeviathanTooth2.png
Projectiles/Rogue/LeviathanTooth3.png
NPCs/SupremeCalamitas/SoulSeekerSupreme.png
Projectiles/Rogue/LostSoulFriendly.png
Projectiles/Rogue/LunarKunaiProj.png
Projectiles/Rogue/LuxorsGiftRogue.png
Projectiles/Rogue/MalachiteProj.png
Projectiles/Rogue/MetalShard.png
Projectiles/Rogue/MetalShard2.png
NPCs/SupremeCalamitas/SoulSeekerSupremeGlow.png
Projectiles/Rogue/MetalShard3.png
Projectiles/Rogue/MeteorFistProj.png
Projectiles/Rogue/MoltenAmputatorAnimated.png
NPCs/SupremeCalamitas/SupremeCalamitas.png
Particles/PlasmaExplosion.png
Particles/PointParticle.png
Projectiles/Rogue/MoonSigil.png
Particles/ProvidenceMarkParticle.png
Projectiles/Rogue/NanoblackTesselation.png
Projectiles/Rogue/NanoblackTesselationGlow.png
Projectiles/Rogue/NastyChollaNeedle.png
Projectiles/Rogue/PenumbraSoul.png
Particles/PulseStar.png
Projectiles/Rogue/PhantasmalSoul.png
NPCs/SunkenSea/GiantClam.png
Walls/AshenSlabWall.png
Walls/AstralBrickWall.png
NPCs/SupremeCalamitas/SupremeCalamitasHooded.png
Projectiles/Rogue/PhantasmalSoulBlue.png
Projectiles/Rogue/PlaguedFuelPackCloud.png
Projectiles/Rogue/PlaguenadeBee.png
Projectiles/Rogue/PrismShurikenBlade.png
Projectiles/Rogue/ProfanedPartisanSpear.png
Walls/AstralDirtWall.png
Walls/ScarletSeaGrassWall_Leaves.png
UI/DraedonLogs/DraedonsLogPlaguebringerGoliath.png
Skies/AstralSurfaceFrontGlow.png
NPCs/SunkenSea/GiantClamGlow.png
NPCs/SunkenSea/GiantClam_Head_Boss.png
Walls/StratusWall.png
Walls/SulphurousSandstoneWall.png
NPCs/SunkenSea/PrismBack.png
Walls/SulphurousSandWall.png
NPCs/SunkenSea/PrismBackGlow.png
NPCs/SunkenSea/SeaFloaty.png
NPCs/SunkenSea/SeaMinnow.png
NPCs/SunkenSea/SeaSerpent1.png
Walls/SulphurousShaleWall.png
NPCs/TownNPCs/AndroombaFriendly_Crimson.png
NPCs/TownNPCs/AndroombaFriendly_Desert.png
NPCs/TownNPCs/AndroombaFriendly_Forest.png
NPCs/TownNPCs/AndroombaFriendly_Hallow.png
NPCs/TownNPCs/AndroombaFriendly_Mushroom.png
NPCs/TownNPCs/AndroombaFriendly_Pure.png
UI/DraedonLogs/DraedonsLogPlagueCell.png
Walls/UelibloomBrickWall.png
NPCs/TownNPCs/AndroombaFriendly_Snow.png
Walls/PerennialBrickWall.png
Walls/PlagueContainmentCellsWall.png
NPCs/TownNPCs/Archmage.png
NPCs/TownNPCs/Archmage_Head.png
NPCs/TownNPCs/Bandit.png
NPCs/Providence/ProvidenceDefenseNight.png
Walls/PlaguedPlateWall.png
NPCs/TownNPCs/BanditAlt.png
NPCs/TownNPCs/Bandit_Head.png
Skies/AstralSurfaceMiddleGlow.png
NPCs/TownNPCs/BrimstoneWitch.png
NPCs/TownNPCs/BrimstoneWitch_Head.png
Walls/PolishedMarniteWall.png
NPCs/TownNPCs/SeaKing.png
Walls/VoidstoneSlabWall.png
NPCs/TownNPCs/SeaKing_Head.png
Walls/AstralMonolithWall.png
Walls/VoidstoneWall.png
NPCs/Leviathan/LeviathanAttack.png
Walls/VoidstoneWall_Glowmask.png
Walls/ProfanedCrystalWall.png
Walls/WulfrumComplexPanelWall.png
Walls/WulfrumComplexPanelWall_Glow.png
Walls/ScorchedBoneWall.png
Walls/ProfanedRockWall.png
Walls/WulfrumEnergyBarrierWall.png
Walls/ScoriaBrickWall.png
Walls/SeaPrismWall.png
Walls/WulfrumEnergyBarrierWallReflect.png
NPCs/Leviathan/LeviathanStart.png
Walls/AstralSandstoneWall.png
NPCs/SupremeCalamitas/SupremeCataclysm.png
Walls/AstralSnowWall.png
Walls/AstralStoneWall.png
Walls/WulfrumPanelWall.png
NPCs/Yharon/Yharon.png
NPCs/Leviathan/LeviathanStartGlow.png
NPCs/Leviathan/Leviathan_Head_Boss.png
Particles/FlameExplosion2.png
Walls/WulfrumPillar.png
NPCs/NormalNPCs/AeroSlime.png
NPCs/NormalNPCs/AuroraSpirit.png
Particles/Flames.png
Particles/FlatShape.png
Walls/BrimstoneSlabWall.png
NPCs/NormalNPCs/BloomSlime.png
NPCs/NormalNPCs/Bohldohr.png
NPCs/NormalNPCs/BucketZombie.png
NPCs/NormalNPCs/CladCrab.png
NPCs/NormalNPCs/CloudElemental.png
Walls/BrimstoneSlagWall.png
Walls/WulfrumPlatingWall.png
NPCs/NormalNPCs/CloudElementalAttack.png
NPCs/Providence/ProvidenceNight.png
Projectiles/Boss/AresPlasmaBolt.png
Projectiles/Boss/AresPlasmaFireball.png
Walls/CelestialRemainsWall.png
Projectiles/Boss/AresTeslaOrb.png
Projectiles/Boss/ArtemisLaser.png
Projectiles/Boss/AstralFlame.png
Projectiles/Boss/AstralLaser.png
Projectiles/Boss/AstralShot2.png
Particles/SmokeExplosion.png
Particles/ForwardSmear.png
Particles/FullStar.png
Walls/ChargedWulfrumEnergyBarrierWall.png
NPCs/SupremeCalamitas/SupremeCataclysmGlow.png
NPCs/SupremeCalamitas/SupremeCataclysm_Head_Boss.png
Projectiles/Boss/Basketball.png
Walls/WulfrumSheetWall.png
Projectiles/Boss/BigFlare.png
Walls/ChargedWulfrumEnergyBarrierWallReflect.png
NPCs/Yharon/YharonGlowGreen.png
Projectiles/Boss/BigFlare2.png
Walls/CinderplateWall.png
Particles/HighResFoggyCircleHardEdge.png
Walls/WulfrumSidingWall.png
Waters/AstralRain.png
NPCs/NormalNPCs/Cnidrion.png
NPCs/NormalNPCs/CrawlerAmber.png
Waters/AstralWater.png
Waters/AstralWaterflow.png
Waters/AstralWater_Block.png
Waters/AstralWater_Slope.png
Projectiles/Boss/BrimstoneMonster.png
UI/DraedonLogs/DraedonsLogPlanetoid.png
Waters/BasaltGullyLava.png
MainMenu/ClassicMenuBackground.png
Walls/CosmiliteBrickWall.png
Waters/CragsLava_Block.png
Waters/CragsLava_Slope.png
Particles/QuarterCircle.png
Projectiles/Boss/BirbAura.png
Projectiles/Boss/BloodGeyser.png
Projectiles/Boss/BrimstoneBarrage.png
Projectiles/Boss/BrimstoneHellblast.png
Projectiles/Boss/BrimstoneHellblast2.png
Projectiles/Boss/BrimstoneHellfireball.png
Projectiles/Boss/DestroyerElectricLaser.png
Waters/FloralParadiseWater.png
Projectiles/Boss/DeusMine.png
Projectiles/Boss/DeusRitualDrama.png
Projectiles/Boss/DoGBeam.png
Waters/BasaltGullyLavaflow.png
Waters/BasaltGullyLava_Block.png
Waters/BasaltGullyLava_Slope.png
Projectiles/Boss/BrimstoneMonsterII.png
Waters/FloralParadiseWaterflow.png
Waters/FloralParadiseWater_Block.png
Waters/FloralParadiseWater_Slope.png
Projectiles/Boss/DoGBeamPortal.png
Projectiles/Boss/DoGDeath.png
Waters/BasaltGullyWater.png
Waters/BasaltGullyWaterflow.png
Waters/BasaltGullyWater_Block.png
Waters/BasaltGullyWater_Slope.png
Skies/CalamitasBackground.png
Waters/MiddleAbyssWater.png
Skies/CalamitasCinder.png
Projectiles/Boss/Flare.png
Waters/MiddleAbyssWaterflow.png
Waters/MiddleAbyssWater_Block.png
Projectiles/Boss/FlareBomb.png
Waters/MiddleAbyssWater_Slope.png
NPCs/Yharon/YharonGlowOrange.png
Projectiles/Boss/BrimstoneRay.png
Projectiles/Boss/BrimstoneWave.png
Projectiles/Boss/BrokenApolloLens.png
Projectiles/Boss/BrokenArtemisLens.png
Projectiles/Boss/BurningBolt.png
Waters/CragsLava.png
Projectiles/Boss/BurningFireblast.png
Waters/PissWater.png
Waters/CragsLavaflow.png
Waters/SulphuricDepthsWater_Block.png
Waters/SulphuricDepthsWater_Slope.png
Projectiles/Boss/BurningGigablast.png
Waters/SulphuricRain.png
Projectiles/Boss/CatastrophicCinder.png
Waters/PissWaterflow.png
Waters/PissWater_Block.png
Waters/PissWater_Slope.png
Walls/ProfanedSlabWall.png
Projectiles/Boss/DarkEnergyBall.png
Walls/CryonicBrickWall.png
Waters/SulphuricWater.png
Skies/SulphurSeaSky.png
Waters/SulphuricDepthsWater.png
Waters/SulphuricWaterflow.png
Waters/SulphuricWater_Block.png
Waters/SulphuricWater_Slope.png
Waters/SulphuricDepthsWaterflow.png
Waters/SunkenSeaReefsWaterflow.png
Projectiles/Boss/DarkEnergyBallGlow.png
Walls/DriftwoodWall.png
Waters/SunkenSeaReefsWater_Block.png
Waters/SunkenSeaReefsWater_Slope.png
Backgrounds/MapBackgrounds/AbyssBGLayer23.png
Waters/SunkenSeaBurrowsWater.png
Backgrounds/MapBackgrounds/AbyssBGLayer4.png
Backgrounds/MapBackgrounds/AstralBG.png
Backgrounds/MapBackgrounds/SulphurBG.png
Buffs/Alcohol/AlcoholPoisoning.png
Buffs/Alcohol/BloodyMaryBuff.png
Buffs/Alcohol/CaribbeanRumBuff.png
Buffs/Alcohol/CinnamonRollBuff.png
Buffs/Alcohol/EverclearBuff.png
Buffs/Alcohol/EvergreenGinBuff.png
Buffs/Alcohol/FireballBuff.png
Buffs/Alcohol/GrapeBeerBuff.png
Buffs/Alcohol/ManhattanBuff.png
Buffs/Alcohol/MargaritaBuff.png
Buffs/Alcohol/MoonshineBuff.png
Buffs/Alcohol/MoscowMuleBuff.png
Buffs/Alcohol/OldFashionedBuff.png
Buffs/Alcohol/PurpleHazeBuff.png
Buffs/Alcohol/RedWineBuff.png
Buffs/Alcohol/RumBuff.png
Buffs/Alcohol/ScrewdriverBuff.png
Buffs/Alcohol/StarBeamRyeBuff.png
Buffs/Alcohol/TequilaBuff.png
Buffs/Alcohol/TequilaSunriseBuff.png
Buffs/Alcohol/Trippy.png
Waters/SunkenSeaShoresWater.png
Buffs/Alcohol/VodkaBuff.png
Buffs/Alcohol/WhiskeyBuff.png
Buffs/Alcohol/WhiteWineBuff.png
Buffs/Cooldowns/Withered.png
Buffs/DamageOverTime/AstralInfectionDebuff.png
Walls/PyreMantleWall.png
Buffs/DamageOverTime/AuricRebuke.png
Waters/SunkenSeaShoresWaterflow.png
Waters/SunkenSeaShoresWater_Block.png
Projectiles/Boss/DarkEnergyBallGlow2.png
Buffs/DamageOverTime/BanishingFire.png
Waters/SunkenSeaShoresWater_Slope.png
Buffs/DamageOverTime/BrainRot.png
Buffs/DamageOverTime/BrimstoneFlames.png
Buffs/DamageOverTime/BurningBlood.png
Buffs/DamageOverTime/CrushDepth.png
Buffs/DamageOverTime/Daybroken.png
Buffs/DamageOverTime/DemonicFlames.png
Waters/SunkenSeaBurrowsWaterflow.png
Buffs/DamageOverTime/Dragonfire.png
Buffs/DamageOverTime/ElementalMix.png
NPCs/SupremeCalamitas/SupremeCatastrophe.png
Waters/UpperAbyssWater.png
Waters/UpperAbyssWaterflow.png
Waters/SunkenSeaBurrowsWater_Block.png
Waters/SunkenSeaBurrowsWater_Slope.png
Waters/UpperAbyssWater_Block.png
Waters/UpperAbyssWater_Slope.png
Projectiles/Boss/DesertScourgeDiveSplash.png
Projectiles/Boss/DesertScourgeSpit.png
Projectiles/Boss/DestroyerCursedLaser.png
Projectiles/Boss/Flarenado.png
Projectiles/Boss/FrostMist.png
Projectiles/Boss/GooglyEye.png
Projectiles/Boss/GreatSandBlast.png
Projectiles/Boss/HiveBombGoliath.png
Projectiles/Boss/HiveBombGoliathGlow.png
Waters/VoidWater.png
Buffs/DamageOverTime/GodSlayerInferno.png
Buffs/DamageOverTime/HadopelagicPressure.png
Buffs/DamageOverTime/HeavyBleeding.png
Buffs/DamageOverTime/HolyFlames.png
Buffs/DamageOverTime/HolyInferno.png
Buffs/DamageOverTime/Laceration.png
Buffs/DamageOverTime/ManaBurn.png
Waters/VoidWaterflow.png
Buffs/DamageOverTime/MiracleBlight.png
Buffs/DamageOverTime/Nightwither.png
Waters/VoidWater_Block.png
Buffs/DamageOverTime/Plague.png
Waters/VoidWater_Slope.png
Buffs/DamageOverTime/RiptideDebuff.png
Buffs/DamageOverTime/SagePoison.png
Buffs/DamageOverTime/SearingLava.png
Buffs/DamageOverTime/Shadowflame.png
Buffs/DamageOverTime/ShellfishClaps.png
Buffs/DamageOverTime/Shred.png
Buffs/DamageOverTime/SnapClamDebuff.png
Buffs/DamageOverTime/StaticDischarge.png
Buffs/DamageOverTime/SulphuricPoisoning.png
Backgrounds/MapBackgrounds/AbyssBGLayer1.png
Buffs/DamageOverTime/TrueVulnerabilityHex.png
Buffs/DamageOverTime/WeakBrimstoneFlames.png
Buffs/Mounts/AndromedaBuff.png
Buffs/Mounts/AndromedaSmallBuff.png
Buffs/Mounts/BrimroseMount.png
Buffs/Mounts/BumbledogeMount.png
Buffs/DamageOverTime/Vaporfied.png
Buffs/DamageOverTime/VermillionFlux.png
Buffs/DamageOverTime/Voidfrost.png
Projectiles/Boss/HolyBlastNight.png
Projectiles/Boss/HolyBomb.png
Waters/SunkenSeaPolypWater.png
Buffs/Mounts/DraedonGamerChairBuff.png
Buffs/Mounts/ExoTankBuff.png
Buffs/Mounts/GazeOfCrysthamyrBuff.png
Buffs/Mounts/MarniteLiftBuff.png
Buffs/Mounts/OnyxExcavatorBuff.png
Buffs/Mounts/RimehoundBuff.png
Buffs/Mounts/SquishyBeanBuff.png
Buffs/Mounts/TheCartofGodsBuff.png
Buffs/DamageOverTime/VulnerabilityHex.png
Buffs/Pets/AkatoBuff.png
Buffs/Pets/BabyGhostBellBuff.png
Buffs/Pets/BearBuff.png
Buffs/Pets/ArcherofLunamoon.png
Projectiles/Boss/HolyBombNight.png
Buffs/Pets/BloodBound.png
Buffs/Pets/AstrophageBuff.png
Buffs/Pets/Kendra.png
Projectiles/Boss/HolyFire.png
Buffs/Pets/BrimlingBuff.png
Buffs/Pets/LadBuff.png
Projectiles/Boss/HolyFire2.png
Buffs/Pets/BurrowerBuff.png
Buffs/Pets/ChibiiDoGBuff.png
Projectiles/Boss/HolyAura.png
Projectiles/Boss/HolyFire2Night.png
Buffs/Pets/LeviBuff.png
Projectiles/Boss/HolyFireNight.png
Buffs/Pets/ClassicSCalPetBuff.png
Buffs/Pets/LittleLightBuff.png
Projectiles/Boss/HolyFlare.png
Buffs/Pets/LordeBuff.png
Buffs/Pets/DannyDevito.png
Buffs/Pets/Dreamfog.png
Projectiles/Boss/HolyFlareNight.png
Buffs/Pets/EidolonSnailBuff.png
Projectiles/Boss/HolySpear.png
Buffs/Pets/ElectricTroublemaker.png
Projectiles/Boss/HomingGasBulb.png
Buffs/Pets/MiniMindBuff.png
Projectiles/Boss/HomingGasBulbSporeGas.png
Projectiles/Boss/HomingGasBulbSporeGas2.png
Buffs/Pets/OceanSpiritBuff.png
Projectiles/Boss/HomingGasBulbSporeGas3.png
Buffs/Pets/FlakHermitBuff.png
Buffs/Pets/PineappleBuff.png
Buffs/Pets/FoxPetBuff.png
Projectiles/Boss/HomingLaserDart.png
Buffs/Pets/PlaguebringerBabBuff.png
Projectiles/Boss/IceBlast.png
Buffs/Pets/FrostyBatBuff.png
Buffs/Pets/RadiatorBuff.png
Projectiles/Boss/IceBomb.png
Waters/SunkenSeaPolypWaterflow.png
Projectiles/Boss/IceRain.png
Buffs/Pets/FurtasticDuoBuff.png
Buffs/Pets/SparksBuff.png
Buffs/Pets/GoldieBuff.png
Buffs/Pets/ThirdSageBuff.png
Waters/SunkenSeaPolypWater_Block.png
Buffs/Placeables/CorruptionEffigyBuff.png
Buffs/Pets/ToastyBatBuff.png
Waters/SunkenSeaPolypWater_Slope.png
Buffs/Placeables/CrimsonEffigyBuff.png
Buffs/Pets/YharonSonBuff.png
Buffs/Placeables/EffigyOfDecayBuff.png
Buffs/Placeables/BlueCandleBuff.png
Buffs/Placeables/PinkCandleBuff.png
Buffs/Placeables/ChaosCandleBuff.png
Buffs/Placeables/PurpleCandleBuff.png
Projectiles/Boss/IchorBlob.png
Buffs/Potions/PhotosynthesisBuff.png
Buffs/Placeables/TranquilityCandleBuff.png
Projectiles/Boss/IchorShot.png
Projectiles/Boss/JewelProjectile.png
Buffs/Placeables/YellowCandleBuff.png
Buffs/Potions/AnechoicCoatingBuff.png
Buffs/Potions/AstralInjectionBuff.png
Buffs/Potions/BaguetteBuff.png
NPCs/Yharon/YharonGlowPurple.png
Buffs/Potions/BloodfinBoost.png
Buffs/Potions/BoundingBuff.png
Buffs/Potions/ShadowBuff.png
Buffs/Potions/CalciumBuff.png
Projectiles/Boss/LeviathanBomb.png
Buffs/Potions/CeaselessHunger.png
Buffs/Potions/GravityNormalizerBuff.png
Buffs/Potions/Omniscience.png
Buffs/Potions/Soaring.png
Buffs/StatBuffs/AmidiasBlessing.png
Projectiles/Boss/MoltenBlast.png
Buffs/Potions/SulphurskinBuff.png
Buffs/StatBuffs/AquaticHeartBuff.png
Buffs/Potions/TeslaBuff.png
Buffs/StatBuffs/AquaticHeartWaterSpeed.png
Buffs/Potions/WeaponImbueBrimstone.png
Buffs/StatBuffs/AvertorBonus.png
Buffs/StatBuffs/BloodflareBloodFrenzy.png
Buffs/Potions/WeaponImbueCrumbling.png
Buffs/StatBuffs/BossEffects.png
Buffs/Potions/WeaponImbueHolyFlames.png
Buffs/StatBuffs/BrimflameFrenzyBuff.png
Buffs/Potions/Zen.png
Buffs/StatBuffs/ChiBuff.png
Buffs/Potions/Zerg.png
Buffs/StatBuffs/AbsorberRegen.png
Buffs/StatBuffs/AbyssalDivingSuitBuff.png
Buffs/StatBuffs/CoralSymbiosis.png
Buffs/StatBuffs/AbyssalMadness.png
Buffs/StatBuffs/CosmicFreeze.png
Waters/SunkenSeaReefsWater.png
Buffs/StatBuffs/AdrenalineMode.png
Buffs/StatBuffs/HallowedRunePower.png
Buffs/StatBuffs/AeolianEarthBuff.png
Buffs/StatBuffs/HallowedRuneRegeneration.png
Buffs/StatBuffs/Afflicted.png
Buffs/StatBuffs/Haste.png
Buffs/StatBuffs/SpiritRegen.png
Buffs/StatBuffs/IceShieldBuff.png
Buffs/StatBuffs/TarragonCloak.png
Buffs/StatBuffs/Mushy.png
Buffs/StatBuffs/TarragonImmunity.png
Buffs/StatBuffs/PhantomicEmpowerment.png
Buffs/StatBuffs/TarraLifeRegen.png
Buffs/StatBuffs/PhantomicRegen.png
Buffs/StatDebuffs/AbsorberAffliction.png
Buffs/StatBuffs/PhantomicShield.png
Buffs/StatDebuffs/AndromedaCripple.png
Buffs/StatBuffs/PinkJellyRegen.png
Buffs/StatDebuffs/ArmorCrunch.png
Buffs/StatBuffs/ProfanedCrystalBuff.png
Buffs/StatDebuffs/Clamity.png
Buffs/StatBuffs/RageMode.png
Buffs/StatDebuffs/Crumbling.png
Buffs/StatBuffs/ReaverRage.png
Projectiles/Boss/MoltenBlastNight.png
Buffs/StatDebuffs/DoGExtremeGravity.png
Buffs/StatBuffs/SandsWindBuff.png
Buffs/StatDebuffs/Enraged.png
Buffs/StatBuffs/SilvaRevival.png
Skies/SulphurSeaSkyFront.png
Buffs/StatDebuffs/Eutrophication.png
Buffs/StatBuffs/SpiritDefense.png
Projectiles/Boss/MoltenBlob.png
Buffs/StatDebuffs/FishAlert.png
Buffs/StatBuffs/SpiritPower.png
Buffs/StatDebuffs/FrozenLungs.png
Buffs/StatDebuffs/IcarusFolly.png
Buffs/StatDebuffs/GalvanicCorrosion.png
Buffs/StatDebuffs/Irradiated.png
Projectiles/Boss/HolyBlast.png
Buffs/StatDebuffs/GlacialState.png
Buffs/StatDebuffs/MarkedforDeath.png
Projectiles/Boss/PhantomBlast.png
Buffs/StatDebuffs/NOU.png
Buffs/Summon/AqueousHunterDroneBuff.png
Projectiles/Boss/PhantomBlast2.png
Buffs/StatDebuffs/PearlAura.png
Buffs/Summon/AstralProbeBuff.png
Projectiles/Boss/PhantomGhostShot.png
Projectiles/Boss/PhantomHookShot.png
Buffs/StatDebuffs/ProfanedWeakness.png
Buffs/Summon/BabyBloodCrawlerBuff.png
Projectiles/Boss/PhantomMine.png
Buffs/Summon/BabySlimeGodBuff.png
Buffs/Summon/BabyStormlionBuff.png
Buffs/StatDebuffs/TemporalSadness.png
Buffs/Summon/BelladonnaSpiritBuff.png
Buffs/StatDebuffs/TimeDistortion.png
Buffs/StatDebuffs/Warped.png
Buffs/Summon/BlackHawkBuff.png
Projectiles/Boss/MoltenBlobNight.png
Buffs/Summon/BrimseekerBuff.png
Projectiles/Boss/MushBomb.png
Buffs/StatDebuffs/WeakPetrification.png
Buffs/Summon/BrimstoneElemental.png
Projectiles/Boss/MushBombGlow.png
Buffs/StatDebuffs/WhisperingDeath.png
Projectiles/Boss/OldDukeGore.png
Buffs/Summon/BrittleStar.png
Buffs/StatDebuffs/WitherDebuff.png
Projectiles/Boss/OldDukeToothBallSpike.png
Buffs/Summon/CalamarisLamentBuff.png
Buffs/Summon/AbandonedSlimeBuff.png
Buffs/Summon/CausticStaffBuff.png
Buffs/Summon/AmphibiansGuitarBuff.png
Buffs/Summon/CinderBlossomBuff.png
Walls/RoundedAnodizedWulfrumPanelWall.png
Buffs/Summon/AncientMineralSharkBuff.png
Buffs/Summon/CloudElemental.png
Buffs/Summon/AquaticStar.png
Buffs/Summon/Corroslime.png
Buffs/Summon/CosmicEnergy.png
Buffs/Summon/CorvidHarbringerBuff.png
Buffs/Summon/CosmicViperEngineBuff.png
Buffs/Summon/FleshBallBuff.png
Buffs/Summon/CosmilampBuff.png
NPCs/Yharon/Yharon_BossChecklist.png
Buffs/Summon/FlowersOfMortalityBuff.png
Buffs/Summon/Crimslime.png
Buffs/Summon/DaedalusCrystalBuff.png
Buffs/Summon/FrostBlossomBuff.png
Buffs/StatBuffs/DivineBless.png
Buffs/Summon/FungalClumpBuff.png
Buffs/StatBuffs/EmpyreanWrath.png
Buffs/Summon/GammaHydraBuff.png
Buffs/StatBuffs/Encased.png
Buffs/Summon/GastricAberrationBuff.png
Buffs/StatBuffs/GraxBoost.png
Buffs/Summon/GlacialEmbraceBuff.png
Buffs/StatBuffs/GreenJellyRegen.png
Buffs/Summon/HauntedDishesBuff.png
Buffs/StatBuffs/HallowedRuneDefense.png
Buffs/Summon/HermitCrab.png
NPCs/Yharon/Yharon_Head_Boss.png
Buffs/Summon/DaedalusGolemBuff.png
UI/DraedonLogs/DraedonsLogPrismBack.png
Buffs/Summon/Herring.png
Buffs/Summon/DankCreeperBuff.png
Buffs/Summon/DazzlingStabberBuff.png
Buffs/Summon/HotE.png
Buffs/Summon/DemonshadeSetDevilBuff.png
Buffs/Summon/HowlTrio.png
Buffs/Summon/KingofConstellationsBuff.png
Buffs/Summon/HydrothermicVentBuff.png
Buffs/Summon/LegionofCelestiaBuff.png
Buffs/Summon/LiliesOfFinalityBuff.png
Buffs/Summon/EnchantedKnifeStaffBuff.png
Buffs/Summon/LilPlaguebringerBuff.png
Projectiles/Boss/ApolloFireball.png
Buffs/Summon/EndoCooperBuff.png
Buffs/Summon/MagicHatBuff.png
Projectiles/Boss/ApolloFireballSplitTelegraph.png
Buffs/Summon/MidnightSunBuff.png
Buffs/Summon/MiniatureEyeofCthulhu.png
Buffs/Summon/EndoHydraBuff.png
Buffs/Summon/MiniPlaguebringerBuff.png
Buffs/Summon/EntropysVigilBuff.png
Projectiles/Boss/ApolloFireballSplitTelegraphGlow.png
Buffs/Summon/MoonFistBuff.png
Buffs/Summon/ExoskeletonCannons.png
Buffs/Summon/MountedScannerBuff.png
Buffs/Summon/EyeOfNightBuff.png
Buffs/Summon/MutatedTruffleBuff.png
Projectiles/Boss/ApolloRocket.png
Buffs/Summon/PerditionBuff.png
Buffs/Summon/FieryDraconidBuff.png
Buffs/Summon/Phantom.png
Projectiles/Boss/ApolloRocketGlow.png
Buffs/Summon/PlantationStaffBuff.png
Buffs/Summon/IceClasperBuff.png
Buffs/Summon/PoleWarperBuff.png
Buffs/Summon/IgneousExaltationBuff.png
Buffs/Summon/KalandraMirrorBuff.png
Projectiles/DraedonsArsenal/CountermeasureMittFinger.png
Projectiles/Boss/PlagueStingerGoliath.png
Projectiles/Boss/PlagueStingerGoliathGlow.png
Projectiles/DraedonsArsenal/CountermeasureMittFinger2.png
Projectiles/Boss/AresDeathBeamStart.png
Projectiles/Boss/ThanatosLaser.png
Projectiles/Boss/ProfanedSpear.png
Projectiles/DraedonsArsenal/CountermeasureMittHoldout.png
Projectiles/Boss/ProfanedSpearNight.png
Projectiles/Boss/THanosSideLaser.png
Projectiles/Boss/ThornBallSpike.png
Projectiles/Boss/ToxicCloud.png
Projectiles/Boss/UnstableCrimulanGlob.png
Projectiles/Boss/UnstableEbonianGlob.png
Projectiles/Boss/VileClot.png
Walls/RunestoneTerracottaWall.png
Projectiles/Boss/WaterSpear.png
Projectiles/DraedonsArsenal/GalvanizingGlaiveProjectile.png
Projectiles/Boss/YharonFireball.png
Projectiles/DraedonsArsenal/HydraulicVoltCrasherProjectile.png
Projectiles/DraedonsArsenal/ImmolationArrow.png
Projectiles/DraedonsArsenal/AnomalysNanogunMPFBDevastator.png
Projectiles/Boss/SandBlast.png
Projectiles/Boss/SandPoisonCloud.png
Particles/RoarPulse.png
Projectiles/Boss/OldDukeVortex.png
Projectiles/DraedonsArsenal/PulseDragonHeadClosed.png
Projectiles/Boss/PeanutRocket.png
Walls/RunestoneWall.png
Projectiles/DraedonsArsenal/VulcanHoldoutHeatedTip.png
Projectiles/DraedonsArsenal/PulseDragonProjectile.png
Projectiles/DraedonsArsenal/PulseGrenadeNoPin.png
Projectiles/DraedonsArsenal/VulcanHoldoutSpear.png
Projectiles/DraedonsArsenal/PulseGrenadePin.png
Projectiles/DraedonsArsenal/PulseTurret.png
Projectiles/DraedonsArsenal/VulcanHoldoutSpearGlow.png
Projectiles/Boss/SandPoisonCloudOldDuke.png
Projectiles/DraedonsArsenal/VulcanProjectile.png
Projectiles/DraedonsArsenal/PulseTurretStand.png
Projectiles/Boss/SandTooth.png
Projectiles/DraedonsArsenal/ShortCircuitHook.png
Projectiles/DraedonsArsenal/AnomalysNanogunPlasmaBeam.png
Projectiles/DraedonsArsenal/ShrimpBody.png
Projectiles/Boss/SCalBrimstoneFireblast.png
Projectiles/DraedonsArsenal/ShrimpBodyGlow.png
Projectiles/DraedonsArsenal/ShrimpTail.png
Projectiles/DraedonsArsenal/ShrimpTailGlow.png
Projectiles/DraedonsArsenal/AnomalysNanogunScope.png
Projectiles/DraedonsArsenal/AugerHoldout.png
Projectiles/DraedonsArsenal/AugerHoldoutGlow.png
Projectiles/DraedonsArsenal/VulcanSpear.png
Projectiles/DraedonsArsenal/VulcanSpearGlow.png
Projectiles/Boss/AresGaussNukeProjectile.png
Projectiles/Enemy/AstralMeteorProj.png
Projectiles/Enemy/BelchingCoralSpike.png
Projectiles/Enemy/CrabBoulder.png
Projectiles/Enemy/CragmawBeam.png
Projectiles/Enemy/CragmawSpike.png
Projectiles/Enemy/CragmawVibeCheckChain.png
Projectiles/Enemy/CragmawVibeCheckMid.png
Projectiles/Boss/SCalBrimstoneGigablast.png
Projectiles/Enemy/CrimsonSpike.png
Projectiles/Enemy/EarthRockBig.png
Projectiles/Enemy/EarthRockSmall.png
Projectiles/Enemy/FlakAcid.png
Projectiles/Enemy/InkBombHostile.png
Projectiles/Boss/ShadeNimbusHostile.png
Projectiles/Boss/ShaderainHostile.png
Projectiles/Boss/SignusScythe.png
Projectiles/Boss/SirenSong.png
Projectiles/DraedonsArsenal/SnakeEye.png
Projectiles/DraedonsArsenal/SnakeEyesSummon.png
Projectiles/DraedonsArsenal/VulcanFlash.png
Projectiles/DraedonsArsenal/VulcanHoldout.png
Projectiles/DraedonsArsenal/VulcanHoldoutGlow.png
Projectiles/Environment/LavaChunk.png
Projectiles/Environment/WaterAlgae.png
Projectiles/Healing/EmpyreanHealOrb.png
Projectiles/Boss/SkyFlare.png
Projectiles/Healing/EssenceFlame.png
Projectiles/Healing/PhantomicHeart.png
Projectiles/Magic/AcidicReed.png
Projectiles/Boss/ProvidenceCrystal.png
Projectiles/Enemy/InkPoisonCloud.png
Projectiles/Boss/ProvidenceCrystalShard.png
Projectiles/Boss/AresGaussNukeProjectileGlow.png
Projectiles/Boss/SupremeCataclysmFist.png
Projectiles/Boss/AresGaussNukeProjectileSpark.png
Projectiles/Enemy/LightningCloud.png
Projectiles/Magic/AcidicSaxBubble.png
Projectiles/Boss/AresLaserBeamStart.png
Projectiles/Magic/AquamarineBolt.png
Projectiles/Enemy/MantisRing.png
Projectiles/Enemy/NuclearBulletLarge.png
Projectiles/Magic/AcidicSaxMist.png
Projectiles/Enemy/NuclearBulletMedium.png
Projectiles/Enemy/NuclearToadGoo.png
Projectiles/Boss/SupremeCataclysmFistAlt.png
Projectiles/Magic/AerSigil.png
Projectiles/Enemy/PearlBurst.png
Projectiles/Magic/AquaSigil.png
Projectiles/Enemy/SulphuricAcidBubble.png
Projectiles/Enemy/SulphuricAcidMist.png
Projectiles/Magic/AerSigilFeather.png
Projectiles/Boss/SupremeCatastropheSlash.png
Projectiles/Enemy/ToxicMinnowCloud.png
Projectiles/Enemy/TrilobiteSpike.png
Projectiles/Environment/AcidDrop.png
Projectiles/Environment/BarrelCactusProjectile.png
Projectiles/Environment/LargeBarrelCactusProjectile.png
Projectiles/Magic/AsteroidMoltenGlow6.png
Projectiles/Magic/AstralachneaFang.png
Projectiles/Magic/AtlantisSpear.png
Projectiles/Magic/BeamingBolt.png
Projectiles/Magic/BeamingBolt2.png
Projectiles/Magic/BeamingThorn.png
Projectiles/Magic/BeamingThornBlossom.png
Projectiles/Magic/BeamStar.png
Projectiles/Boss/SupremeCatastropheSlashAlt.png
Projectiles/Magic/BeastScythe.png
Projectiles/Magic/AetherfluxCannonHoldout.png
Projectiles/Magic/BlackAnurianBubble.png
Projectiles/Magic/AlphaDraconisStar.png
Projectiles/Magic/AnahitasArpeggioNote.png
Projectiles/Magic/ApotheosisEnergy.png
Projectiles/Magic/BlackAnurianPlankton.png
Projectiles/Magic/ApotheosisJaw.png
Projectiles/Boss/ThanatosBeamStart.png
Projectiles/Magic/ApotheosisWorm.png
Projectiles/Magic/BlushieStaffFire.png
Projectiles/Magic/BlushieStaffGear.png
Projectiles/Magic/CauldronProj.png
Projectiles/Magic/CauldronProjGlow.png
Projectiles/Magic/CauldronProjSmall.png
Projectiles/Magic/CauldronProjSmallGlow.png
Projectiles/Magic/EventHorizonBlackhole.png
Projectiles/Magic/ChronoIcicleLarge.png
Projectiles/Magic/EventHorizonStar.png
Projectiles/Magic/AquaSigilWaterball.png
Projectiles/Magic/ChronoIcicleSmall.png
Projectiles/Magic/FatesRevealFlame.png
Projectiles/Boss/ProvidenceCrystal_Halves.png
Projectiles/Magic/FlareBoltProjectile.png
Projectiles/Magic/ForbiddenAxeBlade.png
Projectiles/Magic/FrigidflashBoltProjectile.png
Projectiles/Magic/FrostBoltProjectile.png
Projectiles/Boss/ProvidenceHolyRay.png
Projectiles/Magic/GammaLaser.png
Projectiles/Boss/ProvidenceHolyRayNight.png
Projectiles/Magic/BlankSigil.png
Projectiles/Magic/GhastlyBlast.png
Projectiles/Magic/GhastlySubBlast.png
Projectiles/Magic/GhastlyVisageProj.png
Projectiles/Magic/GhastlyVisageProjGlow.png
Projectiles/Magic/GleamingBolt.png
Projectiles/Magic/GleamingBolt2.png
Projectiles/Magic/GruesomeEminenceHoldout.png
Projectiles/Magic/HadalUrnHoldout.png
Projectiles/Boss/RavagerNuke.png
Projectiles/Magic/HadalUrnIsopod.png
Projectiles/Magic/HadalUrnJellyfish.png
Projectiles/Boss/RedLightningFeather.png
Projectiles/Magic/HadalUrnLamprey.png
Projectiles/Magic/HadalUrnStarfish.png
Projectiles/Magic/HadalUrnStarfishShard.png
Projectiles/Magic/HeliumFlashEmpty.png
Projectiles/Magic/BloodBeam.png
Projectiles/Magic/BlueBubble.png
Projectiles/Magic/BlushieStaffAura.png
Projectiles/Magic/BlushieStaffChain.png
Walls/RunicProfanedBrickWall.png
Projectiles/Magic/MagneticOrb.png
Projectiles/Magic/ManaBolt.png
Projectiles/Magic/ManaBoltSmall.png
Projectiles/Magic/ManaChargedCoral.png
Projectiles/Magic/HellwingBat.png
Projectiles/Magic/HeresyProj.png
Projectiles/Magic/HolyFlame.png
Projectiles/Magic/ManaMonster.png
Projectiles/Magic/IceBlock.png
Projectiles/Magic/IceBlockIcicle.png
Projectiles/Magic/MelterAmp.png
Projectiles/Magic/IceBlockIcicle2.png
Projectiles/Magic/MelterNote1.png
Projectiles/Magic/MelterNote2.png
Projectiles/Magic/IceCluster.png
Projectiles/Magic/MeteorStar.png
Projectiles/Magic/AquaSigilWaterballGhost.png
Projectiles/Magic/Icicle.png
Projectiles/Magic/IcicleStaffProj.png
Projectiles/Magic/ArcticBearPawProj.png
Projectiles/Magic/ArtAttackStar.png
Projectiles/Magic/IgnisSigil.png
Skies/SulphurSeaSurface.png
NPCs/SupremeCalamitas/SupremeCatastropheGlow.png
NPCs/SupremeCalamitas/SupremeCatastrophe_Head_Boss.png
Projectiles/Magic/ChronomancersScytheSwing.png
Projectiles/Magic/ClimaxProj.png
Projectiles/Magic/CoralSpike.png
Projectiles/Magic/CryoBlast.png
Projectiles/Magic/AsteroidMolten.png
Projectiles/Magic/AsteroidMolten2.png
Projectiles/Magic/AsteroidMolten3.png
Projectiles/Magic/AsteroidMolten4.png
Projectiles/Magic/AsteroidMolten5.png
Projectiles/Magic/AsteroidMolten6.png
Projectiles/Magic/DeathValleyDusterProjectile.png
Projectiles/Magic/AsteroidMoltenGlow.png
Projectiles/Magic/EidolicWailSoundwave.png
Projectiles/Magic/AsteroidMoltenGlow2.png
Projectiles/Magic/MeteorStarExplosion.png
Projectiles/Magic/MiasmaGas.png
Projectiles/Magic/NanoPurgeHoldout.png
Projectiles/Magic/AsteroidMoltenGlow3.png
Projectiles/Magic/EternityBook.png
Projectiles/Magic/AsteroidMoltenGlow4.png
Projectiles/Magic/EternityCrystal.png
Projectiles/Magic/RainbowPartyCannonProjectile.png
Projectiles/Magic/RainbowRocket.png
NPCs/SupremeCalamitas/SupremePermafrost.png
NPCs/SupremeCalamitas/SupremeShieldBottom.png
Projectiles/Magic/NebulaCloud.png
Projectiles/Magic/RancorArm.png
NPCs/SupremeCalamitas/SupremeShieldTop.png
Walls/ScarletSeaGrassWall.png
NPCs/TownNPCs/AndroombaFriendly.png
NPCs/TownNPCs/AndroombaFriendly_Astral.png
NPCs/TownNPCs/AndroombaFriendly_Corruption.png
Projectiles/Magic/NebulaCloudCore.png
Projectiles/Magic/NebulaElementalBeam.png
Projectiles/Magic/InfernadoFriendly.png
UI/DraedonLogs/DraedonsLogSunkenSeaBiome.png
Projectiles/Magic/InfernalBlade.png
Projectiles/Magic/IonBlast.png
Projectiles/Magic/KeelhaulBubble.png
Projectiles/Magic/RancorFog.png
Projectiles/Magic/RancorHoldout.png
Projectiles/Magic/RancorMagicCircle.png
Projectiles/Magic/RancorMagicCircleGlowmask.png
Projectiles/Magic/RancorMagicCircleInner.png
Projectiles/Magic/RancorMagicCircleInnerGlowmask.png
Projectiles/Magic/RancorSmallCinder.png
Projectiles/Magic/RedirectingGildedSoul.png
Projectiles/Magic/RedirectingLostSoul.png
Projectiles/Magic/RedirectingVengefulSoul.png
Projectiles/Magic/RougeSlashLarge.png
Projectiles/Magic/RougeSlashMedium.png
Projectiles/Magic/KeelhaulGeyserBottom.png
Projectiles/Magic/NebulaNova.png
Projectiles/Magic/KeelhaulGeyserTop.png
Projectiles/Magic/LightBall.png
Projectiles/Magic/NebulousCataclysm_Held.png
Projectiles/Magic/LightBead.png
Projectiles/Magic/NettleRight.png
Projectiles/Magic/NettleTip.png
Projectiles/Magic/NuclearFuryProjectile.png
Projectiles/Magic/OmicronWingman.png
Projectiles/Magic/LightBlade.png
Projectiles/Magic/LuxorsGiftMagic.png
Projectiles/Magic/OmicronWingmanAlt.png
Projectiles/Magic/MadAlchemistsCocktailAlt.png
Projectiles/Magic/MadAlchemistsCocktailBlue.png
Projectiles/Magic/MadAlchemistsCocktailGasCloud.png
Projectiles/Magic/OrdoSigil.png
Projectiles/Magic/MadAlchemistsCocktailGreen.png
Projectiles/Magic/MadAlchemistsCocktailPurple.png
Projectiles/Magic/MadAlchemistsCocktailRed.png
Projectiles/Magic/PerditoSigil.png
Projectiles/Magic/PhantasmalFuryProj.png
Projectiles/Magic/Phantom.png
Skies/XerocEye.png
Projectiles/Magic/PlagueFang.png
Projectiles/Magic/PoseidonTyphoon.png
Projectiles/Magic/PrimordialAncientProjectile.png
Projectiles/Magic/PrinceFlameLarge.png
Projectiles/Magic/PrinceFlameSmall.png
Projectiles/Magic/RainbowComet.png
Skies/XerocLight.png
Tiles/AerialiteBarTile.png
Tiles/AerialiteBrick.png
Tiles/AstralBar.png
Tiles/AstralBrick.png
Particles/GlowBlade.png
Walls/SeaPrismWall_Blue.png
Particles/HighResHollowCircleHardEdge.png
Particles/ShineExplosion1.png
Projectiles/DraedonsArsenal/MassivePlasmaExplosion.png
Projectiles/DraedonsArsenal/MountedScannerSummon.png
Projectiles/DraedonsArsenal/NidhoggBottom.png
Projectiles/DraedonsArsenal/NidhoggTop.png
Projectiles/DraedonsArsenal/PhaseslayerBeam.png
Projectiles/DraedonsArsenal/AugerSlash.png
UI/DraedonLogs/DraedonsLogWallOfFlesh.png
Projectiles/DraedonsArsenal/PhaseslayerBlade.png
Projectiles/DraedonsArsenal/PhaseslayerBladeSmall.png
Projectiles/DraedonsArsenal/PlasmaGrenadeSmallExplosion.png
Projectiles/DraedonsArsenal/PoleWarperSummon.png
Projectiles/DraedonsArsenal/PulseDragonChain.png
Particles/GlowBladeNoBloom.png
Particles/GlowFlakeParticle.png
Particles/GlowOrbParticle.png
Walls/EutrophicGlassWall.png
Walls/EutrophicSandWall.png
Walls/EutrophicSandWallSafe.png
Walls/ExoPlatingWall.png
Walls/ExoPrismPanelWall.png
Particles/SoftRoundExplosion.png
Particles/Sparkle.png
Particles/Sparkle2.png
Particles/Square.png
Particles/SquareRotated.png
Walls/FloralWall.png
Particles/StatChangeArrow.png
Particles/StoneDebris.png
Particles/TechyHolosquare.png
Particles/ThickEndedLine.png
Particles/ThinEndedLine.png
Particles/ThinSparkle.png
Particles/ThunderBolt.png
Particles/TitaniumRailgunShell.png
Particles/TitaniumRailgunShellGlow.png
Projectiles/DraedonsArsenal/AugerSlashAlt.png
Walls/GiantHiveWall.png
Walls/HardenedAstralSandWall.png
Walls/HardenedSulphurousSandstoneWall.png
Walls/SeaPrismWall_Green.png
Walls/HavocplateWall.png
Particles/HighResHollowCircleHardEdgeAlt.png
Walls/LargeBasaltWall.png
Walls/LimestoneWall.png
Walls/NavyplateWall.png
Walls/NavyslateWall.png
Walls/NavystoneWall.png
Particles/ShineExplosion2.png
Particles/SlashSmear.png
Particles/SmallBloom.png
Particles/SmallBloomRing.png
Particles/SmallBloomRingLayered.png
Walls/SeaPrismWall_Purple.png
Walls/ShellstoneSlabWall.png
Walls/ShellstoneWall.png
Walls/ShellTrimBrickWall.png
Walls/SilvaWall.png
Walls/SmoothAbyssGravelWall.png
Walls/SmoothBrimstoneSlagWall.png
Walls/SmoothNavystoneWall.png
Walls/SmoothVoidstoneWall.png
Walls/StatigelWall.png
